Name,Type,Description,YT Link,Calories,Ingredients,Directions,Notes,Recipe Link,Source Name (AICR or ACS)
Avocado Deviled Eggs,Appetizer,"This delicious twist on deviled eggs is so creamy and satisfying, you’d never know it was a healthier version of traditional deviled eggs.
This appetizer is packed with protein and B-vitamins from the eggs, as well as heart-healthy fat and fiber from the avocados.
The addition of traditional guacamole ingredients—such as lime, cilantro and tomato—added to the filling bring an extra punch of flavor.
Serving the guacamole-esq filling in egg halves helps provide a portion-controlled appetizer for the perfect bite before the main course.",https://www.youtube.com/watch?v=FNh32mnsarY&start_radio=1,130,"12 eggs
2 medium avocados, chopped
1 medium tomato, chopped
2 Tbsp. red onion, finely chopped
1 clove garlic, minced
1 Tbsp. cilantro, finely chopped
1 Tbsp. fresh lime juice
1/4 tsp salt
Sprinkle of paprika
1/2 jalapeño pepper, minced (optional)","Hard boil eggs by placing eggs in an even layer in large pot covered by 2 inches of cold water.
Heat pan on high and bring to rolling boil.
Immediately turn off heat, cover pot with lid and let eggs sit on hot burner for 10 minutes.
Transfer eggs to bowl of ice water to cool; peel eggs.
Slice eggs lengthwise and scoop out yolks; place yolks in large mixing bowl.
Add avocados to yolks and mash with fork until completely mixed.
Add remaining ingredients, except paprika.
Stir to combine.
Carefully scoop about 1 Tbsp. of mixture into each egg white half.
Sprinkle with paprika to garnish.
Top with jalapeño, if using.","Eggs take longer to cook at higher elevations, so keep that in mind depending on where you live.
Fresh eggs are also more difficult to peel; to make it easy (and end up with a smooth, perfectly peeled egg), buy your eggs 1-2 weeks before you plan to make this recipe, if possible.",https://www.aicr.org/cancer-prevention/recipes/avocado-deviled-eggs/,AICR
Spinach and Goat Cheese Stuffed Portobellos,Appetizer,"These Tuscan-style stuffed portobello mushrooms are bursting with flavor from the filling made with spinach, sun dried tomatoes, goat cheese and basil.
Spinach, garlic and tomatoes—key ingredients in this recipe—are on AICR’s list of Foods that Fight Cancer due to their high concentration of minerals, vitamins and phytochemicals known to possess anti-cancer properties.
Even though this dish is entirely vegetarian, the hearty portobello caps make it a delicious and satisfying meal for even the pickiest of meat eaters.",https://www.youtube.com/watch?v=rTcyyUyL1iw&start_radio=1,240,"4 large portobello mushroom caps
2 Tbsp. olive oil, divided
3 small shallots, chopped
3 cloves garlic, chopped
6 oil-packed sun-dried tomatoes, drained and chopped
5 cups raw baby spinach
1/4 tsp. black pepper
1 cup cherry tomatoes, quartered
1/4 cup grated Parmesan cheese, divided
4 oz. goat cheese sliced
1 Tbsp. balsamic vinegar, divided
8 basil leaves, thinly sliced","Preheat oven to 400°F.
Using damp paper towel or cloth, gently wipe any dirt from portobello caps. Use small knife to slice off each stem at base of caps and discard.
Coat mushroom caps on each side using 1 Tbsp. olive oil. Place mushrooms gill-side up on a baking sheet and roast until they start to soften, about 10 minutes. While mushrooms are roasting, make the filling.
Heat large skillet over medium heat and add 1 Tbsp. olive oil until it begins to shimmer. Add shallots and garlic and sauté 1-2 minutes, until translucent.
Add sun-dried tomatoes and stir.
Add spinach and stir gently until spinach begins to wilt, about 1 minute. Add pepper.
Add cherry tomatoes and sauté for another minute. Remove pan from heat and set aside.
Remove mushrooms from oven and divide spinach mixture evenly among each portobello cap.
Top each cap with 1 Tbsp. Parmesan cheese and 1 oz. goat cheese. Broil mushroom caps an additional 1-2 minutes until cheese starts to melt.
Serve each cap topped with a drizzle of balsamic vinegar and basil.","This dish can easily be made vegan by omitting the parmesan and goat cheese.
You can also add a sprinkle of pine nuts or walnuts for added protein and crunch at the end.
Additionally, this recipe can be made to serve 4 if eaten burger-style on crusty whole-wheat bread or burger buns.",https://www.aicr.org/cancer-prevention/recipes/spinach-and-goat-cheese-stuffed-portobellos/,AICR
Roasted Asparagus with Garlic,Appetizer,"Asparagus is a vegetable that is packed with nutrients including fiber, folate and vitamin A.
In this recipe, garlic gives the dish a unique flavor and added health benefits, as garlic contains allium compounds, which have been linked with anti-cancer activity.
This dish is easy to make and can be added as a side to any meal!",,50,"1 lb. fresh asparagus (medium width)*
2 tsp. olive oil
2 cloves garlic, minced
Salt, to taste
Freshly ground black pepper, to taste
Lemon wedges, as garnish","Preheat oven to 500 degrees.
Rinse asparagus and break off tough ends.
In shallow roasting pan, place asparagus and coat with oil.
Sprinkle with garlic and salt and pepper, to taste.
Roast uncovered for 6-10 minutes (depending on width of spears).
Shake pan occasionally to mix.
Serve with lemon wedges.","*Fresh or frozen asparagus may be used.
If using frozen asparagus do not defrost and skip step 2 in directions.
This recipe is reprinted from The New American Plate Cookbook, which features 200 mouth-watering recipes and color photos.
It is available from bookstores and online booksellers.
Proceeds from sales fund cancer research.",https://www.aicr.org/cancer-prevention/recipes/roasted-asparagus-with-garlic/,AICR
Pomegranate Salsa,Appetizer,"Place a bowl of this attractive dish on any festive table and serve up some delicious cancer-fighting phytochemicals.
This quick and easy recipe has many satisfying combinations – savory, sweet, crunchy, juicy, bright and colorful.
Once prepared it can be served as an appetizer with baked whole-grain pita chips or used to top salad, salmon, chicken or plain yogurt.",,20,"1 cup pomegranate arils
1/2 nectarine, peach or Fuji apple, finely chopped
1 Tbsp. red onion
2 tsp. jalapeño, optional
2 tsp. pomegranate juice
1/4 cup chopped cilantro
salt and freshly ground black pepper, to taste","In bowl, use fork to combine pomegranate arils, nectarine, onion, jalapeño (if using), pomegranate juice, cilantro and salt and pepper to taste.
Let salsa sit for 10 minutes so flavors can meld.","Salsa keeps for 2 days, tightly covered in the refrigerator.
Serve as accompaniment with chicken, turkey, pork chops or grilled shrimp.
Sprinkle over green salad, combine with cooked quinoa or add a spoonful to garnish a bowl of butternut squash soup.",https://www.aicr.org/cancer-prevention/recipes/pomegranate-salsa/,AICR
Garlic Greens and Mushrooms,Appetizer,"Not only is it versatile and delicious, garlic may also play a role in cancer prevention.
The vegetable is rich in allium compounds, which have been linked with anti-cancer activity.
Try this recipe for a quick and easy side dish that is bursting with garlic flavor.",,45,"1 tsp. olive oil
1-2 cloves garlic
Sprinkle of crushed red pepper (optional)
1 cup mushrooms, sliced
1/2 bunch Swiss chard, chopped
2 cups baby spinach
Salt and freshly ground black pepper, to taste","In a large non-stick skillet, heat olive oil over medium heat.
Add garlic and crushed red pepper (if using) to pan and sauté for 2 minutes.
Add mushrooms and chard and cook, stirring frequently, for an additional 5 minutes.
Add spinach and cook until just wilted, about 1 minute longer.
Season with salt and pepper and serve.",,https://www.aicr.org/cancer-prevention/recipes/garlicky-greens-and-mushrooms/,AICR
Four Way Hummus,Appetizer,"Let a basic four ingredient chickpea hummus guide you down the path to other easy hummus recipes.
Just start with this Classic Hummus, then add a few extra ingredients to create a Smoky Pumpkin Hummus, Avocado Cilantro Hummus, and Olive Sun-Dried Tomato Hummus.
The cancer-fighting benefits of pulses only add to the delicious advantages of this Four Way Hummus recipe.
Hummus has gone from eclectic Middle Eastern fare to classic American comfort food.
We just can’t go a day without this creamy, flavorful dip, it seems.
And it’s a good thing, as this chickpea-based spread is as healthful as it is delicious.",https://www.youtube.com/watch?v=mbZxlKuc5iU&start_radio=1,468,"Classic Hummus – Starter Recipe
Ingredients
1 15-ounce can Chickpeas (garbanzo beans), with liquid
2 Garlic cloves
2 Tbsp. Lemon juice
2 Tbsp. tahini (sesame seed paste)
1/4 tsp. Ground black pepper
1 Tbsp. Extra virgin olive oil
1 Pinch Salt (optional)
Smoky Pumpkin Hummus
Ingredients
3/4 cup Pumpkin, canned or cooked, pureed
1 tsp Cumin seeds
1/2 tsp Smoked paprika
1 tbsp Pumpkin seeds
Avocado Cilantro Hummus
Ingredients
1 Lemon, zested
1 small Jalapeno pepper, quartered
1 tbsp Fresh cilantro
1 small Avocado
Olive Sun-Dried Tomato Hummus
Ingredients
1/3 cup Kalamata olives, pitted, drained
1/3 cup Sun-dried tomatoes, sliced
1 tsp Dried basil","Classic Hummus – Starter Recipe
Directions
Drain the chickpeas, reserving the liquid.
Put the beans into a blender or food processor.
Add the garlic, lemon juice, tahini, black pepper, and olive oil, as well as about half of the reserved bean liquid.
Puree the bean mixture, adding additional bean liquid as necessary to produce a smooth, very thick, creamy dip.
Season with salt, if desired.
Pour the bean dip into a serving dish.
Optional: garnish with additional chickpeas, a drizzle of olive oil and sprinkle of black pepper.
Smoky Pumpkin Hummus
Directions
Prepare classic hummus according to directions 1-2 in the recipe.
Add the pumpkin, cumin seeds, smoked paprika and enough bean liquid to make a smooth, very thick, creamy dip.
Pour the bean dip into a serving dish.
Garnish with a drizzle of olive oil and sprinkle of smoked paprika, and pumpkin seeds.
Avocado Cilantro Hummus
Directions
Prepare classic hummus according to directions 1-2 in the recipe.
Add the lemon zest, jalapeno, and cilantro to the blender or processor.
Slice the avocado in half, remove the pit, and scoop out the flesh into the blender or processor.
Puree the mixture, adding enough reserved bean liquid as necessary to produce a smooth, very thick, creamy dip.
Pour the bean dip into a serving dish.
Optional: garnish with a drizzle of olive oil, additional fresh cilantro, and paprika.
Olive Sun-Dried Tomato Hummus
Directions
Prepare classic hummus according to directions 1-2 in the recipe.
Add the kalamata olives, sun-dried tomatoes, and basil to the blender or food processor.
Puree the mixture, adding reserved bean liquid as necessary to produce a smooth, very thick, creamy dip.
Pour the dip into a serving dish.
Optional: garnish with additional olive oil, kalamata olives, sun-dried tomatoes, and black pepper.","To serve hummus as an appetizer, place a small serving dish of garnished hummus in the center of a platter.
Arrange triangles of whole wheat pita bread and pieces of fresh raw vegetables, such as carrots, celery, bell peppers, mushrooms, asparagus, broccoli, and snow peas, on the platter.",https://www.aicr.org/cancer-prevention/recipes/four-way-hummus/,AICR
Papaya Salsa with Jicama Chips,Appetizer,"With just a little chopping and whisking you can whip up a colorful, fresh and fruity version of ever-popular salsa.
Pair with sweet and crunchy jicama for a refreshing appetizer that also packs a cancer protective punch with nutrients like vitamin C, carotenoids and fiber.",,40,"2 cups diced papaya
2/3 cup chopped plum tomato, seeded
1/2 cup chopped English cucumber
1/4 cup finely chopped red onion
1 serrano or jalapeno pepper, seeded and finely chopped
2 Tbsp. fresh lime juice
1/4 tsp. ground cumin
1/2 tsp. sea salt, or table salt
Freshly ground black pepper
1 medium jicama
1/3 cup chopped cilantro","In mixing bowl, combine papaya, tomatoes, cucumber, onion and chile pepper to make the salsa. Toss gently with fork.
In small bowl, whisk lime juice and cumin with sea salt and 3-4 grinds pepper until salt dissolves. Pour over salsa and toss to combine. Set aside.
Meanwhile, use paring knife to peel brown skin from jicama and cut away fibrous layer beneath it.
Stack oval slices, including uneven ones, and halve vertically.
Cut slices into 2- to 3-inch pieces. You can store sliced jicama in a bowl of water in the refrigerator for up to 8 hours if not serving immediately. Drain and pat dry before using.
Just before serving, mix cilantro into salsa. Spoon salsa into serving bowl in center of serving plate. Arrange sliced jicama around it to use as dippers.",,https://www.aicr.org/cancer-prevention/recipes/papaya-salsa-with-jicama-chips/,AICR
Radish and Cucumber Raita,Appetizer,"Keep it light and fresh this week with a cooling raita.
This simple condiment is made with just 4 main ingredients — radishes, cucumber, yogurt and spices.
Radishes are cruciferous vegetables rich in vitamin C and anthocyanins while cucumbers contain vitamin K.
Use it on hot kebabs, herbed flatbread or as an easy side dip.",,30,"2 large radishes, quartered and thinly sliced, (about ½ cup)
1 small Persian cucumber, quartered lengthwise, thinly sliced, (about ½ cup)
1 cup plain whole milk yogurt
1/2 tsp. ground cumin
1/4 tsp. freshly ground black pepper
1/4 tsp. salt","In mixing bowl, combine all ingredients.
Set raita aside 10 minutes to let flavors develop.
Raita will become a bit thinner.","If Persian cucumber is not available use a 5-inch cucumber, halved lengthwise, seeds scooped out and discarded and cucumber finely chopped.",https://www.aicr.org/cancer-prevention/recipes/radish-and-cucumber-raita/,AICR
Smashed Chickpea and Avocado Lettuce Wraps,Appetizer,"Ready in just 10 minutes, these vegetarian wraps are packed with fiber-rich chickpeas, fresh Boston lettuce and creamy avocado.
Opting for meatless meals a few times a week is one way to eat more plant foods and cut down on processed meat — both excellent ways to lower your risk for cancer.
These wraps are so versatile that once you get the hang of them, you can try them with chopped peppers, jalapenos or any fresh ingredients you have on hand.",,220,"1 can (15.5 oz.) garbanzo beans, drained and rinsed
1 ripe medium avocado
1 Tbsp. fresh lemon juice
2 Tbsp. fresh cilantro, finely chopped
2 Tbsp. red onion, finely chopped
1 celery stalk, finely chopped
1 tsp. cumin
Salt and pepper, to taste
4 Boston lettuce leaves
1 medium tomato, sliced
2 Tbsp. feta cheese","Add garbanzo beans to a medium-sized mixing bowl.
Mash to a smoother consistency (more or less depending on preference).
Add avocado and lemon juice and continue mashing until well mixed.
Stir in cilantro, red onion, celery, cumin, salt and pepper.
Top lettuce cups with sliced tomatoes (and any other toppings, e.g. cucumbers, bell pepper, jalapenos or sprouts).
Divide chickpea mixture into 4-5 portions and spoon onto lettuce cups*. Top with a sprinkle of feta cheese.","For a heartier version, serve on whole wheat bread instead of lettuce cups.",https://www.aicr.org/cancer-prevention/recipes/smashed-chickpea-and-avocado-lettuce-wraps/,AICR
Almond Crusted Baked Chicken Tenders,Appetizer,"Try a healthier version of deep-fried chicken fingers at your next party.
These lightened-up, baked almond-crusted chicken tenders are flavorful, crunchy and a definite crowd pleaser.
Nuts like almonds contain heart-healthy unsaturated fats, fiber, and vitamin E, and are known for their antioxidant properties.
Pair with veggies and Greek yogurt-based dips for a healthy, delicious super snack spread.",,320,"Chicken Tenders:
1 1/4 cup almonds
1 tsp. garlic powder
1 tsp. smoked paprika
1 tsp. dried mustard
1 tsp. dried oregano
1 tsp. dried thyme
1 tsp. salt
1/2 tsp. black pepper
2 eggs beaten
2 lbs. thin-sliced chicken breast halves (cut in half) or chicken tenders
Greek Yogurt Ranch Dip:
1 cup nonfat Greek yogurt
1/3 cup cup buttermilk
1 Tbsp. dried parsley
2 tsp. garlic powder
2 tsp. onion powder
1/8 tsp. cayenne pepper
1/8 tsp. ground black pepper
1/2 tsp. salt
2 eggs, beaten
1 tsp. Dijon mustard
1 tsp. lemon juice
1 Tbsp. fresh chives, finely chopped
Fresh chives for garnish
Greek Yogurt Honey Mustard:
1/2 cup nonfat Greek yogurt
1 Tbsp. honey
1 Tbsp. yellow mustard
2 Tbsp. Dijon mustard
1/8 tsp. salt","Preheat oven to 375 degrees.
In food processor, pulse almonds until finely ground into an almond meal.
Mix the almond meal together with garlic, paprika, dried mustard, oregano, thyme, salt and pepper.
Dredge each piece of chicken in egg and coat with almond spice mixture.
Place pieces on lightly greased cookie sheet.
Bake for 20-25 minutes, until golden.
For the Greek yogurt ranch dip, stir together all ingredients in a medium bowl, except for chives. Garnish with fresh chives and serve chilled.
For the honey mustard, mix all ingredients together and serve chilled.",,https://www.aicr.org/cancer-prevention/recipes/almond-crusted-baked-chicken-tenders/,AICR
Sautéed Chard with Feta and Egg Breakfast Toast,Appetizer,"This toast variation is the perfect way to sneak vegetables into your breakfast.
Dark leafy greens, including Swiss chard, are one of AICR’s Foods that Fight Cancer due their content of carotenoids.
In lab studies, carotenoids found in dark green leafy vegetables can inhibit the growth of certain types of cancer cells, including skin, lung and stomach cancers.",,220,"1 slice whole grain bread
2 large chard leaves, chopped*
1 tsp. olive oil
1 tsp. feta
1 hard boiled egg, thinly sliced","Toast bread.
Sauté chard in olive oil until soft and reduced by about ¾ in size.**
Spread it atop your toast, sprinkle with feta, and top with hard-boiled egg.","*May substitute chard with spinach or kale.
**Option to add a squeeze of lemon, chopped garlic, or crushed red pepper flakes while sauteing chard.",https://www.aicr.org/cancer-prevention/recipes/sauteed-chard-with-feta-and-egg/,AICR
Rosemary Garlic Flatbread,Appetizer,"This roasted garlic and rosemary flatbread is savory, fluffy, and nutritious – and naturally gluten-free, with only a few ingredients.
The recipe uses a couple of less common types of flour – including sorghum and chickpea, which boost the health-benefits and flavor of the dish.
It’s also made almost entirely of cancer-protective foods: legumes (chickpea flour), whole grains (sorghum flour), flaxseed, and garlic.",,180,"2 cups chickpea flour
3/4 cup sorghum flour
1/4 cup golden flaxseed
1/4 cup lemon juice
1 small head of garlic
2 cups water
1 tsp. salt
1/2 tsp. grated lemon zest
4-5 sprigs of fresh rosemary, chopped (or 1 Tbsp dried)
1 Tbsp. olive oil, divided","Preheat oven to 450 degrees F.
Slice off the top of the garlic head to expose the garlic cloves, wrap in foil and roast in the oven for about 30 minutes.
In a large bowl, mix flours, flaxseed, salt, zest, salt, and rosemary.
Add lemon juice and water and whisk to combine. The batter should be thick but not stiff; do not overmix (a few small lumps are fine).
If possible, let the mix sit for at least 30 minutes (the longer the better).
Remove garlic from oven when cloves are fork-soft and squeeze out the cloves. Roughly chop them (large pieces are fine) and stir them into the batter.
10 minutes before you are ready to cook the flatbread, drizzle 1 Tbsp olive oil in your 12-inch skillet and set it in the oven to heat up.
Add about 1/2 - 1/3 of the batter to the pan (depending on how thick you want your flatbread) and tilt to coat evenly.
Place the pan in the oven to cook the flatbread for 10-15 minutes, or until you can easily lift it from the pan with a spatula and the bottom is getting golden brown.
Turn the oven to broil and broil for 2-3 minutes, or just until the top starts to brown.
Remove from oven, slide onto a cutting board, and slice into wedges.
Repeat with the 2nd batch of the batter.",,https://www.aicr.org/cancer-prevention/recipes/rosemary-garlic-flatbread/,AICR
Moroccan Kebabs with Vegetables and Turkey,Appetizer,"This flavorful, versatile kebab recipe encompasses all the safer grilling techniques, including marinating and using small pieces of meat to keep grill time short.
Marinated, lean turkey paired with colorful bell peppers, onions and tomatoes create a delicious rainbow ready for every table.",,290,"8 wooden or metal kebab skewers
4 large cloves of garlic
3 Tbsp. olive oil
2 Tbsp. fresh lemon juice
1 tsp. ground coriander
1 tsp. cumin
1/8 tsp. cayenne pepper, or to taste
1/8 tsp. cinnamon
Salt and freshly ground black pepper, to taste
1 lb. boneless, skinless turkey breast (or chicken breast)
1 medium green bell pepper
1 medium orange bell pepper
1 medium yellow bell pepper
16 cherry tomatoes
1 small onion
1/3 cup plain Greek yogurt","Soak wooden kebab skewers in water.
Line 2 large rimmed baking pans with foil (1 pan if grilling).
Mince garlic.
In a medium mixing bowl, combine garlic, olive oil, lemon juice, coriander, cumin, cayenne pepper, cinnamon and salt and pepper to taste.
Remove 2 tablespoons marinade and set aside in large bowl.
Cut turkey breast into 16 equal size chunks. Add turkey to medium bowl with remaining marinade and toss well. Set turkey aside to marinate.
Cut and seed each bell pepper; cut into 8 pieces and add to large bowl with reserved marinade. Add cherry tomatoes and toss to coat with marinade.
Cut onion in half lengthwise and then each half into quarters, making 8 wedges.
To assemble kebabs on skewers slide on tomato, green pepper, turkey, half an onion wedge, red pepper, other half onion wedge, turkey, yellow pepper and tomato or in preferred order. Lay kebabs on baking pan(s).
If broiling, position oven cooking rack 6 inches from broiler and turn on high. If grilling, prepare grill.
Broil or grill kebabs for 6 minutes. Turn kebabs and cook 6-8 minutes or until internal temperature of turkey is 165 degrees F.
Serve with yogurt.",,https://www.aicr.org/cancer-prevention/recipes/moroccan-kebabs-with-vegetables-and-turkey/,AICR
Roasted Ratatouille Vegetable Dip,Appetizer,"Add a confetti of color and flavor pizzazz to your plate with this simple recipe.
This dip is packed with vegetables and can be used to intensify the flavor of sandwiches or wraps, and is a great compliment to your fresh vegetable crudité platter.
Pair this recipe with whole grain dippers like whole grain flatbread or whole wheat tortilla chips, which can help boost your fiber intake for cancer protective benefits.",,40,"1 pound eggplant, peeled and cut into 1-inch pieces
12 ounces yellow summer squash, cut into 1-inch pieces
2 red bell peppers, stemmed, seeded and cut into 1-inch pieces
12 ounces cherry tomatoes
1 medium onion, peeled, cut into 1-inch pieces
3 garlic cloves, coarsely chopped
1/4 cup extra-virgin olive oil
1/2 tsp. salt
freshly ground pepper, to taste
1/4 cup minced fresh basil
2 tsp. lemon juice
1/2 tsp. salt
Freshly ground pepper, to taste
1/8 tsp. cayenne pepper (optional, to taste)","Adjust oven rack to middle position and heat oven to 450 degrees F.
Toss eggplant, squash, bell peppers, tomatoes, onion, garlic, oil, salt and pepper together on heavy rimmed baking sheet and spread into an even layer.
Roast until vegetables are slightly softened and roasted, about 30 minutes, stirring halfway through roasting.
Remove baking sheet from oven and let rest until cool enough to handle.
Transfer vegetables and pan juices into food processor.
Add minced basil, lemon juice and cayenne pepper (if using).
Blend until smooth.
Serve with whole-grain tortilla chips, pretzels or as a non-dairy topping for whole-wheat bagels or sandwiches.",,https://www.aicr.org/cancer-prevention/recipes/roasted-ratatouille-vegetable-dip/,AICR
Pineapple Pico de Gallo,Appetizer,"Sweet, succulent pineapples are perfect for making this refreshing Mexican side dish.
Similar to a salsa, pico de gallo pairs great with grilled fish, chicken, lean steaks, vegetables and whole-grain corn chips.
Pineapples are high in vitamin C and bromelain, a compound that some studies have found may protect against inflammation and colorectal cancer.",,30,"2/3 cup diced Roma tomato, seeded
1/2 cup diced fresh pineapple
1/4 cup diced red onion
4 medium scallions, finely chopped, including some green stem (about 1/4 cup)
1 medium jalapeño, finely chopped
Juice of 1 fresh medium lime (about 2-3 Tbsp.)
1/2 cup finely chopped fresh cilantro
1 tsp. extra virgin olive oil
1 tsp. apple cider vinegar
Salt to taste","In a medium bowl, gently combine chopped ingredients, olive oil and vinegar.
Chill one to two hours to let flavors mingle.
Toss lightly before serving.
Serve with fish, chicken, pork or baked whole-grain tortilla chips.
Store covered in refrigerator up to 3 days.","Canned pineapple in natural juice may be used if fresh pineapple is not available.
Reserve juice for another use.",https://www.aicr.org/cancer-prevention/recipes/pineapple-pico-de-gallo/,AICR
Peach and Basil Salad with Fresh Mozzarella,Appetizer,"Our delicious salad marries summer’s juicy, sweet peaches and aromatic basil with slightly briny, velvety fresh mozzarella.
This quick to fix, simple salad has an enticing bouquet – peaches are related to roses after all – and lots of vitamin C, beta-carotene, calcium and fiber.
It would be peachy-keen to serve as a light main dish or side salad at your next summer soirée.",,240,"1 lb. peaches, sliced into wedges, then cut crosswise (frozen may be used)
8 oz. part skimmed, fresh mozzarella cheese, cut into 3/4-inch cubes
1 cup loosely packed fresh basil, torn into medium pieces
2 tsp. extra virgin olive oil
2 tsp. rice vinegar
Pinch salt
Freshly ground black pepper, optional","In large mixing bowl combine peaches, mozzarella and basil.
Drizzle on oil and vinegar, add salt and pepper, if using, and toss gently until evenly coated.
Serve immediately or refrigerate up to 4 hours.",,https://www.aicr.org/cancer-prevention/recipes/peach-and-basil-salad-with-fresh-mozzarella/,AICR
Millet with Mushrooms and Pumpkin Seeds,Appetizer,"Millet is a soft-textured whole grain that’s perfect for casseroles and one-pots.
And now, research shows that whole grains can help lower your risk for colorectal cancer.
Cooking the grain and vegetables at the same time will give you a healthy dinner or side in only 30 minutes.",,160,"1 cup millet
2 Tbsp. extra-virgin olive oil
8 oz. mushrooms, cleaned and sliced
1/2 cup onion, diced
1/2 cup celery, diced
1 Tbsp. reduced-sodium soy sauce
1 tsp. Worcestershire sauce
Salt and freshly ground black pepper, to taste
1/4 cup toasted pumpkin seeds*
2 Tbsp. finely minced parsley
Fat-free, reduced sodium vegetable broth*
Makes 8 servings (1/2 cup). Per serving: 160 calories, 8 g total fat (1 g saturated fat, 0 g trans fat), 0 mg cholesterol, 21 g carbohydrates, 5 g protein, 3 g dietary fiber, 105 mg sodium, 2 g sugar, 0 g added sugar.","Cook the millet according to package instructions, *using broth instead of water for more flavor.
A few minutes before millet is done, heat olive oil over medium-high heat in a large nonstick skillet.
Add mushrooms, onion, celery, soy sauce and Worcestershire sauce and cook for about 7 minutes, stirring constantly, until mushrooms have released their liquid.
Add cooked millet to vegetables in skillet. Season to taste with salt and pepper. If the millet seems too dry or too thick, use a little extra broth to thin the mixture.
Sprinkle with pumpkin seeds and parsley and serve immediately.","To toast pumpkin seeds, put them in small skillet over medium-high heat and stir constantly for 2 to 3 minutes until lightly browned. Immediately transfer to small dish and cool.

This recipe is reprinted from The New American Plate Cookbook, which features 200 mouth-watering recipes and color photos. It is available from bookstores and online booksellers. Proceeds from sales fund cancer research.",https://www.aicr.org/cancer-prevention/recipes/millet-with-mushrooms-and-pumpkin-seeds/,AICR
Vegetable Stone Soup,Appetizer,"This modern twist on the classic one-pot features fresh, late-summer vegetables, lentils, barley, and herbs.
Vegetables are packed with a variety of nutrients and phytochemicals well studied for their role in lowering cancer risk.
AICR recommends basing meals around plant foods and aiming to fill at least two-thirds of your plate with vegetables, fruits, whole grains and beans.",,160,"6 cups water
1 (14.5-oz) can diced tomatoes, with liquid, reduced sodium
2 cubes vegetable bouillon, reduced sodium
1/2 cup green lentils, uncooked
1/2 cup barley, uncooked
1 medium onion (red, yellow, or white)
3 cloves garlic, minced
2 celery stalks, diced
2 medium carrots, sliced (purple, yellow, or orange)
2 small summer squash (i.e., zucchini, scalloped, yellow crookneck), sliced
4 small, thin-skinned potatoes, diced (i.e., Yukon gold or red potatoes)
1 cup mushrooms, sliced
1 tsp. black pepper
1/2 tsp. paprika
1 tsp. dried thyme
1 tsp. dried oregano
1/2 tsp. dried mustard
6 slices whole grain bread
1 Tbsp. lemon juice
1/2 cup chopped fresh herbs (i.e., sage, parsley, basil, oregano, chives, marjoram)
Sea salt (optional)","In large pot, add water, tomatoes, and vegetable bouillon and stir together.
Add lentils, barley, onion, garlic, celery, carrots, squash, potatoes, mushrooms, black pepper, paprika, thyme, oregano, and mustard. Stir well and cover with a tight fitting lid. Bring to a boil and reduce heat to medium and cook for about 1 hour, until barley and lentils are tender, stirring occasionally. Replace any water lost to evaporation (should make a thick, hearty texture).
Toast whole grain bread in the oven or toaster until brown and very crisp. Slice into small cubes.
Add lemon juice and fresh herbs to the soup, and season with a small amount of salt (if desired).
Ladle hot soup into soup bowls and garnish with whole grain croutons (1/2 slice of toast per serving). Refrigerate leftover soup and reheat as desired (add croutons just before serving to maintain crisp texture).","To make this recipe in a slow cooker, add all ingredients in steps 1-2 to the slow cooker, stir well, cover, and set to high for 4 hours. When done, follow step 3 as directed, add ingredients in step 4 to slow cooker, and serve soup as directed in step 5.

This recipe is by Sharon Palmer, RDN, The PlantPowered Dietitian. She is a Los Angeles-based, award-winning food and nutrition writer, plant-based food expert, and author of Plant-Powered for Life and The Plant-Powered Blog.",https://www.aicr.org/cancer-prevention/recipes/vegetable-stone-soup/,AICR
Vegetable and Lamb Kabobs,Beef/Pork/Lamb,"Our Vegetable Lamb Kabobs are brimming with colorful peppers, tomatoes, squash, and a three-ounce portion of lean lamb chunks.
These kabobs align with AICR’s recommendations to eat a variety of vegetables and limit red meat.
An easy-to-make, versatile marinade of olive oil, lemon juice, herbs and garlic infuses the kabobs with zing and cancer-fighting phytochemicals.
Fire up the grill to enjoy the appetizing whiffs of these mouthwatering, charbroiled beauties.",,420,"4 wooden or metal skewers
1/3 cup finely chopped fresh parsley
2 large cloves garlic, minced
1 Tbsp. minced fresh marjoram or 1 tsp. dried marjoram
1 Tbsp. minced fresh thyme or 1 tsp. dried thyme
1/2 cup extra-virgin olive oil
1/4 cup fresh lemon juice (about 2-3 medium lemons)
1/2 tsp. salt
1/4 tsp. freshly ground black pepper
1 lb. leg of lamb, fat trimmed and cut in 1-inch chunks
1 medium red onion cut into quarters, separated into 8 (2-3-layer) chunks
1 large green bell pepper cut into 8 pieces
1 medium yellow squash cut into 12 slices
8 cherry tomatoes or 1 large tomato cut into 8 wedges
Canola oil cooking spray","If using wooden skewers, soak these in water for 10-30 minutes.
In mixing bowl, combine parsley, garlic, marjoram, thyme, oil, lemon juice, salt and pepper.
Remove ¼ cup marinade, put in small bowl, cover and refrigerate. Use for brushing kabobs while cooking later.
To mixing bowl, add lamb and combine with remaining marinade. Cover bowl and refrigerate lamb for a minimum of 30 minutes.
On each skewer, arrange 2 chunks onion, 2 pieces bell pepper, 3 pieces squash, 2 tomatoes, and 4 pieces lamb in desired pattern.
For pretty pattern use this order on skewer: squash, pepper, lamb, onion, tomato, lamb, squash, lamb, tomato, onion, lamb, pepper, squash.
Discard used lamb marinade. Brush kabobs liberally with reserved marinade.
If grilling, prepare grill and preheat on medium high. If cooking in oven, set top rack to second rung (at least six inches from broiler) and turn on broiler.
Prepare broiler pan with cooking spray.
Cook kabobs uncovered 6-8 minutes on each side. Before turning, brush kabobs with reserved marinade.
Use meat thermometer to test for desired doneness: medium-rare is 145 degrees F, medium is 160 degrees F and well done is 170 degrees F.
Serve kabobs with Radish and Cucumber Raita or plain Greek yogurt mixed with fresh herbs such as mint or dill.",If fresh herbs are not available you can substitute 1 Tbsp. minced fresh marjoram for 1 tsp. dried marjoram and 1 Tbsp. minced fresh thyme for 1 tsp. dried thyme.,https://www.aicr.org/cancer-prevention/recipes/vegetable-and-lamb-kabobs/,AICR
Strawberry Aguas Frescas,Beverage,"The light, fresh tradition of aguas frescas—literally “fresh waters”—originates from Central America.
You might have seen large containers of fruit-filled waters at authentic Mexican restaurants as your first exposure to aguas frescas.
The concept of icy water, filled with a touch of lime juice and chopped fresh fruit is a welcome, delicious way to hydrate, without the need for added sugars.
Mix up a batch of strawberry aguas frescas in the blender, and keep it chilled in the refrigerator to enjoy as a healthful beverage all week long.
It’s also delicious and pretty served in pitchers or large jars filled with ice at picnics and outdoor parties.
If fresh strawberries aren’t in season, substitute frozen.
And try swapping the strawberries out for other seasonal fruit choices, including pineapple, mango, kiwifruit, papaya, blueberries or peaches",,60,"2 cups sliced fresh strawberries
2 cups water
2 limes, juiced
1 tsp. agave nectar (optional)
Ice cubes
Garnish (optional)
Additional strawberries
Fresh mint leaves","Place strawberries, water, lime juice and agave nectar (if using) in the container of a blender. Process a few seconds until smooth.
Fill 2 large glasses or a small pitcher with ice cubes. Pour aguas frescas into glasses or the entire batch into pitcher.
Garnish with fresh, whole strawberries and mint leaves, if desired.",,https://www.aicr.org/cancer-prevention/recipes/strawberry-aguas-frescas/,AICR
Lavender Chai Latte,Beverage,"Lavender is not only fragrant and pretty—it is edible.
Lavender can offer a floral, herbal taste and aroma to many recipes, such as this delicately spiced beverage.
Filled with chai tea, coffee, soymilk, dried lavender flowers and just a touch of agave, you can enjoy this relaxing beverage as a much healthier option over many coffee shop latte drinks, which are often laden with sugar and high-fat additions that are high in calories.",,40,"1 1/2 cups water
1-2 Tbsp. dried lavender flowers
1 chai tea bag
1 Tbsp. agave nectar
1 cup brewed strong coffee
1 cup unsweetened, plain soymilk","Pour water into small pot and bring to a boil.
Add lavender flowers and chai tea bag and set aside for about 15 minutes to steep.
Pour liquid through strainer, squeezing remaining liquid from lavender flowers and chai tea bag, and return liquid to pot. Discard lavender and tea bag.
Add agave nectar, coffee, and soymilk and reheat, stirring well, just until mixture is hot. Do not boil.
Pour into 4 coffee cups.","*Adjust the amount of lavender you use based on your taste preference.
**Pure maple syrup may be substituted for agave nectar.
***Reduced-fat dairy or milk alternative of choice may be substituted for soymilk.",https://www.aicr.org/cancer-prevention/recipes/lavender-chai-latte/,AICR
Celery Rosemary Tonic,Beverage,"Cool, herbal, vegetable-infused beverages are all the rage—and it’s a good thing.
Simple beverages filled with puréed vegetables are a great way to hydrate, along with fitting in important servings of veggies into your diet.
This healthful tonic includes celery, lemon juice and rosemary for a cool green drink with just a touch of spice, thanks to cayenne.
With just the barest touch of sweetener, it’s a healthful drink you can feel good about enjoying.
Plus, the ingredients provide you with fiber, antioxidant compounds, vitamins and minerals—so what’s. not to love?
Whip it up in a blender and pour over a glass of ice for breakfast, a special meal or at an outdoor party.",,20,"2 medium stalks of celery with leaves, chopped into quarters
1/2 tsp. fresh rosemary*
1 small lemon, juiced (about 2 tbsp)
1 tsp. agave nectar**
Pinch cayenne pepper***
Pinch salt***
1 cup water
Ice cubes","Place celery, rosemary, lemon juice, agave nectar, cayenne pepper, salt and water in container of a high-power blender.
Process for a few minutes, until mixture is finely liquified.
Fill two glasses with ice and pour celery mixture into each glass.","*Dried rosemary may be substituted for fresh.
**Pure Maple syrup may be substituted for agave nectar.
***A pinch is equivalent to about 1/8 tsp.",https://www.aicr.org/cancer-prevention/recipes/celery-rosemary-tonic/,AICR
Peach Of A Carrot Zucchini Smoothie,Beverage,"This healthy, fruit and veggie packed smoothie will remind you of carrot zucchini bread, with a hint of peach to sweeten it up the natural way.
Smoothies are a great way to include more healthful servings of veggies in your diet—with fruit acting as a natural sweetener.
Use up a bumper crop of zucchini or yellow summer squash in this smoothie, which will appeal to everyone in your family.",,240,"1 medium peach, unpeeled, halved and pitted*
1 small carrot, unpeeled and chopped into quarters
1/2 small zucchini or yellow summer squash, unpeeled and chopped into quarters
2 Tbsp. pumpkin seeds, unsalted
1/2 tsp. cinnamon
1/2 cup milk**
1/2 tsp. vanilla extract
5 ice cubes","Place peach, carrot and squash in the container of a blender.
Add pumpkin seeds, cinnamon, milk, vanilla extract and ice cubes to blender.
Cover and process a few seconds until smooth and creamy.
Pour into a glass and enjoy immediately, or chill until serving time.","*May use unsweetened canned or frozen peaches
**May substitute milk with nondairy alternative",https://www.aicr.org/cancer-prevention/recipes/peach-of-a-carrot-zucchini-smoothie/,AICR
Orange Cream Shake,Beverage,"Turn to the flavorful combination of oranges, bananas and yogurt to create a far healthier version of an Orange Creamsicle Shake.
With just five healthy ingredients, you can create a smooth, rich, fruit-packed smoothie that will be a hit among young and old alike.
Citrus fruits are packed with disease-protective antioxidant compounds, and bananas offer a pure sweet, creamy flavor to replace added sugars in this recipe.
Yogurt provides creaminess, plus a boost of protein.",,160,"1 large, ripe banana, peeled and quartered
1/2 cup orange juice (from 2 fresh medium oranges, or use prepared)
1 medium orange, zest and fruit
1/2 cup vanilla yogurt (dairy or plant based)
1 tsp. vanilla extract
5 ice cubes","Place bananas and orange juice in the container of a blender.
Use a fine grater or zester to create zest from 1 medium orange and add to blender. Peel orange, divide into sections and add to blender.
Add yogurt, vanilla extract and ice cubes to blender and process for a few seconds until creamy and smooth.
Pour into 2 large glasses and serve immediately.",Pour mixture into Popsicle molds and freeze for a healthy dessert.,https://www.aicr.org/cancer-prevention/recipes/orange-cream-shake/,AICR
Ginger Pink Lemonade,Beverage,"The spicy sweetness of ginger pairs beautifully in a tart lemonade,
softened with red berries that lend a pretty pink shade and sweet flavor.
With only a touch of agave nectar, the berries offer the bulk of the natural sweetness
to compliment lemons in this thirst-quenching beverage, which is as beautiful as it is delicious.
Serve it over ice in pitchers at parties, for a picnic on a sunny day or keep it in the fridge for a healthy hydration option during the week.",,50,"2 1/2 cups water
1 inch piece fresh ginger, peeled
2 Tbsp. agave nectar*
3/4 cup sliced raspberries or strawberries (fresh or frozen)
3/4 cup freshly squeezed lemon juice (6 medium lemons)","Place water, ginger, agave nectar, berries and lemon juice in the container of a blender.
Process for a few seconds until smooth.
Transfer to a pitcher and store in the refrigerator until ready to serve. Serve over ice.",*May substitute honey or maple syrup.,https://www.aicr.org/cancer-prevention/recipes/ginger-pink-lemonade/,AICR
Cinnamon Green Tea,Beverage,"Served hot or iced, this green tea contains cinnamon and ginger with a touch of mint for a refreshing taste.
Naturally sweetened with apple juice, this tea is a great alternative to sugar-filled teas.",,40,"1 small bunch mint, about 15 sprigs, preferably spearmint
4 3-inch cinnamon sticks
1-2 thin slices of fresh ginger
6 cups cold water
4 bags green tea, regular or decaffeinated
6 Tbsp. 100% apple juice concentrate, or to taste","Place mint, cinnamon sticks and ginger in large saucepan. Add water, cover pot and bring to a boil. Reduce heat and simmer 3 minutes. Remove from heat.
Add tea bags and steep 5 minutes.
Remove tea bags, mint, ginger and cinnamon sticks, reserving sticks. Sweeten hot tea to taste with apple juice. Pour into mugs, add cinnamon sticks for garnish and serve.",,https://www.aicr.org/cancer-prevention/recipes/cinnamon-green-tea/,AICR
Chai Hot Chocolate,Beverage,"This recipe combines cinnamon, ginger and cloves with rich cocoa for the perfect warm, spiced drink for a cold day.
Plus, lab studies have shown that compounds in tea and chocolate may have health protective effects, like reducing inflammation and lowering blood pressure.",,110,"4 cardamom pods, cracked
1 (4-inch) piece cinnamon stick
4 whole cloves
1/4 tsp. anise seed
2 - 4 (1/4-inch) slices fresh ginger, peeled*
2 cups water
2 black tea bags
2 Tbsp. unsweetened natural cocoa powder
2 - 4 Tbsp. tsp. vanilla extract
2 cups unsweetened almond or soymilk
3 Tbsp. agave syrup or honey, or to taste","Place cardamom, cinnamon, cloves, anise seed, and ginger in medium saucepan, add 2 cups water, and place over medium-high heat.
When water simmers, cover and simmer over medium-low heat for 3 minutes. Remove from heat. Add tea bags, cover and steep for 4 minutes.
Remove tea bags, cover, and steep brewed tea with spices for 20 minutes. Strain to remove spices, and return spiced tea to saucepan.
In small bowl, whisk cocoa with 1/4 cup of hot tea until dissolved, then add to tea.
Mix in vanilla and almond or soymilk. Heat chai over medium-high heat until steaming. Sweeten to taste then pour into mugs, or divide chai among 4 mugs and sweeten it to taste individually.","Ginger Root varies in thickness. If you have a fat piece, 2 slices may be enough.",https://www.aicr.org/cancer-prevention/recipes/chai-hot-chocolate/,AICR
Watermelon Granita,Beverage,"This easy dessert is a simple take on a summertime staple.
Watermelon packs vitamins C and A and lycopene, a potent antioxidant.
Whip up this treat for your next summer gathering or when you’re in the mood for something delicious and refreshing.",,70,"2 limes
2 tsp. sugar, divided
1/3 water
1 1/2-2 lbs cubed seedless watermelon
Mint leaves for garnish, if desired","Using fine grater, scrape outer green part of limes' skin (the ""zest"").
In a small bowl, combine zest, 1 teaspoon of sugar and 1/4 cup of juice from limes.
In small saucepan, combine remaining sugar with 1/3 cup water.
Bring mixture to boil.
When sugar is dissolved, add zest mixture.
Remove from heat, stir and cool to room temperature.
In blender or food processor, puree melon to make 3 cups liquid.
Place in 9""x 9"" metal pan.
Blend in syrup.
Cover with plastic wrap and place in freezer.
Freeze until slightly hard, 6-8 hours; stir.
Before serving, scrape well with fork and scoop into serving bowls.
Garnish with mint if desired and serve immediately.","Makes 4 servings (about ¾ cup per serving).
Per serving: 70 calories, 0 g total fat (0 g saturated fat, 0 g trans fat), 0 mg cholesterol, 19 g carbohydrates, 1 g protein, 1 g dietary fiber, 0 mg sodium, 15 g sugar, 2 g added sugar.",https://www.aicr.org/cancer-prevention/recipes/watermelon-granita/,AICR
Power Mocha Smoothie,Beverage,"Start your day with more than just a cup of coffee.
This delicious mocha smoothie features chilled Purity Coffee, nutritious bananas, energy-rich nut butters and anti-inflammatory turmeric.
Coffee contains a variety of phytochemicals, many of which have antioxidant properties.
There is plenty of research on coffee and cancer risk with over 1,000 studies on the topic.
The latest research suggests it may be protective for some cancers like endometrial and liver.
Purity Coffee will also donate 25% to AICR on every future purchase you make.",,340,"1 vanilla bean
1 frozen banana
1 cup brewed Purity Coffee, chilled
2 Tbsp. hulled hemp seeds
1 Tbsp. unsweetened cocoa powder
1 Tbsp. nut butter (e.g. peanut butter, almond butter, cashew butter)
1 tsp. fresh turmeric root, minced
Pinch of black pepper","Combine all ingredients in a high-power blender or food processor and blend until smooth.
Drink immediately.","Brew coffee according to instructions, then let chill in refrigerator overnight.
One teaspoon of pure vanilla extract can be used in place of the whole vanilla bean.
The fresh turmeric root can be replaced with 1/2 teaspoon of powdered turmeric.",https://www.aicr.org/cancer-prevention/recipes/power-mocha-smoothie/,AICR
Blueberry Blast Smoothie,Beverage,"Smoothies have many benefits beyond good taste; they can help you eat more fruits and vegetables, the foundation of a cancer-protective diet.
Frozen blueberries are the secret to the milkshake-like consistency of this smoothie.
Rich in fiber, anthocyanins and ellagic acid, these little fruits are being studied for their ability to inhibit the formation of carcinogens.",,230,"2 cups frozen unsweetened blueberries (do not thaw)
1/2 cup 100% orange juice (calcium-fortified preferred)
3/4 cup reduced fat vanilla Greek yogurt
1/2 medium frozen banana
1/2 tsp. pure vanilla extract","Place blueberries, orange juice, yogurt, banana and vanilla into blender.
Cover securely and blend for 30 to 35 seconds or until thick and smooth. For thinner smoothies, add more juice; for thicker smoothies, add more frozen fruit.
Pour into 2 glasses and serve immediately.","Don’t have frozen blueberries? Try frozen pineapple, cherries or mango.",https://www.aicr.org/cancer-prevention/recipes/blueberry-blast-smoothie/,AICR
Ginger and Turmeric Hot Cider,Beverage,"Warm apple cider is the perfect winter comfort drink.
This special version combines two potent spices, ginger and turmeric for a unique flavor and nutrition profile.
Fresh ginger, for example, contains a pungent substance called gingerol while turmeric gets it characteristic yellow hue from the class of cancer-fighting compounds, curcuminoids.
Both are being studied for their anti-inflammatory and antioxidant properties.",,130,"1 cup fresh sweet apple cider
1 tsp. grated fresh ginger
1 tsp. grated fresh turmeric
1 strip (1/2-inch by 1/2-inch) lemon peel, white part included
Dash cinnamon, optional","In small saucepan, combine cider, ginger, turmeric and lemon peel. Over medium-high heat, heat until ring of bubbles appears around edge of pan, 3 minutes.
Cover pan and set aside to steep for 5 minutes.
Pour hot-spiced cider through fine tea strainer into mug and add dash of cinnamon if using. Serve immediately.",,https://www.aicr.org/cancer-prevention/recipes/ginger-and-turmeric-hot-cider/,AICR
Gingerbread,Dessert,"This beautifully light version of traditional gingerbread uses whole-wheat pastry flour to add fiber, vitamins and phytochemicals that regular white flour lacks.
Naturally sweet molasses and aromatic spices keep this dessert moist and flavorful.
Serve warm with fresh fruit or a cup of tea for a comforting holiday treat.",,260,"Canola oil spray
1 3/4 cups whole wheat pastry flour
1/4 cup light brown sugar
1 1/2 Tbsp. ground ginger
1/4 tsp. ground cinnamon
1/4 tsp. ground nutmeg
1/4 tsp. ground cloves
1 1/2 tsp. baking soda
1/2 tsp. salt
1/2 cup dark unsulfured molasses
1/2 cup unsweetened applesauce
6 Tbsp. canola oil
1 large egg
1/2 cup boiling water","Preheat oven to 350 degrees. Lightly coat 9-inch square pan with canola oil spray.
In a medium bowl, sift together flour, sugar, spices, baking soda and salt.
In a separate large bowl, whisk together molasses, applesauce, canola oil, and egg until well blended.
Add the dry ingredients and stir until well combined.
Whisk in boiling water and pour the batter into a prepared baking pan.
Bake for about 35 minutes, until the cake begins to pull away from the pan and a wooden toothpick inserted near the center comes out clean.
Cool in the pan on a wire rack for 30 minutes.
Invert cake onto a platter and cool for about 15 minutes before serving.
Cut into 9 squares and serve warm.
For storage, wrap tightly in foil and keep in the refrigerator for up to 3 days.",,https://www.aicr.org/cancer-prevention/recipes/gingerbread/,AICR
Maple Walnut Granola,Breakfast,"This easy-to-make granola is a delicious combo of healthy oats,
crunchy walnuts, and a touch of maple syrup.
Oats contain cancer-preventing fiber and essential minerals and vitamins,
while walnuts are rich in polyphenols and packed with antioxidants.
Make this granola to have an easy, on-the-go breakfast or snack on hand.",,220,"Nonstick cooking spray
3 cups old fashioned oats
1/4 cup whole-wheat flour
1/4 cup chopped English walnuts
1/2 tsp. cinnamon
Pinch of salt
1/3 cup maple syrup
1/3 cup canola oil
1 tsp. vanilla extract","Preheat oven to 300 degrees F. Lightly coat a large baking sheet with cooking spray.
In large bowl, combine oats, flour, walnuts, cinnamon and salt. In separate bowl whisk together maple syrup, oil and vanilla. Add to oat mixture, stirring well to coat.
On large baking sheet, evenly spread mixture. Bake 30 minutes. Remove tray from oven and stir granola, breaking up any lumps. Return to oven and bake an additional 20 minutes.
Remove from oven and allow granola to cool completely. Store in airtight container.","This granola is great on its own, with milk or yogurt and fresh fruit.",https://www.aicr.org/cancer-prevention/recipes/maple-walnut-granola/,AICR
Strawberry Chia Smoothie,Breakfast,"Smoothies aren’t just a summer fad and can be enjoyed anytime of the year, especially for breakfast.
This smoothie is blended with fruit, milk and chia seeds and is full of protein, calcium and fiber that will keep you satisfied.
Strawberries contain ellagic acid, which may act as an antioxidant and decrease inflammation.
Chia seeds are loaded with fiber, rich in omega-3s and provide a good source of protein.",,140,"3/4 cup reduced-fat milk
4 tsp. chia seeds
1 cup fresh strawberries
1 Tbsp. strawberry preserves, or to taste
2 tsp. orange zest
1/2 tsp. chopped fresh ginger
1/2 tsp. vanilla extract","Place milk and chia seeds in a blender and let sit while measuring remaining ingredients.
Add strawberries, preserves, orange zest, ginger and vanilla to blender.
Whirl on high speed until smoothie is blended and creamy, about 1 minute.
Pour into a tall glass and serve immediately.",,https://www.aicr.org/cancer-prevention/recipes/strawberry-chia-smoothie/,AICR
Cranberry-Apple Hazelnut Crumble,Dessert,"There’s nothing better than fruit-forward desserts, which offer flavorful, colorful and healthy twists on traditional sweet treats that are often packed with added sugars, refined grains and saturated fats.
One way to enjoy fruit-filled desserts is in a simple crumble.
Just start with seasonal fruits to create a delicious fruit filling, then blend whole grains, spices and nuts as a crunchy baked topping.
By enjoying more wholesome, fruit-forward desserts, you can fit in more servings of fruits into your day, which is a healthy habit for the whole family.
Eating more colorful fruits is linked with lowering your risks of heart disease, obesity and cancer.
This recipe is packed with the goodness of seasonal fruit, including health-protective cranberries and apples.
It’s also filled with whole-grain flour and oats, which can help protect your heart, boost your gut microbiome and reduce your risk of colon cancer.
With only a small amount of added sugar, it’s a sweet treat you can feel good about.",https://www.youtube.com/watch?v=Vxq_llVUj4Y&start_radio=1,240,"Fruit Filling:
10 oz. fresh or frozen cranberries, unsweetened
3 medium apples, peeled, sliced
1 orange, zest and juice
1/2 cup brown sugar
Whole Grain Crumble Topping:
1 cup old-fashioned oats
1/3 cup whole-wheat flour
1/3 cup hazelnuts, coarsely chopped
1 tsp. cinnamon
1 tsp. cardamom
1/2 tsp. ground ginger
Pinch salt (optional)
1/4 cup vegetable oil","Preheat oven to 375 F.
Place cranberries and apples in 9-inch pie dish or baking pan.
Add zest, orange juice and brown sugar.
Toss well.
In small bowl, combine oats, flour, hazelnuts, cinnamon, cardamom, ginger and salt, if using.
Stir in oil with fork to make a crumbly mixture.
Sprinkle crumb topping over cranberry-apple filling and bake uncovered for 45-55 minutes, until golden brown.",,https://www.aicr.org/cancer-prevention/recipes/cranberry-apple-hazelnut-crumble/,AICR
Peanut Butter Banana “Ice Cream”,Dessert,"This tasty twist on “ice cream” is made from only a few ingredients and includes no added sugar.
Blended frozen bananas take on the creamy texture of traditional ice cream and peanut butter (or any nut butter of your choice) adds a delicious nutty flavor, plus a dose of heart-healthy omega-3 fatty acids.
This ice cream is rich in cancer-fighting nutrients, including fiber and potassium, a mineral that is low in most American diets.
Cool off with this sweet and healthy treat!",https://www.youtube.com/watch?v=E-9Aq3LxaRs&start_radio=1,200,"4 large ripe bananas, sliced
2 Tbsp. peanut butter (or other nut butter, such as almond butter)
1/4 tsp. vanilla extract
1/4 tsp. salt
1/2 tsp. cinnamon
2 Tbsp. chopped peanuts, for topping","Slice bananas into chunks and freeze on a flat sheet pan (with pieces separated so they don't stick together) until solid, for at least 1-2 hours.
Add the frozen bananas to blender or food processor and blend until smooth and creamy. This will take a few minutes with periodic pauses to stir/scrape down bananas in blender/food processor.
Once bananas have reached a creamy texture, add peanut butter, vanilla extract, salt and cinnamon and continue to blend.
Scoop into individual bowls and top with chopped peanuts.
Serve immediately.","This recipe can also be made with bananas only.
You can also use other nut butters or spices such as cardamom or add additional fruit, such as frozen strawberries.
Eat the ice cream immediately for a soft serve-like texture, or freeze after blending for a more solid version.
Store leftovers in an airtight container in the freezer for up to a week.",https://www.aicr.org/cancer-prevention/recipes/peanut-butter-banana-ice-cream/,AICR
Oatmeal Chocolate Chip Bites,Dessert,"This sweet and simple recipe combines fiber-rich whole rolled oats,
creamy nut butter and heart healthy flaxseed rich in omega-3 fatty acids.
A delicious hybrid between a cookie and a bar, these bites will satisfy your sweet tooth
and any mid-afternoon hunger.",,150,"2 cups old fashioned oats
1 cup almond flour
3/4 cup ground flaxseed
1/2 tsp. salt
2 tsp. baking powder
1/2 cup mini unsweetened chocolate chips
2 tsp. vanilla extract
1 cup pure maple syrup
1/2 cup natural almond butter","Preheat oven to 350 degrees F.
Combine dry ingredients including chocolate chips in large bowl.
In another bowl, mix wet ingredients.
Add wet ingredients to dry ingredients and stir to combine.
Drop dough into 24 even mounds on greased baking sheet.
Lightly press down to flatten (cookies will not flatten much during cooking).
Or pour batter into greased 9 x 13-inch baking pan.
Bake 12-15 minute, until cookies are set in the center.",,https://www.aicr.org/cancer-prevention/recipes/oatmeal-chocolate-chip-bites/,AICR
Get Nutty Whole Grain Banana Bread,Dessert,"Banana bread is a classic comfort food that takes full advantage of the tradition of reserving over-ripe bananas for a delicious treat.
This updated version of banana bread is far healthier than many standard recipes, which are typically filled with added sugars, oils and refined grains.
It’s a great way to boost whole grains in your diet, which can help you lower your risk of colorectal cancer. Whole grains are grains that include all of the nutrient-packed parts of the grain kernel—the bran, germ and endosperm.
So go ahead and get more whole grains in your diet, starting with this delicious recipe.",,221,"3 ripe medium bananas, peeled, mashed
1/2 cup milk or soy milk, plain, unsweetened
1/4 cup vegetable oil
2 Tbsp. chia seeds
1 tsp. vanilla
1/4 cup brown sugar
1 1/4 cups whole-wheat flour
1 tsp. baking soda
1/2 tsp. baking powder
1/2 tsp. cinnamon
Pinch salt (optional)
2 Tbsp. sunflower seeds
2 Tbsp. coconut, unsweetened, shredded
2 Tbsp. sliced almonds
3 Tbsp, pistachio nuts
3 Tbsp. chopped walnuts
Nonstick cooking spray","Preheat oven to 350 degrees F.
In mixing bowl, whip together bananas, soy milk, vegetable oil, chia seeds, vanilla and sugar for two minutes. For best results, use an electric mixer.
Stir in remaining ingredients, mixing only until well combined.
Spray loaf pan with nonstick cooking spray.
Pour batter into loaf pan and bake for about 65 minutes, until fork inserted in center comes out clean.
Remove, cool slightly before slicing.","You may substitute other nuts and seeds for those listed, such as sesame, hazelnuts, pecans, flaxseed, and pumpkin seeds.",https://www.aicr.org/cancer-prevention/recipes/whole-grain-banana-bread/,AICR
Anzac Cookies,Dessert,"These unique cookie bars are inspired by Australia’s national biscuit, the ANZAC.
Made in World War I to give the troops a taste of home cooking, they’re packed with nutritious whole grains.
Whole grains are a great source of vitamins, minerals, fiber and phytochemical which can help to protect against many cancers.
This recipe has a good amount of soluble fiber which has been linked to lowering blood cholesterol.
A hint of coconut and honey adds an exotic sweetness that will make you feel like you’re on vacation down under.",,130,"1 cup quick-cooking rolled oats
1 cup reduced-fat, unsweetened shredded dried coconut
1/2 cup whole-wheat pastry flour
1/2 cup unbleached all-purpose flour
1/2 cup granulated sugar
1/4 cup packed brown sugar
1/2 tsp. salt
1/2 cup buttery spread
2 Tbsp. honey
1/2 tsp. baking soda
2 Tbsp. boiling water
Canola oil cooking spray","In mixing bowl, use whisk to combine oats, coconut, flours, sugars and salt.
In small pot over medium heat, heat buttery spread until melted. Mix in honey. Remove pot from heat.
In small bowl, combine baking soda with boiling water. When mixture is foamy, add to melted spread mixture. Pour warm mixture into dry ingredients and mix, first using flexible spatula, then your hands, working with your fingers until mixture is evenly moistened. It will be sandy and crumble when squeezed in your fist.
Cover bowl with plastic wrap and set aside at room temperature for 2-24 hours, until handful squeezed tightly sticks together.
Preheat oven to 325 degrees. Coat 11-inch x 7-inch baking pan with cooking spray. Pour bar mixture into prepared pan and press firmly into even layer.
Bake 10 minutes. Remove pan and using sharp, thin knife make 4 cuts spaced evenly across wider width of pan. Rotate pan 90 degrees and make 3 cuts across smaller width of pan, creating 20 bars. Return pan to oven and bake for 8-10 minutes, until cookies are deep golden brown. They will be slightly puffy and yield a little when with pressed with a finger.
Set pan on wire baking rack and run knife through cuts. Cool completely. Run knife through cuts again to make sure cookies are completely separated and lift from pan.
ANZAC Cookies will keep in airtight container for 1 week.",,https://www.aicr.org/cancer-prevention/recipes/anzac-cookies/,AICR
Apricot Pecan Bars,Dessert,"Give your kids a breakfast boost with these homemade apricot bars.
Unlike many packaged granola bars, our recipe contains whole grain oats, loaded with soluble fiber, selenium and B vitamins.
Eating whole-grain snacks is a great way to get more fiber into your family’s diet for long-lasting energy and lower cancer risk.
Real dried apricots pack vitamin A and potassium while pecans add a hearty crunch and, with silken tofu, gives extra protein power.",,190,"3 cups quick cooking oats
1/2 cup pecans, chopped
3 cups unsweetened grain cereal (cheerios or shredded wheat)
2 cups dried apricots, chopped
1/4 cup whole-wheat flour
12 oz. silken tofu, drained
1 large egg
1/2 cup applesauce
1/2 cup canola oil
3/4 cup honey
1/2 tsp. salt
1 Tbsp. lemon zest, freshly grated
1 Tbsp. vanilla extract
Canola oil cooking spray","Preheat oven to 350 degrees F.
Spread oats and pecans on large (15x10 inch) baking dish. Bake until lightly brown and fragrant, 8 to 10 minutes.
Transfer to large mixing bowl and add cereal, apricots and flour; stir to combine.
Puree tofu, egg, applesauce, oil, honey, vanilla and lemon zest in a blender until smooth. Make a well in the center of the oat mixture and fold in the tofu mixture until combined. Coat 9x13 baking dish with cooking spray and spread the mixture uniformly in the dish.
Bake until firm in the center and golden brown, approximately 35 to 40 minutes. Let cool completely in the dish before cutting into bars with a sharp knife.
Let cool completely in the dish before cutting into bars with a sharp knife.",,https://www.aicr.org/cancer-prevention/recipes/apricot-pecan-bars/,AICR
No-Bake Watermelon Cake,Dessert,"Satisfy your sweet tooth with this fun no-bake “cake” the whole family will enjoy.
Fresh summer watermelon makes a sturdy base and is rich in vitamin C and carotenoids that offer cancer-protective potential.
“Frost” with a sweet and tangy frosting with protein- packed Greek yogurt mixed with a small amount of cream cheese and a little whipped cream.
Or show off the rich red melon color and serve without frosting.",,150,"1/3 cup whipping cream
12 oz. plain non-fat Greek yogurt
2 Tbsp. reduced-fat cream cheese
2 Tbsp. granulated sugar
1 tsp. lemon juice
1 tsp. medium seedless watermelon, well-chilled
Blackberries, kiwi slices, red raspberries, for garnish","1. Pour whipping cream in small mixing bowl and chill in refrigerator for about 10 to 20 minutes. (Cream is easier to whip when cold.) Meanwhile, in medium mixing bowl, mix together yogurt and cream cheese. Set Aside.
2. When cream is chilled, add sugar to cream and whip with whisk or electric mixer until moderately stiff peaks form. (Be careful not to overbeat because too much whipping will turn cream to butter.) Add whipped cream and lemon juice to yogurt/cheese mixture. Chill.
3. Slice off both watermelon ends to make a flat top and bottom. Set melon on one flat end and carve rind off sides to make a round, cake-shaped watermelon.
4. Place watermelon cake on serving plate and frost top and sides with chilled icing. Decorate with fruit on top and around the bottom. Keep well chilled until serving.",,https://www.aicr.org/cancer-prevention/recipes/no-bake-watermelon-cake/,AICR
Nectarine and Raspberry Cobbler,Dessert,"Late summer fruits make a sweet dessert when baked into this tasty and colorful cobbler.
Dark red raspberries contain vitamin C and compounds like ellagic acid, while golden nectarines boast carotenoid compounds.
Both fruits contain cancer-protective fiber, as does the whole-grain crust it’s wrapped in.",,160,"Canola oil cooking spray
6 cups thinly sliced nectarines (about 6-8 small)
2 cups fresh raspberries
1/2 cup sugar plus 1 Tbsp. sugar, divided
1/2 cup whole wheat flour
1/2 cup unbleached all-purpose flour plus more for dusting
1/2 tsp. ground cinnamon
2 tsp. baking powder
1/4 tsp. baking soda
1/4 tsp. salt
2 Tbsp. very cold unsalted butter, cut into small pieces
1/2 cup fat-free buttermilk","Preheat oven to 450 degrees F.
Lightly coat an 8-inch square baking dish with canola oil spray.
In a bowl, toss nectarines and raspberries with ½ cup sugar, using your hands to distribute the sugar evenly.
Pour the fruit, scraping the bowl with a rubber spatula, into prepared baking dish.
In a medium bowl, combine whole-wheat flour, ½ cup all-purpose flour, remaining 1 tbsp. sugar, and cinnamon, baking powder, baking soda and salt.
Cut the butter into dry ingredients using a pastry blender or tines of a fork.
Work mixture with the tips of your fingers until grainy.
Mix in buttermilk with a wooden spoon until soft, moist dough forms.
Lightly dust work surface with flour.
Gently pat dough into a ¼ -inch thick rectangle using the heel of your hand.
Sprinkle dough lightly with flour, if it becomes too sticky.
Dip the rim of a 2-inch glass in flour and cut 9 rounds from the dough.
Arrange rounds in 3 rows on top of fruit in baking dish.
Rounds should almost touch and should leave a border of fruit along the outer edges of dish.
Bake cobbler for 25 – 30 minutes, until biscuits are lightly browned and fruit is bubbling.
Cool on wire rack for 20 minutes and serve warm.",,https://www.aicr.org/cancer-prevention/recipes/nectarine-and-raspberry-cobbler/,AICR
Berry Yogurt Popsicles,Dessert,"Celebrate with colorful, homemade popsicles.
Layers of mashed red cherries, blackberries and white Greek yogurt make for a healthier, low-sugar version of store-bought treats.
Berries are rich in phytochemicals like anthocyanins and ellagic acid, compounds that counter inflammation and act as antioxidants.
This recipe is easy to follow and a great activity to do with kids on summer vacation.",,70,"1 1/2 cup pitted fresh or frozen cherries
1/2 cup fresh or frozen blackberries
1 Tbsp. honey
24 oz. vanilla Greek yogurt
12 (3 oz.) paper cups and 12 popsicle sticks","In small mixing bowl mash cherries and blackberries.
Drizzle on honey and mix together.
In paper cups, layer alternating spoonfuls of yogurt and fruit until full.
Place popsicle stick or plastic spoon in each cup.
Freeze.
When ready to serve, tear paper cup off popsicle and enjoy.",,https://www.aicr.org/cancer-prevention/recipes/berry-yogurt-popsicles/,AICR
Creamy Chocolate Date Mousse,Dessert,"Satisfy your sweet tooth with this unique chocolate mousse, packed with flavor and some surprising healthy foods: avocado and Medjool dates.
Avocado is high in fiber and heart-healthy omega-3 fats while Medjool dates have more fiber, calcium and potassium.
Their natural sweetness combined with light and creamy coconut milk blends into the perfect healthy dessert.",,300,"8-10 Medjool dates, pitted
1/2 cup light coconut milk, canned + 1/4 cup water
1 ripe avocado, peeled
1/4 cup unsweetened cocoa powder
1/4 cup semi-sweet chocolate chips, melted","Chop the dates into small pieces.
Add chopped dates, coconut milk, and water into a blender or food processor and blend until smooth.
Add the avocado, melted chocolate chips, and cocoa powder. Blend again until creamy.
Pour into four small ramekins or bowls.
Chill in the fridge for at least 1-3 hours (or even overnight).","Option to garnish with raspberries, chopped nuts or a sprinkle of Himalayan sea salt.",https://www.aicr.org/cancer-prevention/recipes/creamy-chocolate-date-mousse/,AICR
"Date, Walnut, and Dark Chocolate Cookies",Dessert,"This recipe borrows the natural sweetness of Medjool dates,
along with the rich flavors of walnuts and dark chocolate,
to craft a delicious, healthy version of this classic cookie.
Enjoy this sweet treat with your loved ones during the holiday season,
pack them into a lunch box any day,
or serve them with fresh fruit or sorbet the next time you host dinner guests.",,130,"1/2 cup soft dairy-free margarine spread, at room temperature
1 tsp. vanilla extract
2 Tbsp. honey
1 cup white whole wheat flour
1/2 cup all-purpose flour
1/2 tsp. baking soda
1-1/2 tsp. egg replacer**
1/2 cup finely chopped walnuts
1/2 cup diced, pitted Medjool dates
1/2 cup dark chocolate chips or broken dark chocolate pieces
Makes 20 servings (1 cookie). Per serving: 130 calories, 7 g total fat (2 g saturated fat, 0.5 g trans fat), 0 mg cholesterol, 16 g carbohydrates, 2 g protein, 2 g dietary fiber, 105 mg sodium, 8 g sugar, 5 g added sugar.","Preheat the oven to 375ºF.
Mix together margarine, vanilla, and honey in a small bowl.
Combine the whole-wheat flour, all-purpose flour, baking soda, and egg replacer in a separate bowl.
Add flour mixture to the margarine mixture and mix well to form a crumbly dough.
Stir in the walnuts, dates, and chocolate chips.
Shape the dough into walnut-sized balls and place about 3 inches apart on a baking sheet.
Bake for 15 minutes, or until golden brown.","These cookies store very well in an airtight container in the freezer.
Vegan egg replacers can be found in powdered form. Examples include Ener-G, VeganEgg, Bob’s Red Mill Egg Replacer. You can substitute 1 whole egg if not using egg replacers.",https://www.aicr.org/cancer-prevention/recipes/date-walnut-and-dark-chocolate-cookies/,AICR
Lentil and Veggie Enchilada Casserole,Entree,"Lentils are a nutrition powerhouse and an easy addition to any cancer protective diet.
Half a cup of cooked green lentils has 8 grams of fiber and 12 grams of protein.
They are rich in complex carbohydrates, low in fat and calories, naturally gluten free and contain important nutrients, including potassium, folate, iron and manganese.
Lentils are the star of this hearty casserole along with other vegetables—onion, garlic, bell pepper and celery.",,310,"1 Tbsp. olive oil
2 celery stalks, trimmed and cut into 1/4-inch dice
1 red bell pepper, cut into 1/4-inch dice
1 small onion, finely chopped
2 garlic cloves, minced
1 large carrot, peeled and shredded on the large holes of a box grater (about 1 cup)
2 tsp. ground cumin
1 tsp. dried oregano
1 tsp. coriander
1 tsp. chipotle chili powder
1/2 tsp. kosher salt
3 cups water
1 cup green or brown lentils, rinsed
2 packed cups baby kale or spinach, roughly chopped
1 cup fresh cilantro, roughly chopped, optional
Nonstick cooking spray/oil
One 19-oz. can mild red enchilada sauce*, divided
Fifteen 6-inch corn tortillas, cut in half
1 1/2 cups reduced-fat Mexican cheese blend or Cheddar cheese, divided","Heat oil in medium-size pot over medium heat.
Add celery, bell pepper and onion and cook, stirring often until softened and caramelized, 5 to 7 minutes.
Add garlic, carrot, cumin, oregano, coriander, chili powder and salt and cook, stirring often until garlic is golden and fragrant, about 2 minutes.
Stir in water and lentils.
Raise heat and bring to boil; immediately reduce heat to low.
Simmer, covered, until just tender, 15 to 20 minutes.
Check for tenderness every 3 to 5 minutes, and give a quick stir each time.
(Exact cooking time will vary depending on type of lentil used.)
When done, stir in kale and cilantro, as desired, until wilted, about 1 minute.
Taste and season with additional salt, as desired.
While lentils cook, preheat oven to 350°F.
Lightly oil or coat 9 x 13-inch baking pan or dish with nonstick cooking spray and set aside.
To make casserole, spread ½ cup enchilada sauce in bottom of prepared pan.
Arrange 10 tortilla halves over sauce, allowing to overlap slightly.
Top evenly with another ½ cup sauce, 2 1/4 cups lentil mixture and 1/2 cup cheese.
Repeat next layer with 10 tortilla halves, ½ cup sauce, 2 ¼ more cups lentils (discard any remaining liquid), and ½ cup cheese.
Add final layer with remaining 10 tortilla halves, remaining enchilada sauce and 1/2 cup cheese.
Cover loosely with aluminum foil and bake until casserole is heated through and bubbly, about 35 minutes.
Cool slightly, slice and serve.","*Can substitute two 10-ounce cans of mild, medium or hot enchilada sauce.
You can garnish the dish with diced avocado, lime wedges, fresh cilantro or sliced green onion.",https://www.aicr.org/cancer-prevention/recipes/lentil-and-veggie-enchilada-casserole/,AICR
Seared Romaine and Chicken Caesar Salad,Entree,"Including colorful, flavorful salads in your weekly meal plan is an easy way to get more nutrient-rich plant foods onto your cancer-protective table.
This Caesar salad is a bit different (and more interesting!) than most Caesar salads, because the romaine hearts are first sliced, brushed with extra-virgin olive oil and seared in a skillet.
From there, the warmed romaine is served with juicy tomatoes, cucumber slices, lean sautéed chicken and a drizzle of Caesar salad dressing.
It’s lovely when served on a large platter, but the romaine can also be chopped and placed into four individual salad bowls with all the other goodies on top.",,240,"Chicken Marinade
1 Tbsp. extra-virgin olive oil
1 Tbsp. lemon juice
1 garlic clove, minced
1/2 tsp. dried oregano
1/4 tsp. kosher salt
A few pinches black pepper
1 pound chicken tenders
Salad
3 tsp. extra-virgin olive oil, divided
2 romaine hearts, sliced in half lengthwise
A few generous pinches kosher salt and ground black pepper
4 small tomatoes, each cut into 4 wedges
1 cup thinly sliced English cucumber (~ 1/2 English cucumber)
1 Tbsp. Caesar salad dressing
4 lemon wedges, optional
1/4 cup grated Parmesan cheese, optional","For marinade, place olive oil, lemon juice, garlic, oregano, salt and pepper in small bowl and stir to combine.
Place chicken in large, resealable plastic bag.
Pour marinade over chicken.
Remove air from bag and seal.
Place in refrigerator and allow chicken to marinate for a minimum of 1 hour or as long as overnight.
To sear chicken, heat 1 teaspoon of oil in large nonstick skillet over medium heat.
Cook chicken until cooked through and golden on the outside, 3 to 4 minutes per side.
(Adjust cook time for thicker pieces.)
Remove to a plate and cover lightly with aluminum foil.
Brush remaining 2 teaspoons oil over both sides of each romaine heart.
Sprinkle with salt and pepper.
In the same large nonstick skillet, cook two romaine halves over medium heat until lightly charred, 1 to 2 minutes per side.
Transfer to large serving platter.
Repeat with remaining romaine.
Arrange chicken, tomatoes and cucumber around charred romaine.
Drizzle dressing over lettuce and serve with lemon wedges and Parmesan cheese, if desired.","If you’re looking for other protein options, try shrimp, salmon or chickpeas.
Other vegetable options include avocado, bell peppers and red onion.",https://www.aicr.org/cancer-prevention/recipes/seared-romaine-and-chicken-caesar-salad/,AICR
BBQ Peach and Chicken Naan Pizzas,Entree,"The American Institute for Cancer Research recommends a cancer-prevention diet rich in whole grains and colorful fruits and vegetables, and these easy-to-make peach pizzas make meeting that goal a snap.
This recipe yields four individual pizzas, and they come together quickly with whole wheat naan, lean chicken breast, red onion, part-skim mozzarella cheese, zesty BBQ sauce, naturally-sweet peach slices and arugula.
If you have kids at your table, invite them into the kitchen to help.",https://www.youtube.com/watch?v=KFsZFzZYvmg&start_radio=1,550,"1/2 Tbsp. extra-virgin olive oil
1 boneless, skinless chicken breast (8 oz.), cut into thin slices
4 whole wheat naan (3 oz. each)
1/2 cup no sugar added barbecue sauce
1/2 medium red onion, peeled and thinly sliced (about 2 cups)
1 1/3 cups shredded part-skim mozzarella cheese, divided
2 firm, ripe peaches, pitted and cut into thin slices (15 to 18 slices each)
1 1/3 cups arugula or other favorite salad green
Kosher salt, to taste
Black pepper, to taste","Preheat oven to 400 degrees F. Line a large baking sheet with parchment paper or aluminum foil and set aside.
Heat oil in a large nonstick skillet over medium-high heat. Add chicken and cook, stirring frequently, until cooked through, 4 to 5 minutes. Season with a pinch of Kosher salt and a few cranks of black pepper, to taste.
Place all four naan on prepared baking sheet. Spread barbecue sauce evenly on top of each. Layer with chicken, red onion, half the cheese, peach slices, and remaining cheese on top.
Bake until cheese melts and naan are crispy, about 10 minutes. Remove from oven, top with arugula and serve.","*If you can’t find individual 3-ounce whole wheat naan, use two larger naan and slice in half before serving.
Written for AICR and Mountain View Fruit by Liz Weiss, MS, RDN LIZ’S HEALTHY TABLE who is an award-winning author, blogger, podcaster and nutrition expert.",https://www.aicr.org/cancer-prevention/recipes/bbq-peach-and-chicken-naan-pizzas/,AICR
Easy Scalloped Potato White Bean Skillet,Entree,"One of the easiest ways to get healthy, delicious plant-based meals on the table is through cooking satisfying skillet meals.
You cook and serve right out of the skillet, which means less time for cooking and clean up!
This delicious, 100% plant-based recipe highlights the comforting versatility and satisfaction of whole potatoes, cooked with onions, garlic, mushrooms and white beans, with a creamy sauce and crunchy cashew and parsley topping.
Each serving is rich in plant protein, fiber, healthy carbs and fats, vitamins and minerals.
Pair this recipe with a crisp veggie salad, and you have a wholesome meal that is satisfying for the whole family.
Potatoes are a wholesome, plant-based food that provide vitamin C, fiber and potassium for a moderate amount of calories.
Including potatoes in your diet in healthy preparations, such as this delicious, veggie-packed dish, is the way to go for optimal health.
And eating a more plant-based diet has multiple health benefits, including better cancer protection.
Go ahead, pack your diet with more plant foods—whole grains, pulses, fruits and veggies (like potatoes) for good health.
Start with this super easy recipe, which will appeal to your whole family—plus, the leftovers are just as good the next day!",https://www.youtube.com/watch?v=yY8qhre30-4&start_radio=1,420,"1 Tbsp. extra-virgin olive oil
1 medium onion, sliced
3 cloves garlic, minced
5 ounces mushrooms, sliced
2 1/2 cups reduced-fat plant-based half and half (or unsweetened plain milk of choice)
2 Tbsp. cornstarch
3 Tbsp. nutritional yeast
1/4 tsp. nutmeg
1/2 tsp. paprika
1/2 tsp. ground mustard
1/2 tsp. salt
1/4 tsp. black pepper
6 small (about 4.5 ounces each) potatoes, peeled, thinly sliced
1 15-oz. can white beans, rinsed and drained
1/4 cup ground cashews
1/4 cup fresh parsley, chopped (optional garnish)","Heat oil in large cast iron skillet over medium heat.
Add onion and garlic and sauté for 7 minutes.
Add mushrooms and sauté for an additional 2 minutes.
While vegetables are sautéing, in a small bowl whisk together half and half (or milk of choice), cornstarch, yeast, nutmeg, paprika, ground mustard, salt and pepper until smooth.
Pour sauce into skillet and stir until sauce thickens (about 2 minutes).
Preheat oven to 375 degrees F.
Add potatoes to skillet and fold into sauce with a spoon.
Gently mix in beans until ingredients are well distributed.
Remove from stove, cover with foil and place on top rack of oven. Bake for 30 minutes.
Remove foil, sprinkle with ground cashews and return to oven. Bake for 15–20 minutes, until potatoes are tender and surface is golden brown.
Remove from oven. Garnish with chopped parsley, if using. Serve in skillet.","Written for AICR and the Idaho Potato Commission by Sharon Palmer, MSFS, RDN, The Plant-Powered Dietitian, who is a plant-based food and nutrition expert, journalist and blogger.",https://www.aicr.org/cancer-prevention/recipes/easy-scalloped-potato-white-bean-skillet/,AICR
Grape Grilled Cheese,Entree,"Adding grapes, including bright red, candy flavored Gummyberry grapes, to this easy grilled cheese sandwich is a fun, fresh and flavorful way to gets kids and adults excited about eating more plants!",https://www.youtube.com/watch?v=sO9RfpOltzI&start_radio=1,290,"2 tsp. extra-virgin olive oil
1 small onion, cut into ½-inch dice (about 1 cup)
1 cup red grapes, cut into half or quarters
1/2 cup fresh basil leaves, roughly chopped
Pinch of kosher salt
Pinch of black pepper
Zest of half a lemon, optional
8 thin slices part-skim mozzarella cheese*
8 slices 100% whole-grain bread
Nonstick cooking spray","Heat oil in large nonstick skillet over medium heat. Add onion and cook, stirring often, until softened, 5 minutes.
Reduce heat to medium low. Add grapes, basil and salt and pepper, to taste. Cook, stirring occasionally, until warmed through, 2 minutes. Add lemon zest, if using. Place grape mixture in bowl. Remove skillet from heat and carefully wipe clean with paper towels.
Top 4 bread slices with 1 slice cheese each. Top evenly with grape mixture, remaining 4 cheese slices and another slice of bread to make a sandwich.
Spray skillet generously with nonstick cooking spray. Heat skillet over medium heat. Add sandwiches to skillet, press down with spatula, and cook until bottoms are golden, about 3 minutes. Adjust heat to medium low if bread browns too quickly. Spray tops of bread with additional cooking spray. Carefully flip each sandwich, and cook until bottoms are golden and cheese is melted, 2 to 3 more minutes.
Slice, and let sandwiches cool down to warm before serving.","Serve with a variety of colorful grapes on the side.
*May use reduced-fat Cheddar cheese (4 oz.) in place of part-skimmed mozzarella",https://www.aicr.org/cancer-prevention/recipes/gummyberry-grape-grilled-cheese/,AICR
Walnut Cauliflower Glow Bowl,Entree,"This plant-based recipe, which is a meal in a bowl, is warm with the golden shades of turmeric, sweet potatoes, tomatoes, chickpeas and walnuts.
A balanced, nutritious dish—this recipe features whole grains, pulses, vegetables and nuts, providing a good source of protein, fiber, healthy fats, essential vitamins and minerals and phytochemicals to power your day.
Crunchy walnuts add a dose of plant-based omega-3 fatty acids, fiber, protein, as well as other plant compounds that work together in the body to reduce oxidative stress and inflammation. It’s no wonder that adding nuts, like walnuts, to a health-promoting diet may act in ways that help to lower your cancer risk. In combination with fiber-rich whole grains, vitamin A-rich cruciferous vegetables, pulses like chickpeas, olive oil, lycopene-rich tomatoes, lutein-rich avocados and aromatic spices, this earthy, golden recipe for Walnut Cauliflower Glow Bowl highlights a great example of how you can help reduce cancer risk by eating a more plant-based diet.
Turn to this recipe for easy, make-ahead meals—create four flavorful, healthful, nutritiously balanced meal bowls to last you for a week of healthful eating. Or assemble the ingredients and let your family create their own beautiful glow bowl, just the way they like it. The possibilities are limitless!",https://www.youtube.com/watch?v=_zSDQSd3EWw&start_radio=1,680,"Roasted Vegetables
1 large sweet potato (12 ounces), peeled, cubed
1 medium cauliflower (1 ½ lbs.), divided into florets
1 medium (10 oz.) red onion, sliced
1 can (15 oz.) chickpeas, drained and rinsed
2 Tbsp. extra-virgin olive oil
2 Tbsp. freshly squeezed lemon juice
2 tsp. curry powder
1 tsp. turmeric
Salt, to taste
Toasted Walnuts
1 cup walnut halves
1 tsp. extra-virgin olive oil
1 tsp. freshly squeezed lemon juice
1/2 tsp. curry powder
Quinoa
2/3 cup dry quinoa, well rinsed and drained
1 1/3 cups vegetable broth, reduced sodium
Creamy Golden Turmeric Sauce
1/4 cup tahini
3 Tbsp. water
2 Tbsp. lemon juice
1/4 cup reduced-fat plain yogurt (dairy or plant based)
1 tsp. agave syrup (optional)
2 cloves garlic, minced
1 1/2 tsp. turmeric
1/2 tsp. cumin
1/4 tsp. black pepper
Salt, to taste
Fresh Toppings
2 cups kale, chopped
1 cup cherry tomatoes, sliced in half
1 small avocado, sliced thinly","Preheat oven to 400 F.
On baking sheet, arrange sweet potatoes, cauliflower, red onion and chickpeas.
Drizzle olive oil and lemon juice over vegetables. Sprinkle with curry powder, turmeric and salt (if using). Toss together with tongs to distribute.
Place in oven on top rack and roast, until golden—turning with tongs every 15 minutes—for about 30 minutes, until golden brown and tender. Remove from oven and set aside.
In small baking dish, arrange walnut halves.
Drizzle with olive oil and lemon juice. Sprinkle with curry powder.
Place in oven on middle rack and toast walnuts—turning halfway through—for about 10–12 minutes, until golden brown. Remove from oven and set aside.
Meanwhile, place quinoa and broth in small pan, cover and cook over medium heat for about 20 minutes until tender. Drain any leftover liquid. Set aside.
While vegetables and quinoa are cooking, prepare sauce.
Combine tahini, water, lemon juice, yogurt, agave syrup (if using), garlic, turmeric, cumin, black pepper and salt in small bowl; blend until smooth. Set aside. Makes about 3/4 cup sauce.","To serve, arrange in 4 large individual serving bowls (3 cup capacity):
1/2 cup cooked quinoa
1/2 cup fresh kale
1/4 of the roasted vegetables
1/4 cup sliced cherry tomatoes
1/4 sliced avocado
1/4 cup toasted walnuts
3 Tbsp. sauce",https://www.aicr.org/cancer-prevention/recipes/walnut-cauliflower-glow-bowl/,AICR
Salmon and Veggie Egg Muffins,Entree,"Fast, easy, versatile and nutritious:
This recipe has it all. Bell pepper, spinach and whole-grain bread—ingredients that fit right in with one of AICR’s Cancer Prevention Recommendations to eat a diet rich in whole grains, vegetables, fruits and beans. Each delicious serving provides 22 grams of satisfying protein thanks to the eggs and convenient salmon in a pouch. Make a batch and serve in the morning with a bowl of sweet and juicy berries; pack one for a grab-and-go snack; or plan a breakfast-for-dinner theme night and serve with a colorful mix of cherry tomatoes, avocado and cucumber.",https://www.youtube.com/watch?v=iJe9nd-EcQA&start_radio=1,280,"Nonstick cooking spray
2 tsp. extra-virgin olive oil
1/2 red bell pepper, cut into 1/2-inch dice
2 cups baby spinach, roughly chopped and packed
2 green onions, trimmed, sliced and chopped
5 large eggs
One 2.6-ounce pouch wild-caught pink salmon in extra-virgin olive oil, flaked*
1/2 cup shredded reduced-fat Cheddar cheese
1/4 cup fresh basil, finely chopped
Kosher salt and black pepper, to taste
100% whole-grain bread, toasted
Optional spreads for toast: Smashed avocado, olive oil, nut butter, hummus, butter substitute","Preheat oven to 350°F. Lightly coat 6-cup muffin pan with nonstick cooking spray and set aside.
Heat oil in nonstick skillet over medium-high heat. Add peppers and cook, stirring frequently, until tender, 5 minutes. (Adjust heat to medium if peppers begin to burn.) Add spinach and onions and cook, stirring frequently, until wilted, 2 minutes. Set aside to cool slightly.
Crack eggs into large bowl. Whisk until well combined. Stir in salmon, cheese, basil, cooked vegetables and salt and pepper until combined. Use a 1/3 measuring cup to divide mixture evenly into prepared muffin cups. Bake until eggs are set, about 18 minutes.
Serve with 1 slice toast with topping of your choice and fruit or vegetable salad on the side.",*May substitute one 2.6-ounce pouch tuna or half a can of tuna packed in water or oil.,https://www.aicr.org/cancer-prevention/recipes/salmon-and-veggie-egg-muffins/,AICR
Pistachio Crumble Tacos with Avocado Lime Crema,Entree,"Filling 2/3 of your plate with colorful fruits, vegetables, whole grains, beans, nuts and seeds just got a whole lot easier thanks to these vegetarian tacos.
Shelled pistachios are the nutritional superstar in the filling and they’re part of the avocado lime crema too.
One serving of pistachios has 6 grams of complete plant protein and 3 grams of fiber, and most of the fat is the better-for-you monounsaturated kind.
You can serve these meatless-tacos with a colorful build-your-own toppings bar, including diced avocado, chopped cabbage, diced bell pepper, cilantro and mint leaves, salsa and shredded cheese.",https://www.youtube.com/watch?v=3KxWi06FQtg&start_radio=1,338,"Pistachio Crumble Filling
3/4 cup shelled unsalted pistachios, divided
1 Tbsp. extra-virgin olive oil
1 small red bell pepper, cut into ½-inch dice (about 1 cup; reserve a few tablespoons for the topping)
4 ounces button mushrooms, roughly chopped (1¼ cups)
1/2 cup onion, finely diced
1 garlic clove, minced
1 tsp. ground cumin
1/2 tsp. dried oregano
1/2 tsp. chili powder
1/4 tsp. chipotle powder
kosher salt, to taste
8 corn tortillas, warmed
Avocado Lime Crema
1/2 ripe avocado, peeled and pitted
2 Tbsp. plain reduced-fat Greek yogurt
Juice of half a lime, about 2 Tbsp.
2 Tbsp. chopped pistachio
2 Tbsp. fresh cilantro leaves, roughly chopped
2 Tbsp. fresh mint leaves, roughly chopped
1/8 tsp. kosher salt
A few pinches chipotle powder","Place all pistachios in food processor and pulse several times until roughly chopped. Set nuts aside and wipe bowl of food processor clean.
Heat oil in large nonstick skillet over medium-high heat. Add bell pepper, mushrooms, onion, garlic, cumin, oregano, chili powder and chipotle powder and cook, stirring frequently, until vegetables are tender, 7 to 8 minutes. (Adjust heat if it’s too high.) Stir in ½ cup of chopped pistachios, and season with salt, to taste.
For crema, place avocado, yogurt, lime juice, 2 Tbsp. chopped pistachios, cilantro, mint, salt and chipotle powder in bowl of food processor. Pulse until all ingredients are well combined. Season to taste with additional salt and chipotle powder, if desired.
Top corn tortillas evenly with pistachio filling; top with avocado crema and remaining chopped pistachios. Add optional toppings as desired such as avocado slices, chopped cabbage, diced bell pepper, cilantro and mint leaves, salsa or shredded reduced-fat cheese.","Written for AICR and American Pistachio Growers by Liz Weiss, MS, RDN LIZ’S HEALTHY TABLE who is an award-winning author, blogger, podcaster, and nutrition expert.",https://www.aicr.org/cancer-prevention/recipes/pistachio-crumble-tacos-with-avocado-lime-crema/,AICR
"Slow Cooker Chicken, Mushroom and Spinach Quinoa Risotto",Entree,"This creamy, comforting twist on risotto tastes decadent, but is actually much healthier (and easier) than the traditional version.
Classic risotto is made with white (arborio) rice and large quantities of high fat ingredients, such as butter and cheese.
This slow cooker quinoa version is made with whole-grain quinoa and numerous other Foods that Fight Cancer™, including spinach and garlic.
This one-pot meal is both simple and delicious and makes for great leftovers to eat throughout the week.",https://www.youtube.com/watch?v=6PXpV0y8eRk&start_radio=1,380,"1 1/2 cups quinoa, uncooked and rinsed
1 1/2 lbs. skinless, boneless chicken breasts, cut into bite-size pieces
3 cups sliced mushrooms
3 cups low-sodium chicken broth (plus up to 1 cup additional, if needed at the end)
1 large shallot, thinly sliced
5 cloves garlic, minced
1/2 tsp. each of dried thyme, basil and oregano
1 Tbsp. coconut oil*
1/2 tsp. pepper
Juice of 1 lemon or 2 Tbsp. lemon juice
4 cups roughly chopped, packed spinach
2/3 cup grated Parmesan cheese","Place all ingredients except spinach and cheese in slow cooker.
Cover and cook on low for 3 hours.
When almost done cooking, the liquid should be absorbed, and the mixture should be slightly sticky.
If very sticky, add up to 1 cup additional broth and stir to combine until texture is creamy.
Stir in spinach and cheese, cover and continue cooking just until spinach begins to wilt (about 2-5 minutes).","*May substitute coconut oil with oil of your choice.
This dish can be made vegan by omitting the chicken, swapping chicken broth for vegetable broth and replacing the Parmesan cheese with ¼ cup nutritional yeast.
Quinoa risotto can be stored in the refrigerator for up to 5 days or frozen for up to 2 months.",https://www.aicr.org/cancer-prevention/recipes/slow-cooker-chicken-mushroom-and-spinach-quinoa-risotto/,AICR
Sheet Pan Roasted Vegetables and Beans,Entree,"This easy and delicious sheet pan meal is seasoned with the vibrant Middle Eastern spice, za’atar, which you can find in many well-stocked supermarkets or online food shops.
You can make it yourself by combining equal parts thyme, cumin, coriander, sesame seeds and sumac, with a pinch of red chili flakes.
Flavorful spices can help you cut back on added sodium in your diet, too.
Serve this recipe with your favorite whole grain (like farro or brown rice), cooked pasta or whole-wheat bread for a complete meal.
This recipe is also great for prepping in advance; cut-up the vegetables on Sunday and put them into storage containers to pull out for meals all week long.
This recipe highlights the health benefits of eating more fiber-rich plant foods, including veggies, whole grains, fruits and beans, which is a key recommendation for reducing your risk for developing cancer.
In particular, putting more pulses, like beans, on your plate is linked to lower risk of chronic diseases.
So, start cooking the easy, plant-based way with this sheet pan recipe.",https://www.youtube.com/watch?v=qurT-kZI31U&start_radio=1,270,"Vegetable mix:
1 small head (about 1 pound) cauliflower, broken into florets
1 medium (about 9 ounces) bell pepper, sliced
2 small (about 3 ounces each) zucchini, cubed
2 medium (about 6 ounces each) sweet potatoes, peeled and cubed
1 small red onion, sliced
1 15-oz. can white beans, rinsed and, drained
Vinaigrette:
2 Tbsp. extra-virgin olive oil
1 Tbsp. balsamic vinegar
3 cloves garlic, minced
1/4 tsp. salt, optional
1/2 tsp. black pepper
Topping:
1/4 cup chopped fresh parsley
1 Tbsp. za’atar*","Preheat oven to 400 F.
On baking sheet, arrange vertical rows of cauliflower, bell pepper, zucchini, potatoes, onion and beans.
In small dish, mix together olive oil, balsamic vinegar, garlic, salt, if using, and black pepper to make the vinaigrette.
Drizzle the vinaigrette evenly over the vegetables.
Place baking sheet on top rack of oven and roast until tender and golden, 35-40 minutes.
Remove, sprinkle with fresh parsley and za’atar and serve.",,https://www.aicr.org/cancer-prevention/recipes/sheet-pan-roasted-vegetables-and-beans/,AICR
Sheet-Pan Salmon with Roasted Fall Vegetables,Entree,"This delicious one-pan meal is a great staple recipe that comes together quickly, and it’s packed with cancer-fighting ingredients.
The salmon is rich in heart-healthy omega-3 fatty acids, while also being low in saturated fat.
Butternut squash and Brussels sprouts add color and flavor to the meal along with a hearty dose of cancer-protective fiber.
Soy sauce, ginger and a touch of maple syrup tie in the flavors for this one-pan meal.",https://www.youtube.com/watch?v=joZq470gV-U&start_radio=1,410,"2 Tbsp. low sodium soy sauce
1 Tbsp. sesame oil
1 Tbsp. maple syrup
1 Tbsp. fresh lime juice
1/4 tsp. red pepper flakes
1 clove garlic, minced plus 3 whole cloves, smashed
2 Tbsp. freshly grated ginger
4 5oz. skin-on salmon filets
1 small butternut squash, peeled and cubed (around 2 lbs.)
1 lb. Brussels sprouts, ends trimmed and halved (or quartered, if large)
1 Tbsp. extra-virgin olive oil
1/4 tsp. freshly ground black pepper
1 tsp. sesame seeds, for garnish","Preheat oven to 425°F.
In baking dish, stir together soy sauce, sesame oil, maple syrup, lime juice, red pepper flakes, 1 clove minced garlic and ginger. Place salmon in marinade, skin side up.
Place squash and Brussels sprout in a single layer on baking sheet. Add olive oil and pepper and toss to coat. Place smashed garlic cloves among the vegetables. Roast vegetables for 15 minutes.
Remove from oven and stir, pushing vegetables aside in 4 spots to leave openings for each salmon filet. Place salmon on pan skin side down in the open spaces. Pour any remaining marinade over salmon and return pan to oven for another 12 minutes or until salmon flakes easily with a fork.
Garnish salmon with sesame seeds and serve immediately.","You may substitute sweet potatoes for butternut squash and honey for maple syrup (or omit the sweetener entirely).
This recipe can also be adapted for different types of fish and vegetable. Less hearty vegetables such as asparagus or green beans will not require as long a cook time.",https://www.aicr.org/cancer-prevention/recipes/sheet-pan-salmon-with-roasted-fall-vegetables/,AICR
One Pot Veggie Dal,Entree,"The combination of spices, herbs and aromatic vegetables brings quite a flavor profile to this one pot dish.
Flavored with ginger, garlic and curry powder, these flavors are a good option for those experiencing loss of taste.
The consistency of Dal is also ideal for individuals with dysphagia or those who require modified consistency foods.",,330,"3 Tbsp. olive oil
1 yellow onion, diced
2 diced jalapeño (optional)
2 Tbsp. fresh ginger, minced
4 cloves garlic, minced
1 Tbsp. curry powder
1 can (15 oz.) crushed tomatoes
1 red bell pepper, diced
3 1/2 cups water
1 cup lentils, soaked in water for two hours and drained
10 oz. fresh spinach, chopped
1 tsp. salt
cilantro for garnish (optional)","In large pot, heat oil and sauté onion, jalapeño (if using), ginger, garlic and curry powder. Combine well and cook until aromatic.
Add tomatoes and cook for 10 minutes on medium-high heat.
Stir in water and drained lentils and bring to boil. Reduce heat to low and cook for approximately 30 minutes or until lentils are soft enough to mash (adding more water if necessary to extend the cooking time).
Add salt and spinach cook until wilted, 1-2 minutes.
Serve over warm brown rice and garnish with cilantro, optional.",,https://www.aicr.org/cancer-prevention/recipes/one-pot-veggie-dal/,AICR
Mediterranean Quinoa Salad,Entree,"This colorful salad is a great side dish to include with your meals.
The ingredients offer a substantial amount of protein and healthy fats, perfect for those experiencing unintentional weight loss.
In addition, this dish helps to provide over one-third of the average person’s daily fiber intake that may assist with promoting bowel movements for those experiencing constipation.",,510,"Salad
1 cup orange bell pepper, diced
1 (15 oz.) can cannellini beans, drained and rinsed
1 lb cherry tomatoes, drained and rinsed
1/2 large red onion, diced
1/2 cup sliced black or Kalamata olives
5 cup cooked and cooled quinoa
Pesto Sauce
1 cup fresh basil
1/2 cup pine nuts
1/3 cup olive oil
1/4 cup parmasean cheese
2 cloves garlic
1/2 tsp. black pepper
1/4 tsp. salt, or to taste
water","Combine salad ingredients and toss with quinoa.
Place pesto ingredients in food processor or blender. Purée on medium-high and add water until desired consistency.
Toss into quinoa mixture. Allow to set at least 2 hours before serving to maximize flavor.","Makes 6 servings (1 cup). Per serving: 510 calories, 25 g total fat (3.5 g saturated fat, 0 g trans fat), 5 mg cholesterol, 58 g carbohydrates, 17 g protein, 10 g dietary fiber, 270 mg sodium, 3 g sugar.",https://www.aicr.org/cancer-prevention/recipes/mediterranean-quinoa-salad/,AICR
Crispy Cauliflower Tacos,Entree,"Getting your daily recommended amount of vegetables can be hard, especially when appetite is low and meeting your caloric demand takes precedence.
Cumin, chili powder and the caramelization from roasting the cauliflower all have strong flavor profiles perfect for someone with taste changes or reduced taste sensation.",,660,"1 Tbsp. cumin
1 Tbsp. chili powder
1 Tbsp. dried oregano
2 tsp. kosher salt
6 Tbsp. olive oil, divided
2 (15 oz.) cans chickpeas, drained
1 head cauliflower, cut into small florets
1 zucchini, cut into 1/4"" cubes
8 corn tortillas, 6""
2 cups red cabbage, shredded, divided
1 avocado, diced","Preheat oven to 400 degrees F.
Mix together cumin, chili powder, oregano, salt and 4 Tbsp. olive oil.
Toss chickpeas in half the oil spice mixture and toss cauliflower with the other half of oil spice mixture.
Roast each on separate baking sheets until crispy (about 30 minutes).
While chickpeas and cauliflower are in oven, heat remaining 2 Tbsp. olive oil in pan and Sauté zucchini until tender.
Warm tortillas in the oven for 5 minutes at 400 degrees F.
Assemble tacos: 1 tortilla, ¼ cup shredded cabbage, ¼ cup chickpeas, ¼ cup cauliflower, and 1 Tbps. avocado.","For additional calories, try adding Lime Crema: Combine 6 oz. plain, full fat Greek yogurt, 2 Tbsp. lime juice, 1 tsp. salt, 1 tsp. garlic powder, 2 tsp. minced chipotle peppers in adobo sauce.",https://www.aicr.org/cancer-prevention/recipes/crispy-cauliflower-tacos/,AICR
Lentil Walnut Bolognese with Spaghetti,Entree,"Tomato products provide just the right amount of pizzazz to pasta recipes, such as this hearty, plant-based spaghetti dish.
The deep red color of tomatoes is a calling card for lycopene—the plant compound linked with antioxidant and anti-inflammatory activity.
In fact, lycopene is better absorbed by the body in its cooked form, such as cooked pasta sauce, canned tomatoes and tomato paste.
Including this healthy plant food in your diet more often is linked with prostate cancer protection.
Eating more pulses—beans, lentils, dried peas—is a healthy, cancer-fighting strategy, too.
In this easy, one-dish meal, you swap out a traditional meat-based sauce for a tomato, lentil and walnut Bolognese sauce over spaghetti.",https://www.youtube.com/watch?v=3OVS50eMvPc&start_radio=1,460,"1 cup brown lentils, dried
4 cups water
1 Tbsp. extra-virgin olive oil
1 onion, finely chopped
4 cloves garlic, minced
2 stalks celery, finely chopped
1 medium carrot, finely shredded
1/3 cup walnuts, finely chopped
1 28-oz. can crushed or diced tomatoes, with juice
3 Tbsp. tomato paste
1 Tbsp. soy sauce, reduced sodium
1/3 cup red wine*
1 Tbsp. Italian seasoning blend
1/2 tsp. black pepper
1/4 tsp. salt (optional)
12 oz. spaghetti, uncooked
1/3 cup chopped fresh basil","Place Dutch oven or large saucepan on medium heat and add lentils and water to pot.
Cover with lid, bring to simmer and cook for 10 minutes.
Remove lid and continue to cook lentils for about 2 minutes until almost tender and liquid is absorbed.
Add olive oil, onion, garlic, celery, carrot and walnuts.
Cook for 5 minutes, stirring frequently.
Add tomatoes, tomato paste, soy sauce, red wine, Italian seasoning, black pepper and salt (optional).
Stir well and cover.
Simmer for 10-15 minutes, stirring occasionally, until thickened and vegetables are tender.
Meanwhile, cook spaghetti according to package instructions until al dente (about 7 minutes).
Drain spaghetti in colander.
Divide spaghetti among 6 serving plates or pasta bowls (about 1 ¼ cups each).
Top with 1 cup Bolognese sauce.
Sprinkle with 1 tablespoon chopped basil.","*Water or vegetable broth may be substituted for the red wine.
Wine is used in this recipe to intensify, enhance and accent the flavors in this dish and will cook out as the sauce simmers over heat.",https://www.aicr.org/cancer-prevention/recipes/lentil-walnut-bolognese-with-spaghetti/,AICR
Summer Squash Ribbons,Entree,"Squash ribbons are easy to make and simply flavored with aromatic herbs and zesty lemon.
Summer squash is low in calories and rich in cancer-protective fiber and contains nutrients including lutein and zeaxanthin.
These carotenoids are especially beneficial for our eyes.
Herbs and lemon zest also provide a plethora of antioxidants in this too-hot-to-cook, refreshingly light, summer side dish.",,110,"2 Tbsp. extra-virgin olive oil
1 Tbsp. fresh lemon juice
1 tsp. lemon zest
2 Tbsp. coarsely chopped oregano leaves
1 Tbsp. chopped fresh thyme
salt, to taste
freshly ground black pepper, to taste
1/2 small red onion, thinly sliced
1 medium-large yellow straightneck summer squash
1 medium-large zucchini
1/4 cup crumbled reduced-fat feta cheese","In large bowl, whisk together olive oil, lemon juice, lemon zest, oregano and thyme.
Season to taste with salt and pepper.
Stir in onion.
Cut stem end from squash.
Holding stem end of squash and leaning other end on cutting board at an angle, use vegetable peeler to shave squash lengthwise to create ribbons.
Stop peeling at seed core.
Stack ribbons and cut in half crosswise.
Add ribbons to bowl and stir, separating ribbons to cover with dressing.
Rotate squash to opposite side and repeat peeling, cutting and mixing with dressing.
Peel ribbons from remaining two sides of squash and repeat cutting and mixing with dressing.
Repeat with zucchini.
Transfer squash salad to serving dish and top with feta.
Salad may be chilled and served later in the day.",,https://www.aicr.org/cancer-prevention/recipes/summer-squash-ribbons/,AICR
Fresh Tomato Sauce,Entree,"Homemade tomato sauce is tastier and more nutritious than store bought versions that are often packed with added sugar and salt.
This recipe calls for garlic and onion, which give a nice aromatic flavor along with herbs and spices that take this homemade sauce up a notch.
Tomatoes contain a high concentration of the red-colored phytochemical lycopene, which is a type of carotenoid.
Much of the research on tomatoes and cancer focuses on this carotenoid.
Use this sauce on your favorite whole-wheat pasta or as pizza sauce for a fresh veggie pizza.",,70,"3 Ib ripe plum tomatoes
1 Tbsp. extra-virgin olive oil
3/4 cup finely chopped onion
1 large garlic clove, finely chopped
1 Tbsp. chopped fresh oregano, or 1 tsp. dried
1/2 tsp. sugar, optional
1 Tbsp. chopped fresh basil, or 1 tsp. dried
Salt and freshly ground pepper, to taste","Cut thin slice off top of tomatoes.
Peel tomatoes, using either serrated swivel-blade vegetable peeler or hot water method.*
Chop tomatoes and set aside; there will be 6-7 cups.
In large heavy pot, heat oil over medium-high heat.
Add onion and cook for 3 minutes, stirring occasionally.
Add garlic and cook, stirring often, until onion starts to color, 3-4 minutes.
Add tomatoes and oregano and stir well.
Cook, uncovered, for 15 minutes.
Taste sauce, adding sugar if it is too acidic.
Mix in basil and cook until tomatoes have broken down to your taste, 10-15 minutes for chunky sauce, 12-15 minutes for pulpier sauce.
Add salt and pepper, to taste.","*To peel tomatoes using the hot water method, drop 2-3 tomatoes at a time into a large pot of boiling water until the skins crack, 1-2 minutes.
Immediately transfer tomatoes to a bowl of ice water.
When tomatoes are cool enough to handle, use your fingers to pull off the skin.
Halve tomatoes lengthwise and use your thumb to push out seeds, then your fingers to remove pulpy ribs.",https://www.aicr.org/cancer-prevention/recipes/fresh-tomato-sauce/,AICR
Mushrooms with Apple Herb Stuffing,Entree,"Mushrooms are a nutrient dense food.
Low in calories, they are high in phytochemicals, including terpenes, which are being studied for their cancer-fighting capacity.
Stuffing the mushrooms may take a little patience, but the blend of tastes—apples, leeks, basil and oregano, as well as mushrooms—is well worth the effort.",,70,"Canola oil cooking spray
20 large button mushrooms, wiped with a damp cloth
1 Tbsp. reduced-sodium soy sauce
4 tsp. canola oil, divided
3 tsp. balsamic vinegar, divided
1 small leak, white part only, rinsed and finely diced (about ¾ cup)
1 celery rib, minced
1 medium red apple, peeled, cored and finely diced
2 Tbsp. minced flat leaf parsley
1/4 tsp. minced fresh oregano or pinched of dried
1/4 tsp. minced fresh basil or pinch of dried
Salt and pepper, to taste
1/2 cup whole-wheat breadcrumbs
2 Tbsp. Parmesan cheese, finely grated
2 tsp. vegetable broth or water","Preheat oven to 450 degrees F. Lightly coat baking sheet with canola oil spray.
Scoop stems out of mushroom caps with small spoon. Trim and discard bottoms of stems, finely chop stems and set aside.
In large bowl, mix soy sauce, 1 tsp. canola oil and 1 tsp. balsamic vinegar. Add mushroom caps. Using your hands or large spoon, toss to coat each mushroom with soy sauce mixture and place, cavity side up, on prepared baking sheet. Set aside.
In medium skillet over medium heat, heat 1 tsp. canola oil and sauté mushroom stems, leek, celery, apple, parsley, oregano and basil for 7 minutes, until celery and apple are tender.
Remove from heat and season mixture with salt and pepper, to taste. Add breadcrumbs and remaining 2 tsp. canola oil and stir to combine.
Transfer mixture to bowl and stir in Parmesan cheese and broth or water. Stuff each mushroom with slightly rounded tablespoon of filling. Brush remaining balsamic vinegar over tops of mushrooms. Bake uncovered for 25 minutes or until mushrooms are tender when pierced with a fork. Serve immediately.",,https://www.aicr.org/cancer-prevention/recipes/mushrooms-with-apple-herb-stuffing/,AICR
Walnut Tomato Sauce with Zucchini Lasagna Noodles,Entree,"Who says that enjoying lasagna has to be an event mired down with gooey cheese, rich meat sauce and layers of pasta?
This recipe for Walnut Tomato Sauce with Zucchini Lasagna Noodles is proof that it doesn’t!
Offering a modern reinvention of lasagna, this dish uses zucchini noodles (actual strips of zucchini) and a tomato sauce filled with the goodness of walnuts in place of ground beef.

Eating more nuts, such as walnuts, is a great way to boost your health.
Research shows that you can reduce your risk of cancer, including colorectal cancer, by including more nuts like walnuts in your diet.
Plus, eating a more plant-based diet featuring whole grains, vegetables, fruits, nuts, seeds and pulses and less animal protein, is a good strategy to reduce your risk of cancer.
Start with this delicious and easy recipe for Walnut Tomato Sauce with Zucchini Lasagna Noodles!",,282,"Zucchini “Lasagna Noodles”
4 small zucchini squash
Walnut Tomato Sauce
1 Tbsp. extra-virgin olive oil
1 medium onion, finely diced
3 cloves garlic, minced
2 stalks celery, finely chopped
5 ounces (about 2 cups) mushrooms, thinly sliced
1 32-ounce jar marinara sauce
2 Tbsp. tomato paste
1 Tbsp. soy sauce
1/2 cup red wine*
1 Tbsp. Italian seasoning blend
1/2 tsp. black pepper
1/4 tsp. salt (optional)
1 1/2 cups ground walnuts, divided
Nonstick cooking spray
Filling
1 cup shredded plant-based cheese*
Garnish
2 Tbsp. chopped Italian parsley","Slice zucchini horizontally into long, thin slices (about 5 horizontal slices per squash).
Place on paper towels and set aside (to soak up extra moisture).
Place a Dutch oven or large saucepan on medium heat and add olive oil.
Add onion, garlic and celery, and sauté for 3 minutes, stirring frequently.
Add mushrooms and sauté for an additional 2 minutes.
Add marinara sauce, tomato paste, soy sauce, red wine, Italian seasoning, black pepper and salt (if using).
Stir well and cover.
Simmer over medium heat for 10-15 minutes, stirring occasionally, until thickened and vegetables are tender.
Measure out 1 1/4 cups ground walnuts (may chop in a food processor or high-powered blender; should resemble consistency of course grains of sand, but should not be overly processed to a flour texture), reserving remaining ¼ cup ground walnuts for topping.
Add the 1 1/4 cups ground walnuts to the sauce, and heat for 2 minutes.
Preheat oven to 350 degrees F.
Spray a 13x9-inch baking dish with nonstick cooking spray.
Place one-third (6-7 slices) of the zucchini slices on the bottom of the dish.
Layer with one-third of the walnut tomato sauce.
Sprinkle with 1/3 cup of the shredded cheese.
Repeat layers two more times, for a total of three layers of zucchini, walnut tomato sauce and cheese.
Place baking dish in the oven uncovered and bake for 40 minutes.
Sprinkle remaining 1/4 cup ground walnuts over top of lasagna and set oven to broiler setting.
Broil for 2 minutes, until golden brown.
Remove from oven, garnish with fresh chopped parsley, slice into squares and serve immediately.","*May substitute 1/2 cup red wine with water or vegetable broth.
Wine is used in this recipe to intensify, enhance and accent the flavors in this dish and will cook out as the marinara sauce is simmering over medium heat.

*May substitute with dairy based cheese, if desired (such as Mozzarella).

This recipe was created by Sharon Palmer, MSFS, RDN, The Plant-Powered Dietitian for the American Institute for Cancer Research and California Walnuts.",https://www.aicr.org/cancer-prevention/recipes/walnut-tomato-sauce-with-zucchini-lasagna-noodles/,AICR
Tex-Mex Sorghum Chili,Entree,"This chili relies upon the flavorful combination of hearty whole grain sorghum, black beans, corn, peppers, onions, celery and seasonings.

One way to boost your disease protection is to infuse your diet with more healthy, wholesome whole grains like sorghum. This ancient, nutrient-rich whole grain is a nutritional powerhouse and also happens to be gluten-free! Unlike other grains, it has no inedible hull, which allows you to eat the entire grain and reap the benefits. Just ½ cup of cooked sorghum packs 6 grams of fiber and 4 grams of protein. Sorghum is also rich in iron and phosphorus, which help foster red blood cell development and bone health.

Try this recipe for Tex-Mex Sorghum Chili to incorporate more whole grains into your diet. It’s best to include more whole grains, like sorghum, in your meals to fill your diet with fiber, as fiber is linked to reducing the risk of colorectal cancer.",https://www.youtube.com/watch?v=FEHXJsLDS3o&start_radio=1,280,"2 cups dried black beans
1 1/2 cups dried whole grain sorghum
4 cups water
4 cups vegetable broth, low sodium
3 stalks celery, diced
1 large onion, diced
3 cloves garlic, minced
1 green bell pepper, diced
1 cup yellow corn, frozen or canned, drained
1 14.5-ounce can fire-roasted, crushed tomatoes with juice
2 Tbsp. tomato paste
3 Tbsp. Mexican seasoning blend*
Salt to taste (optional)","Place beans in a large pot, cover with water and soak overnight.
The next day, discard the water, and add 4 cups fresh water and 4 cups vegetable broth. Add dried sorghum, stir well, cover and simmer over medium-low heat for 45 minutes, stirring occasionally.
Add celery, onion, garlic, pepper, corn, tomatoes, tomato paste, and Mexican seasoning blend*. Stir well to combine. Cover and simmer for an additional 45 minutes, stirring occasionally, until beans, sorghum, and vegetables are tender. May need to add additional water lost to evaporation. Should make a thick stew-like texture.
Serve in bowls and garnish as desired with tortilla chips, fresh avocado slices, green onion slices, chopped fresh cilantro, and chopped fresh tomatoes.","May use prepared Mexican seasoning blend*, or make your own with chili powder, cumin, paprika, oregano, cilantro, and cayenne pepper.
Garnish (as desired): tortilla chips, fresh avocado slices, green onion slices, chopped fresh cilantro, chopped fresh tomatoes.",https://www.aicr.org/cancer-prevention/recipes/tex-mex-sorghum-chili/,AICR
Oatmeal with Fresh Fruit,Entree,"Start your morning off right with this fresh fruit oatmeal.
Rolled oats, like all whole grains, contain vitamins, minerals, phytochemicals and fiber.
Research has shown that eating whole grains lowers your risk of colorectal cancer and the soluble fiber found in oatmeal can also help lower blood cholesterol.
Seasonal fruit, flaxseed and chopped walnuts add extra nutrition and beneficial omega-3 fatty acids.",,370,"1/2 cup old fashioned rolled oats
1 1/4 cups almond milk, divided*
1 tsp. ground flaxseed, or to taste
1/8 tsp. cinnamon
1/2 cup chopped pineapple
1/4 cup sliced strawberries
2 Tbsp. chopped walnuts, optional
1 tsp. honey, optional","In small pan, cook oatmeal with 1 cup milk according to package directions.
Place oatmeal in serving bowl. Pour ¼ cup milk over oatmeal (heat milk if preferred). Sprinkle on flaxseed and cinnamon.
Top with pineapple, strawberries, walnuts and honey, if desired.",*Other plant-based milk alternative or reduced fat dairy milk be used,https://www.aicr.org/cancer-prevention/recipes/oatmeal-with-fresh-fruit/,AICR
Tandoori Chicken Skewers with Mint Raita,Entree,"When the weather cools down, heat up your kitchen with these savory curry chicken skewers.
Curry powder is a unique combination of spices like turmeric and ginger, which are being studied for their anti-inflammatory properties.
A Greek yogurt marinade flavors and tenderizes the chicken and lends protection against the formation of unhealthy substances while cooking.
Pair with our delicious mint raita sauce for extra flavor and to keep the heat at bay.",,220,"1 cup fat-free Greek yogurt, divided
1/3 cup reduced-fat coconut milk, divided
2 tsp. curry powder, mild or hot
1-2 finely chopped garlic cloves
3/4 tsp. sea salt, divided
1 Tbsp. canola oil
1 lb. skinless and boneless chicken breast
12 (8-inch) bamboo skewers
Canola oil cooking spray
2 Tbsp. finely chopped red onion
2 Tbsp. chopped fresh mint
1 tsp. lime juice","In wide, shallow bowl or deep plate, combine 2 tbsp. of yogurt with 2 tbsp. of coconut milk, curry powder, garlic and ½ tsp. salt. Mix in oil.
Cut chicken lengthwise into 12 strips. Insert skewer into bottom of one chicken strip and work it up lengthwise to top. Repeat with remaining chicken. Place skewers in curry marinade and using your fingers, make sure it coats them. Cover with plastic wrap and refrigerate for 1 to 8 hours.
Arrange marinated chicken on paper toweling and blot dry, removing all excess marinade. Heat large skillet over medium-high heat, then coat with cooking spray (Or heat stovetop griddle). Arrange skewers in one layer in pan and cook for 2 minutes, browning chicken. Using tongs, turn skewers and brown on another side, 2 minutes. Turn chicken and cook until it is opaque and hot around skewer at thickest part of chicken. Transfer skewers to serving plate.
While chicken cooks, prepare the raita. In bowl, combine remaining yogurt and coconut milk with onions, mint, lime juice and remaining salt. When possible, make raita 30 minutes before serving chicken to allow its flavors to develop and meld. Serve it the day it is made.",,https://www.aicr.org/cancer-prevention/recipes/tandoori-chicken-skewers-with-mint-raita-2/,AICR
Sesame Salmon,Entree,"You don’t need a magic password to have a healthy dinner in a hurry.
It’s possible with this elegant and easy sesame salmon.
Fresh salmon fillets pack protein, B vitamins and omega-3 fatty acids.
Sesame seeds are rich in lignans, compounds that function as antioxidants and may prevent cell damage.
Complete the meal with wild rice and a simple green salad.",,260,"Glaze:
3 Tbsp. reduced-sodium soy sauce
2 Tbsp. mirin (any sweet white wine maybe substituted)
1/2 cup fat-free, reduced-sodium chicken broth
1/2 tsp. honey
1 tsp. grated fresh ginger
3 cloves garlic, minced
2 tsp. cornstarch
3 Tbsp. water
Salmon:
1 large egg white
2 Tbsp. cornstarch
1 lb. (4, 4-oz.) salmon fillets
2 Tbsp. sesame seeds, toasted
1 Tbsp. sesame oil","In saucepan, whisk together soy sauce, mirin, broth, honey, ginger and garlic. Set aside.
In another bowl, whisk together cornstarch and water. Set aside.
In small bowl, whisk egg white and cornstarch. Liberally brush skinless side of each fillet with egg mixture and sprinkle with seeds evenly, pressing gently to coat.
In large skillet, heat oil over medium-high heat. Gently place fillets, seed side down, and cook until the seeds are golden brown, about 5 minutes. Very gently turn over and continue cooking through, about 3 minutes.
Over medium heat, simmer soy sauce mixture, stirring constantly, about 2 minutes. Whisk in the cornstarch mixture and continue simmering until sauce thickens, about 1 minute.
Spoon glaze over fillets. Serve immediately.","Makes 4 servings (1 filet per serving).
Per serving: 260 calories, 13 g total fat (1.5 g saturated fat, 0 g trans fat), 60 mg cholesterol, 8 g carbohydrates, 26 g protein, 0 g dietary fiber, 670 mg sodium, 3 g sugar, 1 g added sugar.",https://www.aicr.org/cancer-prevention/recipes/sesame-salmon/,AICR
Asian Honey Chicken,Entree,"A marinade can add flavor and spice to a simple dish.
This Asian Chicken features the sweet and savory combination of honey, soy and ginger.
It’s easy to prepare and takes only half an hour to bake.
Plus, ginger contains gingerol and zingerone, which are being studied for their antioxidant and anti-inflammatory properties.
Pair with brown rice and a simple green salad.",,200,"2 Tbsp. honey
2 Tbsp. reduced-sodium soy sauce
1 tsp. sesame oil
4 cloves garlic, minced
1 green onion, chopped
2 tsp. fresh ginger root, peeled and grated
1 1/2 lbs. chicken breasts with ribs, skinless
Per serving: 4.5 g total fat (1 g saturated fat, 0 g trans fat), 75 mg cholesterol, 10 g carbohydrates, 29 g protein, 0 g dietary fiber, 420 mg sodium, 9 g sugar, 9 g added sugar.","In small skillet over low heat, combine honey, soy sauce, sesame oil, garlic, onion and ginger. Stir until honey melts, about 1 minute.
In medium baking pan, cover chicken with sauce until well coated. Arrange breast side down, ensuring parts don’t overlap. Tightly cover pan with aluminum foil. Marinate 2 hours (longer is better) in refrigerator.
Before cooking, remove pan from refrigerator and allow it to sit at room temperature for 15 minutes.
Preheat oven to 350 degrees F.
Place covered baking pan in oven and bake 30 minutes.
Uncover pan and turn chicken over. Bake uncovered for an additional 30 minutes or until internal temperature is 165 degrees F. Baste once with pan juices after 10-15 minutes.",,https://www.aicr.org/cancer-prevention/recipes/asian-honey-chicken/,AICR
Chickpea Crepes with Spinach and Mushroom Pesto,Entree,"Whip up these crepes for a light and flavorful meal.
What’s the secret behind these thin pancakes?
They contain flour made from chickpeas called besan (also known as garbanzo bean or gram flour).
Besan is made from beans so it’s packed with fiber and protein.
Research supports that diets high in plant foods, including beans, can help lower cancer risk.",,170,"Crepes:
1 cup chickpea flour
2 Tbsp. extra-virgin olive oil
1 tsp. finely chopped fresh rosemary
1/4 tsp. salt
1 cup water
2 tsp. soft buttery spread, if using skillet
Filling:
2 tsp. extra-virgin olive oil
1/4 cup finely chopped red onion
1/3 cup finely chopped red bell pepper
6 oz. cremini mushrooms, thinly sliced (about 2 cups)
1 box (5oz.) baby spinach
2 Tbsp. prepared pesto
Salt and freshly ground black pepper, to taste","In medium bowl, whisk chickpea flour, oil, rosemary and salt with 1 cup water until mixture is smooth.
Let batter sit 20-30 minutes to thicken.
Before cooking, stir to loosen any clumps.
For crepes, set non-stick pan over medium-high heat until drops of water flicked into pan ball up and bounce.
With one hand, hold pan up at 45-degree angle.
Pour ¼ cup batter near top of pan, rotating pan as you pour so batter flows into 6-7-inch round crepe.
Cook until crepe is golden on bottom, 1-2 minutes.
Using large spatula, flip and cook until crepe is lightly golden on bottom, about 30 seconds.
Transfer crepe to large plate.
Cover each crepe with wax paper.
If not filling crepes immediately, cool to room temperature and cover plate with plastic wrap.
Hold crepes at room temperature for up to 8 hours, refrigerate for up to 24 hours.
For filling, in medium skillet heat oil over medium-high heat.
Add onion and cook, stirring for 2 minutes.
Add red peppers and cook, stirring, until onions are translucent, 5 minutes.
Add mushrooms and cook, stirring occasionally, until mixture looks wet, 5-6 minutes.
Add spinach, stirring to wilt leaves.
Cook, stirring often, until most of moisture has evaporated and filling is tender, 8 minutes.
If crepes have been made ahead, wrap them in foil and warm at 250 degree F for 20 minutes.
To assemble crepes, in small bowl, mix pesto with 2 tbsp. warm water.
Stir pesto into filling.
Arrange a crepe on a plate.
Spoon ⅙ filling over bottom half of each crepe, then gently fold crepe in half over filling.
Repeat with remaining crepes and filling.
If desired, garnish plate with some mesclun leaves and strawberries.
Serve immediately.",,https://www.aicr.org/cancer-prevention/recipes/chickpea-crepes-with-spinach-and-mushroom-pesto/,AICR
Chilaquiles with Beans and Corn,Entree,"Chilaquiles are a traditional Mexican skillet dish made of tortillas simmered in sauce or salsa.
This healthy meatless version also includes fiber-rich pinto beans, spinach and corn, baked to perfection as a casserole.
Besides eliminating the fat and the mess of frying, this recipe allows the tortillas to soak up the sauce, making a dish that is pure comfort food.",,280,"Canola oil cooking spray
1 large ear fresh corn or 1 ½ cups frozen corn, defrosted
1 Tbsp. Canola oil
3/4 cup chopped red onion
1 pkg. (10 oz.) frozen spinach, defrosted, squeezed dry
1 can (15 oz.) no-salt-added pinto beans, drained and rinsed
1 tsp. ground cumin
1 can (14.5 oz.) no-salt-added diced tomatoes, partially drained
6 yellow corn tortillas
1 can (15 oz.) mild or medium red enchilada sauce, divided
1 cup shredded, reduced-fat Mexican cheese blend, divided","Preheat oven to 400 degrees F. Coat 11-inch x 7-inch baking dish with canola oil spray and set aside.
If using fresh corn, cut kernels from cob; there should be 1-1½ cups. Set aside.
In medium skillet, heat oil over medium-high heat. Add onion and cook until translucent, 4 minutes. Add spinach, pulling it apart. Add beans and cumin and cook until cumin is fragrant, stirring often. Add tomatoes and corn and cook until mixture is heated through, about 5 minutes. Set vegetable and bean filling aside.
Arrange 2 tortillas on bottom of prepared pan. Cut 2 other tortillas in half and add 2 halves to cover bottom of pan. Spoon half the filling over tortillas. Pour on ¾ cup enchilada sauce. Sprinkle on half the cheese. Repeat, using remaining tortillas, filling, sauce and cheese. Cover pan with foil.
Bake chilaquiles for 15 minutes. Uncover and then bake until cheese melts and casserole is bubbly around edges, about 10 minutes. Let stand 10 minutes before serving.",,https://www.aicr.org/cancer-prevention/recipes/chilaquiles-with-beans-and-corn/,AICR
Spring Stir Fry with Chicken,Entree,"A stir-fry is a quick and healthy way to cook a delicious, plant-based meal.
The moderately high heat allows for speedy cooking so vegetables become crisp and maintain their fresh flavors.
Peanut oil offers healthy fat and a high smoke point.
Spicy ginger, garlic and onions add flavor and cancer-protective phytochemicals.
Serving this dish over brown rice makes for a fiber-rich meal to bridge the seasons.",,440,"1 Tbsp. peanut oil
5 cloves garlic
1 tsp. grated fresh ginger
1/4 tsp. ground ginger
6 spring onions, chopped, including the green stems
Salt, to taste
1 lb. chicken, boneless and skinless, cut into ½ -inch strips
1 large onion, chopped
1 cup chopped cabbage
1 medium red bell pepper, chopped
1 medium green bell pepper, chopped
2 Tbsp. reduced-sodium soy sauce
1 1/2 tsp. sugar (optional)
1 Tbsp. cornstarch
1/2 cup water
3 cups cooked brown rice","In a wok or large skillet, heat oil over medium-high heat.
When oil is almost smoking, add garlic, ginger, ground ginger, spring onions and salt to taste.
Stir-fry for 2 minutes.
Add chicken.
Stir-fry an additional 3 to 4 minutes.
Add chopped onion and cabbage and cook, stirring occasionally, for about 5 minutes.
Add peppers and cook for 2 minutes.
Mix soy sauce, sugar and cornstarch into water, then add to wok or skillet.
Cook uncovered until sauce thickens.
Serve over hot rice.",,https://www.aicr.org/cancer-prevention/recipes/spring-stir-fry-with-chicken/,AICR
Turkey Pot Pie with Cornbread Crust,Entree,"With spring provoking thoughts of young tender carrots and bright baby green peas, this is the perfect time to work out an easy pot pie topped with a fearless crust.
This dish bridges the seasons with fresh spring vegetables and a warm, spiced sauce.
Weighing in at less than 300 calories, it’s also a healthy comfort food to keep you satisfied.
In fact, research has shown eating high-fiber, plant-based foods can help you fill up with fewer calories so you eat smarter throughout the day.",,280,"1/2 cup sliced carrots, in ½ -inch slices
1/2 cup sliced celery, in ½ -inch slices
1 cup frozen pearl onions
2 cups fat-free, reduced-sodium chicken broth
1 Tbsp. extra-virgin olive oil
1 1/2 Tbsp. rice flour
1 cup reduced fat milk, at room temperature
1 tsp. dried thyme
2 cups cooked diced turkey breast, in ¾ -inch pieces (see note)
1 cup green peas, fresh or frozen
Salt and freshly ground black pepper, to taste
Topping:
5 tsp. unsalted butter
3/4 cup reduced fat milk
1 large egg
1/2 pkg. (10 oz.) cornbread mix","Preheat oven to 350 degrees F.
In medium saucepan, simmer carrots, celery and onions in chicken broth until they are tender, about 5 minutes.
With slotted spoon, remove vegetables and set aside.
Boil broth until it is reduced to 1 ¼ cups, about 5 minutes.
Set broth aside.
In heavy saucepan, heat oil over medium heat.
Mix in rice flour and whisk constantly for 1 minute as it bubbles.
Do not let it color.
Slowly add ½ cup of reduced broth and whisk until combined with flour mixture.
Gradually add remaining broth while whisking vigorously.
Add milk and cook sauce for 5 minutes, whisking often, until it has consistency of light creamed soup.
Mix in thyme, turkey, green peas and reserved vegetables.
Season filling to taste with salt and pepper.
Spread filling in 8-inch square baking dish and set aside.
For topping, in microwavable bowl, melt butter.
Add milk and egg and mix with fork to beat egg.
Stir in cornbread mix.
Spoon topping over pot pie filling in baking dish, dropping it in dollops to leave room around edges of pan and between dollops.
Bake pot pie for 30-35 minutes, or until topping feels firm to touch, is lightly browned, and filling is bubbling.
Let sit for 15 minutes before serving.",,https://www.aicr.org/cancer-prevention/recipes/turkey-pot-pie-with-cornbread-crust/,AICR
Herbed Spanish Omelet,Entree,"This recipe is a delicious brunch favorite that packs protein, B-vitamins and cancer-protective phytochemicals.
Eggs are an inexpensive protein source, and only contain about 70-80 calories per serving.
This omelet features potatoes, fresh spring herbs and red onions.
Onions, garlic and chives are allium vegetables that contain quercetin and allixin, compounds that may play a role in cancer prevention.",,240,"1 lb. potatoes, peeled and diced or shredded
2 Tbsp. extra-virgin olive oil
1/2 cup diced red onion
2 cloves garlic, minced
4 large whole eggs, lightly beaten
2 egg whites, lightly beaten
2 Tbsp. finely chopped fresh parsley
2 Tbsp. finely chopped fresh basil and chives
Salt, to taste
Sprigs of fresh herbs to garnish (optional)","In large pan, add potatoes. Cover with water. Bring to a boil and cook uncovered for 3 minutes. Remove from heat. Cover and let stand for about 10 minutes or until potatoes are tender, not mushy. Drain well.
In deep 10-inch non-stick skillet, heat oil over medium heat. Add onion and garlic. Cook for about 8 minutes, stirring occasionally. Add potatoes and cook an additional 5 minutes.
Combine whole eggs and egg whites. Stir in parsley, basil and chives. Season with salt if desired. Pour mixture over potatoes in hot skillet. Reduce heat and cook uncovered for about 10 minutes or until bottom of omelet is golden.
If desired, brown top under toaster oven. Garnish with fresh herb sprigs. Serve immediately.",,https://www.aicr.org/cancer-prevention/recipes/herbed-spanish-omelet/,AICR
Salmon and Vegetable Oven Kebabs,Entree,"These savory salmon kabobs offer the great flavor of barbeque without having to fire up the grill.
They are rich in omega-3 fatty acids, an anti-inflammatory fat linked to heart health.
Colorful vegetables and a light, Mediterranean marinade add healthful phytochemicals and delicious flavor.
Broiling in the oven helps cut down on the carcinogenic HCAs typically produced when grilling meat.",,270,"Marinade:
Juice of 4 lemons
2 Tbsp. extra-virgin olive oil
4 garlic cloves, minced
1 Tbsp. dried Italian seasoning
Salt and freshly ground black pepper, to taste
Kebabs:
4 skewers
1 lb. wild salmon, cut into 2-inch cubes
8 cherry tomatoes
4 large whole mushrooms, stems removed, halved
1 medium green bell pepper, deseeded, cut into 12 pieces
1 medium yellow squash, cut into 8 pieces
Canola oil cooking spray","If using wooden skewers (in lieu of metal ones), soak them in water for about 30 minutes.
In large mixing bowl, combine juice, oil, garlic, seasoning, salt and pepper. Mix well and divide in half.
Add salmon and vegetables to half of marinade and gently toss to coat pieces. Cover and marinate for about 30 minutes, occasionally rearranging pieces to ensure even coating.
Preheat oven broiler.
Spray large shallow baking dish. Remove skewers from water. Divide fish and vegetable pieces into 4 even portions. Arrange and distribute them evenly on skewers, being careful not to break the pieces.
Place on baking dish. Brush with remaining marinade not used for marinating raw fish. Broil for about 5-8 minutes, brushing frequently with marinade. Carefully turn over kebabs and continue cooking for an additional 4 minutes, basting frequently until fish is done. Serve.",,https://www.aicr.org/cancer-prevention/recipes/salmon-and-vegetable-oven-kebabs/,AICR
Lemon Baked Trout,Entree,"Sometimes simplicity is best.
This easy dinner requires just four ingredients and cooks within 20 minutes.
Trout is rich in protein, vitamin B12 and omega-3 fatty acids.
It has a light flavor and too much fuss can muddle its mild taste.
Preparing it with lemon juice and a dash of salt and pepper creates the perfect summer dish to bake in the oven or throw on the grill.
Pair with a cool green salad and a whole grain side for a quick and healthy meal.",,180,"Olive or canola oil cooking spray
4 trout filets (4 oz.), with skin
Salt and freshly ground black pepper, to taste
2-3 lemons","Set rack in center of oven. Preheat oven to 425 degrees F. Or, preheat gas or charcoal grill to medium-hot and prepare it for cooking with indirect heat.
Lay large sheet of heavy-duty foil over large baking sheet. Coat lightly with cooking spray. Arrange trout filets on foil, spacing about 1 inch apart and leaving at least 2 inches around edges. Coat fish lightly with cooking spray. Sprinkle each filet with a pinch of salt and 5 or 6 grinds of pepper.
Using sharp knife, cut off end of a lemon. Cut lemon into the thinnest possible slices. Using the tip of the knife, flick the seeds out of each slice. Arrange 3-4 lemon slices down the center of each trout filet, overlapping them slightly. Lay another sheet of foil over fish and roll edges together to seal fish.
Bake trout for 15 to 20 minutes, or until fish is opaque and flakes easily at thickest point. (If using an outdoor grill, slide packet with fish onto grill and later slide it back onto baking sheet to help lift off grill.)
To serve, transfer each filet to a dinner plate. Encourage diners to eat lemon slices with the fish.",,https://www.aicr.org/cancer-prevention/recipes/lemon-baked-trout/,AICR
Mustard Chicken with Summer Vegetables,Entree,"Sweet roasted vegetables and tangy marinated chicken make the perfect combination in this summer dinner.
Fennel, summer squash, carrots and new potatoes are rich in fiber and a variety of cancer-fighting phytochemicals.
The stone ground mustard sauce locks bold flavor into the chicken.",,372,"4 Tbsp. stone ground mustard
2 Tbsp. reduced-sodium soy sauce
4 chicken legs, skin removed
4 chicken thighs, skin removed
1 medium fennel bulb, cut into 1-inch wedges
2 small yellow squash, sliced 1 ½ -inch thick
2 small zucchini, sliced 1 ½ -inch thick
4 carrots, sliced in half lengthwise
4 celery stalks, sliced into 2-inch pieces
1 red onion, cut into 1-inch wedges
8 whole baby new red potatoes or 4 small red potatoes, halved
4 sprigs fresh thyme
1 Tbsp. olive oil
Salt and freshly ground black pepper, to taste","Preheat oven to 400 degrees F.
In large baking pan, arrange fennel, squash, zucchini, carrots, celery, onion, potatoes and thyme. Brush vegetables with oil and season with salt and pepper to taste.
Place chicken over vegetables. Brush chicken with mustard sauce. Cover pan with foil and roast for approximately 50 minutes, or until chicken is cooked through and vegetables are tender. Remove foil, increase oven temperature to broil and roast another 4-5 minutes to brown vegetables and chicken. Serve.",,https://www.aicr.org/cancer-prevention/recipes/mustard-chicken-with-summer-vegetables/,AICR
Brazilian Chicken with Black Beans,Entree,"Take a break without leaving home by cooking up this exotic chicken dinner.
Inspired by the traditional feijoada dish from Brazil, this stew substitutes lean chicken for the usual pork and adds extra vegetables and fiber-rich black beans.
Fresh oranges and potent spices like allspice, nutmeg and a dash of cayenne add extra kick to this flavorful entrée.",,350,"2 Tbsp. canola oil, divided
2 lb. skinless chicken thighs with bone or skinless breast, with ribs or combination
1/2 cup fat-free, reduced-sodium chicken broth
1 1/4 cups chopped onion
3/4 cup chopped celery
3/4 cup chopped green bell pepper
3/4 cup chopped scallions, green and white parts
3 garlic cloves, chopped
2 bay leaves
1/4 tsp. freshly ground nutmeg
2 (15 oz.) cans black beans, rinsed and drained
Salt and freshly ground pepper, to taste
2 Tbsp. chopped flat-leaf parsley
1 large naval orange, cut into 6 wedges","In large Dutch oven, heat 1 tbsp. of oil over medium-high heat.
Add chicken and cook until golden brown, 4 minutes on each side.
Using tongs, transfer chicken to large bowl.
Cover bowl with foil.
Add broth and scrape bottom of pot while it boils, gathering up all browned bits.
Add broth to chicken.
Seal foil tightly over bowl and set chicken aside.
Using paper towel, wipe out pot.
Return pot to medium-high heat and add remaining oil.
Add onion, celery, green pepper and scallions to pot and cook, stirring occasionally, until soft, about 5 minutes.
Add garlic and cook, stirring, for 1 minute.
Add bay leaves and sprinkle nutmeg over vegetables.
Arrange chicken pieces over vegetables, reserving liquid in bowl.
Spread beans over the chicken.
Pour liquid from bowl over beans.
Cover and simmer until chicken thighs are falling-apart tender, 30-35 minutes.
If using breast, cook until the meat is white in center at thickest part, 20-25 minutes.
To serve, divide chicken among six dinner plates.
Remove bay leaf.
Mix to combine beans and vegetables, and season to taste with salt, pepper and cayenne.
Spoon ⅔ cup of beans and vegetables alongside chicken and liquid from pot over chicken.
Garnish with parsley and orange wedges.
Serve hot, warm or at room temperature.
Refrigerate leftovers for up to 4 days.",,https://www.aicr.org/cancer-prevention/recipes/brazilian-chicken-with-black-beans/,AICR
Indian Dal with Yogurt and Cucumbers,Entree,"Dal is a flavorful Indian lentil dish that pairs nicely with cool summer cucumbers and a fresh dill yogurt.
Red lentils cook quickly and they pack 16 grams of fiber and 18 grams of protein in each cup.
Garam masala is a blend of spices and varies by region.
A typical Indian version combines cardamom, cumin, coriander, cinnamon and cloves.
Researchers are currently looking at the anti-inflammatory properties of these spices.
Eating high fiber foods, like red lentils, is linked with reducing the risk of colorectal cancer.",,260,"3/4 cup red lentils
1/2 cup onion, chopped
2 cloves garlic, chopped
1 tsp. grated ginger
2 tsp. garam masala
1 tsp. ground cumin
1 Tbsp. canola oil
3 cups hot water
Salt, to taste
1/2 cup seeded cucumber, chopped
1/3 cup scallions, chopped, green part only
1/4 cup fresh dill, chopped
4 Tbsp. reduced- fat Greek yogurt
4 whole-wheat pita breads, warmed","In large bowl, add lentils. Fill bowl with cold water. Stir lentils 3-4 times, then drain. Repeat 2-3 times, until water runs nearly clear when drained. Transfer lentils to large saucepan. Add onion, garlic, ginger, garam masala, cumin and oil. Stir to coat ingredients with oil.
Set saucepan over medium-high heat and cook, stirring occasionally, until spices are fragrant, about 4 minutes. Add hot water, bring to boil, cover, and simmer until lentils are soft, about 20 minutes. Dal will thicken as it cools. Uncover and pour dal into wide, shallow bowl. Set aside until lukewarm, about 20 minutes. Season to taste with salt.
To serve, divide dal among 4 small soup bowls. Top each with ¼ serving of cucumber, scallions and dill, plus 1 tbsp. yogurt. Cut pitas into 6 wedges. Set each bowl on dinner plate, surround with pita wedges and serve.
If desired, dal can be covered and refrigerated for up to 3 days. Before serving, warm in microwave or in covered pot over medium heat, stirring often.","If you do not have garam masala, use ½ tsp. each ground cardamom, coriander and cumin, ¼ tsp. each ground cinnamon and black pepper, and ⅛ tsp. ground cloves.
This recipe is reprinted from The New American Plate Cookbook, which features 200 mouth-watering recipes and color photos. It is available from bookstores and online booksellers. Proceeds from sales fund cancer research.",https://www.aicr.org/cancer-prevention/recipes/indian-dal-with-yogurt-and-cucumbers/,AICR
Cashew Stir Fry with Broccoli and Pork,Entree,"Stir-frying is a quick and easy way to cook vegetables so that they retain their vibrant color and healthful nutrients.
This recipe combines cancer-fighting broccoli, protein-rich pork and the nutty crunch of cashews.
Broccoli and other cruciferous vegetables contain glucosinolates, compounds that may help decrease inflammation and cancer risk.
Serve over brown rice for a healthy boost of fiber.",,380,"3 tsp. sesame oil, divided
1 large onion, thinly sliced
1 medium red bell pepper, sliced into ¼ -inch strips
1 medium carrot, thinly sliced crosswise
3 cups broccoli florets
8 oz. boneless pork loin chips, cut into 1-inch by ½ -inch strips
4 cloves garlic, minced
1/4 tsp. red pepper flakes or to taste
1/2 cup chopped scallions
1 Tbsp. fresh ginger
2 Tbsp. finely minced fresh garlic
2 Tbsp. reduced-sodium soy sauce
1/2 cup fat-free, reduced-sodium chicken broth or vegetable broth
2 cups cooked brown rice
1/2 cup toasted unsalted cashews chopped","1. In large non-stick skillet or wok, heat 1 tsp. oil over medium-high heat. Add onion, pepper and carrot and sauté until tender. Remove vegetables and set aside.
2. Heat another 1 tsp. oil over medium-high heat and stir-fry broccoli for 3 to 4 minutes. Remove broccoli and set aside with vegetables.
3. Heat last tsp. oil over medium heat and stir-fry pork, garlic and red pepper flakes for 4 to 5 minutes or until pork is no longer pink. Stir in scallions and ginger and sauté for an additional minute. Stir in vegetables. Add soy sauce and broth. Cook 1 to 2 minutes.
4. Divide rice among four dinner bowls and top each serving with stir-fry. Sprinkle cashews on top and serve.",,https://www.aicr.org/cancer-prevention/recipes/cashew-stir-fry-with-broccoli-and-pork/,AICR
Tex-Mex Pulled Chicken Sandwich,Entree,"Slow cookers can make healthy cooking easy.
This pulled chicken sandwich will satisfy your barbecue craving without the red meat and smoking of a traditional southern recipe.
Tomato paste, garlic, chipotle peppers and adobo sauce make a richly flavored marinade for the chicken.
Add the roasted poblano peppers to infuse the dish with a kick of heat.
Serve on whole-wheat buns with a cool coleslaw and dream of warmer summer days.",,400,"1 cup no-salt-added tomato sauce
1 Tbsp. no-salt-added tomato paste
1 Tbsp. Worcestershire sauce
3/4 cup onion, finely chopped
3 garlic cloves, finely chopped
1-2 canned chipotle peppers, finely chopped
1 Tbsp. adobo sauce from canned chipotle pepper
2 tsp. ground cumin
1/4 tsp. salt
1/4 tsp. freshly ground pepper
2 lbs. skinless and boneless chicken thighs, fat trimmed
2 poblano peppers, halved and seeded
1 large onion, halved and cut crosswise into ½ -inch slices
6 whole-wheat hamburger buns, split","In 6 or 8-quart slow cooker, combine tomato sauce, paste, Worcestershire sauce, chopped onion, garlic, chipotle pepper, adobo sauce, cumin, salt and pepper. Spread mixture to cover bottom of cooker.
Arrange chicken pieces on top of sauce in cooker. Cover and cook on low for 2 hours.
Meanwhile, preheat oven to 450 degrees F.
Line baking sheet with foil. Arrange poblano halves skin-side up on baking sheet. Bake until skin is blistered, 10 to 13 minutes. Wrap peppers in foil and set aside for 5 minutes. With your fingers, pull off skin. Cut peppers lengthwise into ½ -inch strips. Scrub your hands thoroughly.
After chicken has cooked for 2 hours, add poblanos and sliced onion to slow cooker, distributing them over chicken. Cover and continue cooking until chicken shreds when picked at with fork, about an additional 4 hours.
Remove chicken to plate. One piece at a time, using 2 forks, shred chicken pieces by pulling them apart. Return chicken to slow cooker and mix with sauce, stirring vigorously.
To serve, toast buns. For each sandwich, place bottom half of bun on sandwich plate, top with one-sixth of the pulled chicken and cover with bun top. Serve with coleslaw and pickle spears.",,https://www.aicr.org/cancer-prevention/recipes/tex-mex-pulled-chicken-sandwich/,AICR
Easy Summer Lasagna,Entree,"This hearty summer lasagna packs delicious roasted eggplant, zucchini and lycopene-rich tomatoes.
Whole-wheat noodles contain cancer-fighting fiber and natural plant compounds, called phytochemicals, which protect cells from damage that may lead to cancer.
This recipe serves 12, making it a good choice for pleasing a crowd or batch cooking.",,360,"2 eggplants (about 3 lbs.), quartered lengthwise
6 medium zucchini (about 3 lbs.)
Canola oil cooking spray
15 oz. low-fat ricotta or low-fat cottage cheese (or a combination of both)
2 eggs
1/2 cup grated Parmesan cheese
1/2 tsp. ground nutmeg
1/2 tsp. garlic powder
4 cups low-sodium tomato sauce
1 lb. whole-wheat, no-boil lasagna noodles
3 cups part-skim mozzarella cheese","Preheat oven to 450 degrees F. Grease a 13 x 9 x 2-inch baking pan, set aside.
Slice the eggplant and zucchini in ½ -inch slices. Layer on two baking sheets and coat both sides of the vegetables with cooking spray. Roast for about 40 minutes.
Reduce the oven temperature to 375 degrees F.
Meanwhile, in a medium bowl, mix together the ricotta and/or cottage cheeses, eggs, Parmesan, nutmeg and garlic powder.
To assemble: spread a thin layer of sauce over the bottom of the prepared pan. Cover with a layer of pasta. Spread ⅓ of the ricotta mixture on top of pasta. Sprinkle ¼ of the mozzarella over the ricotta. Spoon ⅓ of the roasted vegetables on top. Top with ½ cup of tomato sauce and continue the assembly as directed until you have 4 layers of pasta and 3 layers of filling. Spread the remaining sauce on top and sprinkle with the remaining mozzarella cheese.
Cover the pan with aluminum foil and bake for 30 minutes. Uncover and continue to bake until golden and bubbly, about 15 minutes more. Let stand for 15 minutes before serving.",,https://www.aicr.org/cancer-prevention/recipes/easy-summer-lasagna/,AICR
Peppers Stuffed with Turkey and Wild Rice,Entree,"Vivid vegetables don’t just add color to a dish; they also pack important phytochemicals.
Green peppers are rich in lutein, red peppers are packed with beta-carotene and tomatoes provide lycopene.
This recipe features a rainbow of healthy veggies and flavorful wild rice packed inside an edible pepper bowl.
Ground turkey adds lean protein and onions and garlic lend flavor and cancer-fighting antioxidants.",,330,"1 Tbsp. olive oil
1/2 medium onion, chopped
1 cup coarsely chopped mushrooms (any kind)
1 lb. ground turkey
2 cups baby spinach leaves, chopped
1 cup diced tomatoes
2 cloves garlic, minced or 1 tsp. garlic powder
1 tsp. paprika
1 tsp. oregano
3/4 cup chopped carrots, steamed and cut into ½ -inch chunks
1 1/2 cups cooked wild rice
4 large green or red bell peppers, tops removed and seeded*
Salt and pepper, to taste","Preheat oven to 350 degrees.
In a skillet over medium-high heat, heat oil. Sauté onion and mushrooms until onions are translucent. Add turkey, spinach, tomatoes, garlic and seasonings and cook until turkey is cooked through, about 5-6 minutes.
Place turkey mixture in large mixing bowl and add carrots and wild rice. Combine well. Using spoon, lightly pack mixture into peppers.
Place peppers in 9-inch square oven dish, add 1/4 cup water to bottom of pan and bake about 45-50 minutes or until peppers are just tender. Serve.",* save tops to cover peppers during baking for a moister filling,https://www.aicr.org/cancer-prevention/recipes/peppers-stuffed-with-turkey-and-wild-rice/,AICR
Pasta Shells with Garlic & Kale,Entree,"Creamy pasta meets nutrition-packed kale in this recipe for the ultimate side dish.
Kale’s popularity is rising, and with good reason – it’s super rich in vitamins A, C and K. 
Plus, research has shown that dark, leafy greens, like kale, pack a wide range of cancer-fighting carotenoids such as lutein and zeaxanthin.
Pair with whole-wheat pasta shells and flavor with garlic and red pepper for a delicious addition to the table.",,210,"1 Tbsp. extra-virgin olive oil
5 cloves garlic, minced
1/4 tsp. red pepper flakes (or to taste)
10-12 cups pre-washed baby kale, loosely packed, coarsely chopped
1/2 cup fat-free, reduced-sodium vegetable broth
1 Tbsp. Parmesan cheese
8 oz. small whole-wheat pasta shells, cooked to package directions
Salt and freshly ground black pepper, to taste","In large skillet over medium heat, heat oil. Sauté garlic with red pepper flakes for about 2 minutes.
Stir in broth and half the greens, season to taste with salt and pepper. Increase heat to medium-high, cover, and cook until greens wilt, about 3 minutes. Stir in remaining greens, cover and cook an additional 12 minutes or until greens are tender. Stir occasionally.
Place cooked, drained pasta in saucepan. Add greens mixture and gently toss until well combined.
Sprinkle with cheese and serve.",,https://www.aicr.org/cancer-prevention/recipes/pasta-shells-with-garlicky-kale/,AICR
Rigatoni with Red Peppers,Entree,"Whole-wheat rigatoni and colorful red peppers are the stars of this simple pasta sauté.
Whole grains are rich in fiber, a nutrient important for lowering risk of certain cancers, particularly colorectal.
The subtle sweetness of the red peppers is balanced by cherry tomatoes and spinach, adding potent phytochemicals.
These natural plant compounds may help protect cells from the types of damage that may lead to cancer.",,300,"12 oz. whole-wheat rigatoni
4-6 qtrs. water, or according to pasta package instructions
1 Tbsp. extra-virgin olive oil
1 large onion, coarsely chopped
2 medium red bell peppers, deseeded and sliced into ½ -inch strips
1 cup cherry tomatoes, halved
Salt and freshly ground black pepper, to taste
10 oz. fresh spinach leaves
1/2 cup coarsely chopped fresh basil
1/2 cup Parmesan cheese, divided","Cook rigatoni according to package directions for al dente. Drain pasta, reserving ½ cup water. Return pasta to pot to keep warm.
While pasta cooks, in skillet heat oil over high heat. Stir in onion, peppers and tomatoes. Add salt and pepper, to taste. Sauté, stirring occasionally. After 5 minutes, add spinach and continue to sauté until vegetables are tender and spinach is wilted, about 5 more minutes.
Add vegetables, reserved pasta water and ¼ cup of Parmesan cheese to pasta and gently toss to combine.
To serve, top pasta with basil and remainder of Parmesan cheese.",,https://www.aicr.org/cancer-prevention/recipes/rigatoni-with-red-peppers/,AICR
Quinoa with Cauliflower and Broccoli,Entree,"If you’re looking to mix up your grains, look no further than quinoa.
This seed can be cooked and used in place of grains and contains all essential amino acids, making it a good source of protein.
Pairing with broccoli and cauliflower gives this bowl a fresh crunch and adds vitamin C, folate and cancer protective glucosinolates.
These compounds may decrease inflammation, a risk factor for cancer.",,120,"1 Tbsp. extra-virgin olive oil, divided
2 cups cauliflower florets
2 cups broccoli florets
1 medium green bell pepper, sliced into strips
1 medium red bell pepper, sliced into strips
1 cup chopped onion, divided
3 cloves garlic, minced
1 Tbsp. fresh thyme, chopped medium (1 tsp. dried may be substituted)
1 Tbsp. fresh oregano, chopped medium (1 tsp. dried may be substituted)
1 cup quinoa, well rinsed and drained
2 cups fat free, reduced-sodium vegetable broth
Salt and freshly ground black pepper","In skillet, heat 2 tsp. olive oil over medium-high heat.
Add cauliflower, broccoli, peppers, ½ cup onion and garlic.
Sauté 5 minutes until vegetables start to soften.
Stir in herbs and sauté 2 minutes.
Remove from stove top and set aside.
In strainer, place quinoa and rinse thoroughly with cold water.
Using your hand, swish quinoa under running water for 2 minutes to remove bitter natural coating.
Drain and set aside.
In medium saucepan, heat remaining teaspoon oil over medium-high heat.
Add remaining onion.
Sauté about 3 to 4 minutes.
Add broth and quinoa.
Increase heat to bring mixture to boil.
Reduce heat to medium-low, cover, and simmer until quinoa is tender, about 20 minutes.
Gently stir in vegetable mixture and combine well with quinoa.
Season with salt and pepper to taste.
Serve.",,https://www.aicr.org/cancer-prevention/recipes/quinoa-with-cauliflower-and-broccoli/,AICR
"Whole Wheat Pasta with Ricotta, Roasted Garlic & Walnuts",Entree,"This easy summer dinner only needs 5 main ingredients and requires minimal prep work, making it perfect for those long summer days.
It features hearty whole-wheat pasta, reduced-fat ricotta and roasted garlic for plenty of fiber and cancer-fighting phytochemicals.
Baked walnuts add a satisfying crunch and the healthy omega-3 fat, alpha-linolenic acid.",,420,"1/4 cup chopped walnuts
8 oz. whole-wheat fusilli, rotini, or pappardelle
1 cup reduced-fat ricotta cheese
6-8 roasted garlic cloves
1/2 cup shredded Parmigiano-Reggiano cheese
4 tsp. extra-virgin olive oil
Freshly ground black pepper
4 Tbsp. chopped flat-leaf parsley
Salt to taste","Preheat oven to 350 degrees F.
Spread walnuts on small baking sheet and toast until fragrant and lightly browned, 10 minutes, stirring nuts after 5 minutes. Set nuts aside.
Meanwhile, cook pasta according to package directions.
While pasta cooks, in bowl, combine ricotta and garlic. Using back of spoon, cream them together until mixture is creamy and light. Mix in Parmigiano cheese and set aside.
Drain pasta, leaving some moisture in spirals. In mixing bowl, combine pasta with oil. Divide pasta among 4 bowls. With spoon, drop cheese mixture in 5 dollops on top of pasta in each bowl. Garnish with generous amount of pepper, toasted walnuts and parsley. Serve immediately.",,https://www.aicr.org/cancer-prevention/recipes/whole-wheat-pasta-with-ricotta-roasted-garlic-walnuts/,AICR
Pan-Seared Halibut with Heirloom Tomatoes,Entree,"Take a break from expensive restaurants by creating this fancy meal in your own kitchen.
Tomatoes are rich in lycopene, an antioxidant associated with a reduced risk of several cancers.
Halibut is rich in another cancer-fighting antioxidant, selenium, and is also rich in Vitamin B12 and magnesium.
Pair this fish dish with greens and whole grains for a well-balanced, cancer-protective meal.",,180,"Halibut:
2 5 oz. halibut fillets
Salt and freshly ground black pepper, to taste
1 tsp. olive oil
1 tsp. butter
1 tsp. fresh thyme, chopped
Juice of ½ lemon
Heirloom Tomato Topping:
1/2 lb. heirloom tomatoes, chopped (juices saved)
1 tsp. fresh basil, chopped
1/2 tsp. olive oil
1 tsp. shallot, minced
1 tsp. chives, chopped
1 tsp. white balsamic vinegar*
Salt and freshly ground black pepper, to taste","In a medium bowl, combine the tomatoes and their juices with the basil, olive oil, shallots, chives and vinegar.
Season with salt and pepper (to taste) and set aside.
Pat dry the halibut fillets with paper towels to remove extra moisture, and season with salt and pepper.
In a medium nonstick skillet, heat 1 tsp. of olive oil over medium-high heat.
Add the halibut and cook until browned on the bottom (or skin has turned crispy), about 5 minutes.
Flip the fillets and add the butter, thyme and lemon to the skillet; spoon the liquid over the fillets as they cook, about 2 minutes longer.
Transfer the halibut to a plate.
Spoon 2 Tbsp. of the tomato mixture on top of each filet.",*May substitute regular balsamic vinegar,https://www.aicr.org/cancer-prevention/recipes/pan-seared-halibut-with-heirloom-tomatoes/,AICR
Pumpkin Spice Overnight Oats,Entree,"With just five minutes of prep time the night before,
you’ll have an easy grab-and-go breakfast that will keep you satisfied all morning.
These hearty, pumpkin-spiced oats are packed with fiber, protein and cancer-fighting polyphenols.
Whole grains like oats can improve your digestion, aid in weight control, and lower your risk for colorectal cancer.",,340,"1/2 cup rolled oats
1/2 cup unsweetened almond milk (or any type of milk)
1/3 cup plain, reduced-fat Greek yogurt
1 Tbsp. ground flaxseed
2 Tbsp. pumpkin puree
1 Tbsp. maple syrup
1/2 tsp. vanilla extract
1/2 tsp. ground cinnamon
1/4 tsp. ground ginger
1/4 tsp. ground nutmeg
Pinch of salt","Stir together all ingredients in a medium-sized mixing bowl.
Add to a mason jar with a fitted lid.
Refrigerate and store overnight.",,https://www.aicr.org/cancer-prevention/recipes/pumpkin-spice-overnight-oats/,AICR
Mediterranean White Bean and Sorghum Salad,Entree,"Meal prep this healthy, delicious combination based on white beans, carrots, cauliflower, sorghum, pistachios, kale, and Mediterranean herbs.
In about 45 minutes, you can put together 4 plant-based, gluten-free entrée salads for a week of healthy eating.",,400,"Sorghum:
3 cups water
1 cup whole grain sorghum, uncooked
Roasted Vegetables and White Beans:
2 medium carrots, sliced
1 small green bell pepper, sliced
1 small red onion, sliced
1 can (15.5 oz.) white beans, rinsed, drained
1 small head cauliflower, separated into small florets
1 1/2 Tbsp. extra virgin olive oil
1/2 lemon, juiced
1 tsp. dried oregano
1/2 tsp. garlic powder
2 Tbsp. fresh chopped parsley (or 1 tsp. dried)
1 Tbsp. fresh chopped rosemary (or 1 tsp. dried)
1/4 tsp. black pepper
1 Sea salt (as desired, optional)
Add-ons:
4 cups baby kale
1/2 lemon, sliced into 4 wedges
1/4 cup roasted pistachios","In a medium saucepan, bring 3 cups of water to a boil.
Add sorghum, cover, and simmer over medium for about 45 minutes, until just tender.
Remove from burner.
Drain any remaining liquid.
While sorghum is cooking, prepare roasted vegetables and white beans.
Preheat oven to 375 F.
On a baking sheet, arrange a thin layer in vertical sections of: carrots slices, green bell pepper slices, red onion slices, white beans, and cauliflower florets.
Drizzle oil and lemon juice evenly over the vegetables.
Sprinkle the vegetables evenly with: oregano, garlic powder, parsley, rosemary, black pepper, and sea salt (if desired).
Mix the seasonings into the vegetables with tongs (or your hands) to distribute well.
Place on top rack of the oven and roast for about 30 minutes, until golden brown and tender.
Remove from the oven.
Prepare each salad: In each of four glass rectangular containers, arrange kale, and top with one-fourth of the cooked sorghum and one-fourth of the roasted vegetables and white beans.
Garnish with roasted pistachios.
Add a lemon wedge.
Cover and refrigerate for up to 5 days.
To serve, squeeze lemon wedge over salad and enjoy!","This recipe was created by Sharon Palmer, MSFS, RDN, The Plant-Powered Dietitian.",https://www.aicr.org/cancer-prevention/recipes/mediterranean-white-bean-and-sorghum-salad/,AICR
Green Goddess Buddha Bowl,Entree,"Buddha bowls—light, healthy meals comprised of a whole grain, lots of vegetables, a healthful protein source, and a flavorful sauce—are all the rage.
This bowl combines the star nutrition power of whole grain sorghum and beans with cool green veggies, such as arugula, avocados, cucumbers, asparagus, and pumpkin seeds.
Plus, it’s topped with a house-made, plant-based Green Goddess Dressing that is as tasty as it is pretty.",,340,"Buddha Bowl
2 cups cooked whole grain sorghum, cooled
1 can (15.5 oz.) white beans (i.e., Great Northern, cannellini)
1 bunch fresh asparagus, trimmed, sliced
4 cups packed baby arugula leaves
1 medium avocado, sliced
1 medium cucumber, sliced
1/4 cup pumpkin seeds
Green Goddess Dressing
1 1/2 Tbsp. plain, unsweetened plant-based milk (i.e., soy, almond, coconut)
1/4 ripe large avocado, peeled, sliced
1/4 cup diced cucumber, with peel
3 Tbsp. chopped fresh herbs (i.e., dill, parsley, oregano, basil, thyme, cilantro)
1 stalk green onion, white and green parts, diced
1 small garlic clove
Pinch white pepper
2 Tbsp. lemon juice, freshly squeezed","Cook whole grain sorghum to make 2 cups, according to package directions, and cool, draining any remaining liquid.
Assemble dressing by placing all of the dressing ingredients into the container of a small blender and process until smooth.
Rinse and drain white beans and set aside.
Blanch asparagus by cooking it in boiling water for 3-4 minutes, until tender, but bright green; set aside.
Arrange 1 cup arugula leaves at the bottom of each large, individual serving bowl (4).
Arrange over the arugula leaves in each bowl (4): ¼ of the white beans (about ½ cup), ½ cup cooked, cooled sorghum, ¼ sliced avocado, ¼ of the cucumber slices (about ½ cup), ¼ of the blanched, cooled asparagus, a dollop (about 2 tablespoons) of Green Goddess Dressing (see below), and sprinkle with 1 tablespoon pumpkin seeds
For the Green Goddess dressing, blend all ingredients together.
Serve immediately.","This recipe is co-sponsored by United Sorghum Checkoff and American Pulse Association.
If you’re interested in becoming a corporate sponsor please contact our Corporate and Foundations Relations Department at sponsorship@aicr.org. All AICR Health-e-Recipes meet AICR recipe guidelines and are reviewed and analyzed by AICR Registered Dietitians.
This recipe is by Sharon Palmer, RDN, The PlantPowered Dietitian. She is a Los Angeles-based, award-winning food and nutrition writer, plant-based food expert, and author of Plant-Powered for Life and The Plant-Powered Blog.",https://www.aicr.org/cancer-prevention/recipes/green-goddess-buddha-bowl/,AICR
Sage White Bean Veggie Balls with Pomegranate Mandarin Sauce,Entree,"Veggie “meatballs” are one of the healthiest food trends today.
They are savory little balls of beans, veggies and whole grains baked into golden perfection and served with a flavorful sauce.
Plant-based dishes like this can be the star of your plate, taking the place of less healthful protein choices.
In fact, eating a more plant-based diet is linked with a multitude of health benefits, including lower risk of cancer.",,257,"Sage White Bean Veggie Balls:
1 small sweet potato, chopped in chunks
1 small red onion, chopped in chunks
2 stalks celery
8 ounces brown mushrooms
1/2 cup hazelnuts
2 garlic cloves
2 sprigs fresh sage
1/2 tsp. ground mustard
1/2 tsp. celery salt
1/2 tsp. black pepper
1 Tbsp. soy sauce
1 tsp. pure maple syrup
1 lemon, juiced
1/2 cup breadcrumbs
1/2 cup oats
2 Tbsp. ground flax seeds
Salt, to taste
2 15.5-oz cans white (cannellini) beans, rinsed and drained
non-stick cooking spray
Pomegranate Mandarin Sauce:
1 cup pomegranate juice
1 large mandarin orange, juice and zest
1 1/2 tsp. pure maple syrup
1/2 tsp. cardamom
1 1/2 Tbsp. cornstarch
1 large pomegranate, seeded","Using a food processor, finely shred or chop the sweet potato, onion, celery, mushrooms, hazelnuts, garlic and sage quickly, just until vegetables are chopped but not liquefied.
Mix in mustard, celery salt, black pepper, soy sauce, maple syrup, lemon juice, breadcrumbs, oats, and flax seeds. Season with salt as desired (optional). Transfer to bowl.
Mash the drained beans with a potato masher until smooth, with chunks remaining. Add to vegetable mixture, combining well.
Cover and refrigerate for 1 hour.
Preheat oven to 375 F.
Shape mixture into about 40 golf ball-sized balls
Place veggie balls on baking sheet sprayed with nonstick cooking spray.
Bake at 375 F for 55-60 minutes, until golden brown and cooked through.
To make pomegranate mandarin sauce, whisk together pomegranate juice, mandarin orange juice, maple syrup, cardamom and cornstarch in a small saucepan. Heat over medium heat until bubbly and thickened. Stir in orange zest and pomegranate seeds and chill.
Serve veggie balls with sauce.","When using a food processor the shredding attachment works best to shred or chop vegetables.
This recipe is by Sharon Palmer, RDN, The PlantPowered Dietitian. She is a Los Angeles-based, award-winning food and nutrition writer, plant-based food expert, and author of Plant-Powered for Life and The Plant-Powered Blog.",https://www.aicr.org/cancer-prevention/recipes/sage-white-bean-veggie-balls-with-pomegranate-mandarin-sauce/,AICR
Lemony Shrimp Sorghum Risotto,Entree,"This one-pot risotto features ancient grains, peas, and zesty lemon.
Sorghum is an up-and-coming whole grain that packs plenty of fiber, protein and cancer-fighting compounds.
Shrimp adds extra protein, but can easily be substituted with fall veggies for a vegetarian version of this comforting classic.",,270,"2 Tbsp. extra virgin olive oil
1 lb. shrimp, fresh or frozen (thawed)
1 cup whole grain sorghum (optional, rinsed and soaked overnight)*
1 medium onion, chopped
2 cloves garlic, minced
4-5 cups low-sodium vegetable broth
1 cup frozen peas (no-salt added)
1 lemon juice
1 tsp. ground black pepper
1 cup loosely packed basil leaves, chopped
1/4 cup grated Parmesan cheese
1/2 tsp. lemon zest","Heat 1 tablespoon oil in large pan over medium heat. Add shrimp and cook until opaque, about 3 minutes. Remove from heat and chop roughly on a cutting board. Set aside.
Heat remaining tablespoon oil in the pan over medium heat and add the onion and garlic. Stir and cook until translucent, about 2-3 minutes.
Add toasted sorghum back to pan with onion and garlic and stir around for 1-2 minutes. Add 1 cup broth and stir gently, allowing sorghum to absorb the liquid.
Once first cup of broth is absorbed, add 3 more cups vegetable broth, cover with lid, and reduce heat to low.
Cook for 50-60 minutes, stirring periodically, or until broth is almost completely absorbed and the sorghum is tender (if the sorghum is hard, add more broth and continue cooking for 10-15 minutes).
Add peas, shrimp, pepper and lemon juice, stir, and cook for 4-5 minutes (add more broth if needed).
Remove from heat. Add basil, cheese and lemon zest and stir. Garnish with a sprinkle of freshly chopped basil on top.",,https://www.aicr.org/cancer-prevention/recipes/lemony-shrimp-sorghum-risotto/,AICR
Salad Nicoise,Entree,"French cuisine doesn’t have to mean rich, buttery dishes.
This salad, originating in the French Riviera, is the perfect light summer entrée with a variety of nutrient-rich plant foods and a little lean protein.
Our recipe is close to the traditional, but easier to assemble with options for canned tuna and frozen green beans.
You can even prepare the ingredients ahead of time and dress with simple oil and vinegar right before serving.",,480,"16 Romaine lettuce leaves, torn into large pieces
2 (6 oz.) cans chunk light tuna in water, drained
1 1/4 pounds baby potatoes, cooked and halved
1 pound trimmed fresh green beans or 1 package frozen green beans, cooked
1 Tbsp. capers, rinsed and dried
2 hard-boiled eggs, quartered
3 medium ripe tomatoes, cut into wedges
4 anchovy fillets, rinsed and dried (optional)
1/4 cup olives
8 very thin slices red onion
2 Tbsp. Red wine vinegar
1 garlic clove, finely minced
2 Tbsp. plus 1 tsp. extra-virgin olive oil
Salt and freshly ground black pepper, to taste","Arrange lettuce leaves to cover a large serving platter.
Mound the tuna in the center of the platter and arrange the potato halves in a ring around the tuna.
Arrange cooked green beans around potatoes and sprinkle capers over potatoes.
Alternate the hard-boiled eggs, tomato wedges, and anchovies (if using) around beans.
Sprinkle olives over salad and arrange onions on top.
In a small bowl, combine vinegar and garlic.
Whisk in olive oil.
Season to taste with salt and pepper.
Pour the dressing over the salad, making sure to moisten the tuna well.",,https://www.aicr.org/cancer-prevention/recipes/salad-nicoise/,AICR
Peppered Tilapia with Caramelized Onions and Spinach,Entree,"A nutrient-dense, one-skillet recipe that you can whip up with minimal mess.
Tilapia is packed with protein, vitamin B12 and selenium.
Spinach adds a healthy dose of lutein and zeaxanthin, antioxidants that help prevent cell damage and may reduce cancer risk.
Prepare this meal when you want a simple yet delicious weeknight dinner.",,240,"4 tsp. whole black peppercorns
1 lb tilapia, 4 fillets
1/2 tsp. salt
10 oz baby spinach
3 Tbsp. extra virgin olive oil, divided
1 Spanish onion, very thinly sliced
Olive oil cooking spray","Put peppercorns in re-sealable plastic bag.
Lay bag on cutting board and pound peppercorns using a mallet or rolling pin until coarsely crushed.
Sprinkle both sides of fillets lightly with salt.
Sprinkle and press crushed peppercorns on both sides of fillets. Set aside.
In large bowl, toss spinach with 1 tablespoon oil until leaves glisten.
Heat large skillet over medium-high heat.
Add spinach and cook until leaves collapse, stirring often, about 2 minutes.
Transfer spinach to large plate, cover to keep warm and set aside.
Wipe out pan and set aside.
Using same bowl, toss onions with 1 tablespoon oil.
Return skillet to medium-high heat and cook onions, stirring occasionally, until softened and lightly browned, about 10 minutes.
Add onions to plate with spinach.
Wipe out skillet and coat with cooking spray.
Add remaining 1 tablespoon oil.
Return pan to medium-high heat.
Add fillets and cook until browned and crusty on bottom, 3 to 4 minutes.
Using wide spatula, turn fish and cook until white in center at thickest part and flakes easily with fork, 3 to 4 minutes.
To serve, arrange spinach in bed on each of four dinner plates.
Place fish on top and arrange onions over fish.",,https://www.aicr.org/cancer-prevention/recipes/peppered-tilapia-with-caramelized-onions-and-spinach/,AICR
Turkey Fajitas with Baby Spinach and Red Peppers,Entree,"The protein-packed lean turkey breast and whole-wheat tortillas give you long-lasting energy and staying power to satisfy your hunger.
Filled with colorful veggies like spinach, onion and peppers, this dish offers a great introduction to a variety of cancer-fighting foods.",,280,"Seasoning Marinade:
1/2 tsp. chili powder
1/4 tsp. ground cinnamon
1/4 tsp. ground cumin
1/4 tsp. garlic powder
1/8 tsp. finely ground coffee
1/8 tsp. ground black pepper
Filling:
1/2 Tbsp. canola oil
1 lb turkey cutlets or boneless turkey breast, cut into 3/4-inch by 3-inch pieces
4 taco-size (9-in) whole-wheat tortillas
1 1/3 cups lightly packed baby spinach
1/2 cup salsa verde
2 (1/2-in) slices red onion, halved crosswise
12 (1/2-in) strips red bell pepper","In a small bowl, whisk together the chili powder, cinnamon, cumin, garlic powder, coffee and black pepper.
Place the canola oil and turkey in mixing bowl and add dry seasoning. Using a fork or your hands, mix to coat turkey evenly with the marinade. Set aside for 20-30 minutes.
Heat a medium cast iron skillet over medium-high heat. Lay a large sheet of foil on your work surface.
One at a time, heat tortillas in dry pan until they are flexible, about 1 minute, turning them after 30 seconds. Stack tortillas on foil, covering them with an inverted plate until all tortillas are warmed, then seal tortillas in foil, and set them aside.
Heat a grill-pan or stovetop grill over high heat until a drop of water flicked onto it dances. Using tongs, arrange seasoned turkey pieces in rows on grill, placing them 1/2-inch apart. This may require cooking turkey in two batches. Grill for 6 minutes, turning pieces every 1 minute so they cook evenly and to avoid burning. Transfer cooked turkey to serving plate.
To assemble fajitas, place warm tortilla on a dinner plate, preferably warm. Arrange one-fourth of spinach in center of tortilla. Add one-fourth of turkey. Spoon on one-fourth of salsa, top with half an onion slice and 4 pepper strips. Fold in the top and bottom of the tortilla, then sides.
Serve immediately.",,https://www.aicr.org/cancer-prevention/recipes/turkey-fajitas-with-baby-spinach-and-red-peppers/,AICR
Cauliflower Osso Bucco,Entree,"Cauliflower steaks are a great culinary alternative to various animal-based proteins.
If you follow a plant-based diet, think about using them in place of beef, veal or other animal proteins.
Foods that are rich in vitamin C, like cauliflower, can help with iron absorption.
Cauliflower may also have cancer-fighting properties, as it is a cruciferous vegetable that contains phytochemicals.",,210,"1 lb fresh cauliflower head
1/4 cup white whole-wheat flour
1 Tbsp. olive oil
2 cloves garlic, minced
2 carrots, chopped
2 tsp. lemon zest
1 cup no salt added tomato paste
1 1/2 cups low sodium vegetable broth (may need more)
Salt and black pepper, to taste","Preheat oven to 350 degrees F.
Wash and slice cauliflower into “steaks.”
Dredge cauliflower in flour (you may need to dip it in water briefly first to get the flour to stick).
Place olive oil in large skillet and briefly brown the cauliflower steaks on medium high heat until they are a rich golden color. Turn at least once during cooking to prevent burning and ensure steaks have a slight golden crust on both sides.
Push cauliflower to the side of the pan (or remove it to a plate if pan is too crowded) and add the garlic, carrots and lemon zest. Sauté for 3-5 minutes, stirring occasionally.
Add the tomato paste and broth and stir until blended. (If you removed the cauliflower from the pan in step 3, add it back to the pan at this time.)
Cover the pan and place in the 350 degree F oven to bake for approximately 45 minutes until the cauliflower is soft and the sauce is blended.
Adjust seasonings if needed. To serve, garnish with gremolata.
To make gremolata,: Using a small bowl, combine 4 cloves of finely minced garlic, 1/2 cup washed and finely chopped fresh parsley, and 1 Tbsp. lemon zest. Cover and refrigerate until ready to use.",,https://www.aicr.org/cancer-prevention/recipes/cauliflower-osso-bucco/,AICR
Quinoa Risotto Primavera,Entree,"Take advantage of abundant spring vegetables with this colorful risotto that cooks in about half the time of the traditional dish.
Quinoa adds protein and fiber and complements the texture of the finely chopped cauliflower.
Tossed with baby carrots, green peas and sautéed onion, this dish packs a full serving of veggies in each portion.",,120,"2.5 cups cauliflower florets cut into 1-inch pieces, stems well-trimmed
1 1/2 tbsp extra virgin olive oil
1/2 cup finely chopped onion
2 Tbsp. finely chopped shallot
2/3 cup quinoa, rinsed and drained
3 1/2 cups fat-free, reduced sodium chicken broth, divided
1/3 cup thinly sliced baby carrots
1/2 cup frozen peas
1/4 cup grated Parmesan cheese
salt and freshly ground black pepper
1/3 cup chopped flat leaf parsley","Place cauliflower in food processor. Pulse until cauliflower resembles crumbled feta, about 15-20 pulses; there should be 2 cups chopped cauliflower to set aside. Add leftovers to soup or salad.
In heavy, wide, large saucepan, heat oil over medium-high heat. Add onion and cook, stirring often, for 3 minutes. Add shallots and cook until golden, about 3 minutes, stirring occasionally. Add quinoa and cook, stirring constantly, until grain makes constant crackling, popping sound, about 5 minutes. Carefully add 2 cups broth, standing back as it will spatter. Cover, reduce heat and simmer quinoa for 10 minutes.
Add cauliflower, carrots and 1/2 cup hot broth and simmer, uncovered, for 5 minutes, stirring often. Add peas and enough broth to keep risotto soupy, about 1/4 cup. Cook 8-10 minutes, or until quinoa is al dente or to your taste and vegetables are tender-crisp, adding broth 1/4 cup at a time, as needed. Risotto is done when liquid is mostly absorbed and mixture is slightly wet, but not soupy. Off heat, stir in cheese and season to taste with salt and pepper. Garnish with parsley and serve. Leftover risotto keeps for 3 days, covered in refrigerator, and can be served at room temperature as a whole-grain salad.",,https://www.aicr.org/cancer-prevention/recipes/quinoa-risotto-primavera/,AICR
Sweet Potato and Spinach Turkey Burgers,Entree,"The secret to these flavorful turkey burgers is the aromatic combination of fresh herbs, onions, and garlic mixed with mashed sweet potato and spinach.
Filled with extra veggies, this burger makes AICR’s recommendations easy to follow.
Plus the fresh herbs are loaded with an abundance of phytochemicals that promote good health and may help prevent inflammation.",https://www.youtube.com/watch?v=E909FJ9bUqs&start_radio=1,340,"1 medium sweet potato, cut into 3/4-inch chunks (about 2 cups)
Cooking spray
1 lb. lean ground turkey
2 cups medium packed fresh spinach, chopped small
1 small onion, finely chopped
2 large cloves garlic, minced
2 tsp. finely chopped fresh rosemary
2 tsp. finely chopped fresh sage
2 tsp. finely chopped fresh thyme
3/4 tsp. salt
1/2 tsp. black pepper
1 Tbsp. extra-virgin olive oil
6 whole-grain buns
Lettuce and sliced tomato (optional)","Microwave sweet potato 4-6 minutes or steam 15 minutes until tender.
While sweet potato is cooking, prepare grill and set heat on medium-high.
If broiling, set top rack on second rung (at least 6 inches from broiler) and set heat on broil.
Prepare large broiler pan with cooking spray.
In large bowl, mash sweet potato.
Add turkey, spinach, onion, garlic, herbs, salt, pepper and oil.
Mix together and form 6 patties about 1/2-inch thick.
Grill patties 4-8 minutes on each side or until center is 165 degrees F.
If broiling, arrange patties on broiler pan and broil 4-8 minutes on each side or until center is 165 degrees F.
Serve on whole-grain buns with lettuce and tomato (optional).",Leftover Patties can be frozen in individual portions for later use.,https://www.aicr.org/cancer-prevention/recipes/sweet-potato-and-spinach-turkey-burgers/,AICR
Balsamic Glazed Carrots,Entree,"This colorful side can be whipped up in less than 15 minutes and requires only five ingredients.
Balsamic vinegar and a little brown sugar form a beautiful glaze that brings out the natural sweetness of carrots.
This healthy vegetable contains the antioxidant beta-carotene (a plant form of vitamin A), as well as other beneficial carotenoids.",,80,"1 Tbsp. peanut or canola oil
4 cups baby-cut carrots or 1/2-inch diagonally sliced carrots
2 Tbsp. balsamic vinegar
2 Tbsp. brown sugar
Salt and freshly ground black pepper to taste","In large skillet, heat oil over medium-high heat.
Add carrots. Sauté until carrots become tender crisp and start to brown slightly, about 11-12 minutes.
Reduce heat to medium. Sprinkle vinegar and sugar over carrots, stirring to thoroughly coat carrots.
Season to taste with salt and pepper.
Remove from heat and serve warm.",,https://www.aicr.org/cancer-prevention/recipes/balsamic-glazed-carrots/,AICR
Southwest Vegetable Frittata,Entree,"If you’re in a breakfast rut, this recipe is the perfect start to help you eat healthier all day long.
A delicious combination of vegetables, beans and eggs follow our cancer-protective proportions of plant and animal foods.
Seasoned with salsa, cilantro and topped with cool avocado, this frittata is sure to make it into your morning routine.",,220,"1 Tbsp. canola or olive oil
1/2 cup diced red pepper
1/4 cup diced yellow onion
1/2 small jalapeño pepper, seeded and finely minced
1/2 cup canned black beans, drained and rinsed
6 large eggs
Salt and pepper, to taste
1/4 cup grated reduced-fat sharp cheddar cheese
1/4 avocado, thinly sliced
1/2 cup chunky salsa or pico de gallo
2 Tbsp. chopped cilantro, for garnish (optional)","In large skillet, heat oil over medium-high heat.
Add red pepper, onion, jalapeño and black beans and sauté 5 minutes, being careful not to mash beans. With wooden spoon, stir vegetables and beans until evenly distributed.
Beat eggs in a bowl and pour eggs over top. Spread with spoon to evenly distribute across vegetables and beans. Sprinkle with salt and pepper. Cover and cook over medium heat until eggs are just set, about 2-3 minutes.
Remove pan from heat and sprinkle with cheese. Cover and allow cheese to melt for just a minute. Gently slide the frittata onto a plate or platter.
Top with avocado slices and salsa. If desired, garnish with fresh cilantro.",,https://www.aicr.org/cancer-prevention/recipes/southwest-vegetable-frittata/,AICR
Glazed Chicken and Swiss Chard Roll Ups,Entree,"This recipe is a fun way to marry chicken and Swiss chard.
Fill and roll the chicken cutlets with a flavorful blend of vegetables and load your plate with fiber, vitamins A, C and E, potassium and calcium.
The delicious honey mustard glaze complements the earthy flavor of Swiss chard.
Bed the chicken roll ups on roasted vegetables for additional health-promoting plant foods!",,280,"4 chicken cutlets (1 lb.)
4 large Swiss chard leaves
1 Tbsp. extra virgin olive oil
2 medium carrots, peeled and cut in 1-inch diagonal slices
4 small shallots, thinly sliced
4 cloves garlic, minced
Salt and freshly ground black pepper
Olive oil cooking spray
1/4 cup cup shredded, part-skim mozzarella cheese
1/4 cup honey
1/2 tsp. dried mustard","Preheat oven to 375 degrees F.
Rinse Swiss chard, cut stems from leaves and chop leaves and stems into 1-inch pieces, separating stems from leaves.
In large skillet, heat oil over medium-high heat. Sauté carrots and Swiss chard stems for 5 minutes. Add chard leaves, shallots and garlic and sauté 5 minutes. Salt and pepper to taste. Set aside.
Prepare large, shallow baking pan with cooking spray. Place cutlets in pan and spoon chard mixture evenly on cutlets. Sprinkle cheese evenly over chard mixture. Roll up cutlets and fasten with toothpicks. Leave seam side upward. In small dish, combine honey and mustard and baste roll-ups.
Bake roll-ups for 30-35 minutes or until internal temperature is 165 degrees fahrenheit. While roll-ups are baking, baste periodically.
Remove roll-ups from oven and let rest a few minutes before serving. Serve roll-ups whole or sliced.",,https://www.aicr.org/cancer-prevention/recipes/glazed-chicken-and-swiss-chard-roll-ups/,AICR
Wild Alaska Pollock Rainbow Bowl with Creamy Green Dressing,Entree,"Enjoy a creative take on Wild Alaska Pollock and a variety of veggies for a gorgeous, nutrient-packed meal.
This unique dish boasts a healthy dose of fiber, vitamin K, the antioxidant vitamin C, and omega-3 fats.
The creamy green dressing tops off the explosion of color, crunch and rich flavor for a delicious show-stopper dinner.",,710,"Dressing:
⅓ cup mayonnaise
⅓ cup plain yogurt
2 Tbsp. lime juice
1 tsp. honey
Pinch of black pepper
3 Tbsp. water
1 packed fresh spinach leaves
⅓ cup extra virgin olive oil
Salt, to taste
Quinoa:
1 tbsp extra virgin olive oil
1 cup quinoa (any variety)
2 cups low-sodium chicken broth or water
Vegetables:
½ lb sugar snap peas, sliced in half on the diagonal
12 cherry tomatoes, halved
8 radishes, thinly sliced
½ cup cilantro leaves
2 medium avocados, sliced
Fish:
Cooking spray
4 6 oz Alaska pollock fillets
2 tbsp olive oil
1-2 tsp ancho chili powder, to taste
Freshly ground black pepper
1 lime, cut into 4 wedges","In a saucepan over medium-high heat, heat oil. Add quinoa. Stir for 5 to 6 minutes, or until the quinoa pops and sizzles and smells toasty.
Add broth or water and bring to a boil. Adjust heat to a simmer, cover pot and cook for 15 minutes, or until the water is absorbed and the grains are tender. Fluff with a fork and keep warm.
In a blender, combine mayonnaise, yogurt, lime juice, honey, pepper, water and spinach leaves. Purée until smooth. With the blender on, gradually add the oil. Add salt to taste.
Bring a saucepan of salted water to a boil. Add snap peas and cook for 2 minutes. Drain in a colander and transfer to a plate. Place tomatoes, radishes, cilantro and avocados on a large plate.
Preheat broiler to high and set an oven rack 4 inches below the broiler. Line baking sheet with foil and spray with non-stick spray (Or use non-stick foil).
Place Alaska pollock fillets on baking sheet and brush with oil. Sprinkle with chili powder and pepper, and gently rub spices into fish. Squeeze a wedge of lime over each fillet.
Broil for 5 to 7 minutes, or until fish is lightly browned and cooked through. Cover loosely with foil and let fish rest for 5 minutes.
To assemble, divide quinoa evenly between four bowls. Arrange snap peas, tomatoes, radishes, cilantro and sliced avocado over top. Place Alaska pollock on top and drizzle with dressing. Serve with extra dressing on the side.","This recipe is sponsored by Alaska Seafood Marketing Institute (ASMI).
If you’re interested in becoming a corporate sponsor please contact our Corporate and Foundations Relations department at sponsorship@aicr.org.
All AICR Health-e-Recipes meet AICR recipe guidelines and are reviewed and analyzed by AICR Registered Dietitians.",https://www.aicr.org/cancer-prevention/recipes/wild-alaska-pollock-rainbow-bowl-with-creamy-green-dressing/,AICR
Spicy Slow Cooked BBQ Peach Pulled Pork Sandwiches,Entree,"Enjoy your Independence Day barbecue this year by doing all the cooking ahead of time.
This sweet and spicy twist on traditional pulled pork sandwiches takes just 15 minutes to prep before simmering deliciously in the slow cooker.
Our homemade barbecue sauce features fresh peaches and a kick of Jalapeno peppers.
Whip up a simple pasta salad and put out some veggie trays for a beautiful spread without stress.",,340,"Pulled Pork:
2.5 lbs boneless pork loin roast (center cut, trimmed of all fat)
1 yellow onion, thinly sliced
3 cloves garlic, finely chopped
2 tsp. apple cider vinegar
2 tsp. Hickory liquid smoke
1 tsp. salt
1 cup homemade spicy peach BBQ sauce
8 whole wheat buns
Jalapeño Peach BBQ Sauce:
1 lb fresh peaches (about 2 medium)
3/4 cup sweet onion, chopped
1 1/2 Tbsps fresh jalapeño, minced
1 Tbsp extra virgin olive oil
1/4 cup cider vinegar
1/4 cup bourbon
2 Tbsp honey
2 Tbsp Dijon mustard
1/4 tsp chili powder
1/2 tsp dry mustard
1 Tbsp Worcestershire sauce
1/4 tsp salt","Pulled Pork:
Place the sliced onion in the slow cooker and top with pork.
Season pork with salt, vinegar, garlic and liquid smoke.
Cover and cook on high for 6 hours.
Remove pork and transfer onto a large dish; reserve the liquid into a cup and set aside.
Shred the pork with two forks and put it back into the slow cooker along with about 3/4 cup of the reserved liquid and 1 cup of the BBQ sauce.
Cook on high one more hour.
Serve on whole wheat buns.
Jalapeño Peach BBQ Sauce:
Cut an “X” in bottom of each peach, and blanch in a medium saucepan of boiling water 10 seconds.
Transfer peaches to a bowl of ice and cold water and cool.
Peel peaches and coarsely chop.
Sauté onion, jalapeño, and a pinch of salt in oil in a large saucepan over medium heat, stirring occasionally, until translucent, 8 to 10 minutes.
Add peaches and remaining ingredients and simmer, uncovered, stirring occasionally, until peaches are very tender, about 30 minutes.
Allow to cool slightly, then puree all ingredients in a blender or food processor to desired consistency.",,https://www.aicr.org/cancer-prevention/recipes/spicy-bbq-peach-pulled-pork-sandwiches/,AICR
Summer Shrimp and Pineapple Stir Fry,Entree,"Stir-fries are quick, versatile, and pack a variety of flavors and textures into a one-pot meal.
This shrimp and pineapple version features a colorful variety of snap peas, pineapple, basil, and bell pepper.
You can switch up the vegetables for any you have on hand and add a different protein like chicken or tofu.
No matter how you mix it up, it cooks in about 15 minutes, making it a great, healthy option for a busy weeknight.",,270,"Stir Fry:
2 tsp. olive oil, divided
1.5 lbs. raw shrimp, peeled and deveined (can be fresh or thawed from frozen)
2 large heads of broccoli, chopped
2 cups fresh snap peas
1 red bell pepper, chopped
2 cloves garlic, minced
1 8 oz. can sliced water chestnuts
1/2 medium whole pineapple, chopped
1 small bunch or about 12 basil leaves, thinly sliced
2 tsp. sesame seeds
Teriyaki Sauce:
1/4 cup reduced sodium tamari
1/2 cup cold water
1 Tbsp. lime juice
2 Tbsp. finely grated ginger (or 1 tsp powdered ginger)
2 tsp. cornstarch
1 tsp. honey (can sub agave or brown sugar)
Dash of red pepper flakes, if desired","Prepare teriyaki sauce by mixing all ingredients in a small bowl. Set aside.
Heat 1 tsp. of olive oil in a saucepan over medium high heat. Add shrimp and cook, stirring frequently for about 2-4 minutes, or until shrimp are pink and opaque. Remove shrimp from pan to a plate or bowl and set aside.
Heat the remaining olive oil in a large saucepan or wok over medium high heat. Add broccoli, snap peas, peppers, and garlic to the pan. Saute, stirring frequently, for 2-3 minutes.
Add the teriyaki sauce and reduce heat to medium and cover pan with a lid. Cook for an additional 5 minutes.
Remove lid and add shrimp, water chestnuts and pineapple. Cook for an additional 1-2 minutes, or until vegetables are fork tender.
Serve on its own or over brown rice, quinoa, or another whole grain of your choice. Finish with a garnish of thinly sliced basil and sesame seeds.",,https://www.aicr.org/cancer-prevention/recipes/summer-shrimp-and-pineapple-stir-fry/,AICR
Moroccan Chickpea Sorghum Bowl,Entree,"There’s nothing quite like a meal bowl, filled with the goodness of whole grains, pulses, and roasted vegetables.
The flavors of Morocco—spice, lemons, and olives—shine through in this easy, nutritious bowl.
It’s perfect for meal prep—prepare this vegan, gluten-free recipe and pack it up for several healthy meals all week long.
Or serve it for your next family meal as a one-dish wonder.",,410,"2 cups cooked whole grain sorghum
1 medium red onion, sliced into thin wedges
1 medium red bell pepper, sliced into thin strips
3 small carrots (red, purple, orange, yellow, or white), sliced
8 ounces Brussels sprouts, sliced in half vertically
1 15-ounce can chickpeas, rinsed, drained
2 Tbsp. extra virgin olive oil
1/4 cup fresh lemon juice
1 1/2 Tbsp. ras el hanout (Moroccan spice blend, see directions below)
2 garlic cloves, minced
Pinch salt (optional)
2 cups chopped greens (i.e., kale, spinach, arugula leaves)
12 black olives (i.e., Kalamata, Picholine, Nicoise), rinsed, drained","Cook sorghum according to package directions.
While sorghum is cooking, preheat oven to 375 F.
Arrange rows of sliced red onions, sliced red bell pepper, sliced carrots, halved Brussels sprouts, and chickpeas on a baking sheet (see picture).
Make the vinaigrette by whisking together olive oil, lemon juice, ras el hanout, garlic, and salt (optional) in a small dish.
Drizzle the vinaigrette evenly over the vegetables and chickpeas in the baking sheet.
Place on the top rack of the oven and roast for about 45 minutes, until vegetables are tender and golden brown.
Remove vegetables from oven.
To make each large individual bowl (makes 4 bowls): In each bowl, arrange 1/2 cup cooked sorghum on one side, and 1/2 cup greens on the other side.
On each bowl, arrange on top of the sorghum and greens the following: 1/4 of the onions, 1/4 of the bell pepper, 1/4 of the carrots, 1/4 of the Brussels sprouts, 1/4 of the chickpeas, and 3 black olives.
Serve immediately.","You can meal prep this recipe by making 4 individual servings and place in airtight containers to use up within 5 days.
You can also make this recipe into a family-style meal by following the instructions, but serving it in one large bowl rather than 4 individual bowls.

Ras el hanout is a Moroccan spice blend available in specialty spice and gourmet stores and online shops.
You can make it yourself by mixing: 1 teaspoon ground cumin, 1 teaspoon of ground ginger, 1 teaspoon ground turmeric, 1 teaspoon paprika, 3/4 teaspoon ground cinnamon, 1/2 teaspoon ground coriander, 1/2 teaspoon cayenne pepper, 1/2 teaspoon ground cardamom, 1/2 teaspoon ground nutmeg, and 1/4 teaspoon of ground cloves.
Store in an airtight container.

This recipe is by Sharon Palmer, RDN, The PlantPowered Dietitian.
She is a Los Angeles-based, award-winning food and nutrition writer, plant-based food expert, and author of Plant-Powered for Life and The Plant-Powered Blog.",https://www.aicr.org/cancer-prevention/recipes/moroccan-chickpea-sorghum-bowl/,AICR
Fresh and Light Veggie Pad Thai,Entree,"This versatile one-pot packs plenty of vegetables,
plant protein, whole grains and flavorful herbs.
Pad Thai may look daunting, but you can use any vegetables you have on hand
and it takes just 15 minutes to cook. Restaurant versions use fried rice and heavy sauce.
This healthy homemade recipe tastes better and isn’t overly oily.
Try this for your family’s next Meatless Monday dinner or prep lunches for the whole week.",,480,"8 ounces dried wide, flat rice noodles (preferably brown rice noodles)
1 Tbsp. olive, sesame, or canola oil (divided)
8 ounces extra firm tofu, drained and cut into ½ inch cubes
2 large eggs
1/2 yellow onion, chopped
3 cloves garlic, minced
1 head of broccoli, cut into small florets
1 zucchini, spiralized (or sliced into thin, long strips)
1 cup snap peas
2 carrots, grated
1 cup mung bean sprouts
1/4 cup fresh basil, chopped
1/4 cup fresh cilantro, chopped
Crushed red pepper, to taste
Sauce
1 Tbsp. fish sauce
2 Tbsp. rice vinegar
1 Tbsp. reduced sodium soy sauce or tamari (gluten-free)
1 Tbsp. honey (or sub another sweetener)
1/4 cup lime juice (juice of 1-2 limes)
Garnishes
2 Tbsp. peanuts, chopped
Lime wedges","Prepare the sauce by whisking together all the sauce ingredients in a small bowl and set aside.
Next, prepare the noodles according to package instructions. For most rice noodles: bring a pot of water to a boil, remove from heat and let the noodles soak in the hot water until just al dente (about 10 minutes). Drain and set noodles aside.
Heat 1/2 of the oil over medium-high heat.
Sauté tofu about 3 minutes, or until just getting golden brown. Rotate the pieces to get a golden color on all sides. Move it to the edge of the pan.
Crack eggs into the pan, sauté with spatula to break yolk and scramble until just cooked through (about 1 min). Set the egg and tofu aside on a plate for a later step.
Add the remaining oil to the pan and add the onion and garlic. Sauté 1-2 minutes, or until just translucent. Optional: add a pinch of red chili flakes for extra heat.
Sauté the rest of your vegetables until they are just fork-tender and still bright in color, about 3 minutes.
Add the noodles, sauce, and tofu/egg mixture to the pan. Gently mix everything together so the flavors combine and the noodles can soak up the sauce. Add most of the herbs and bean sprouts (reserve a handful for garnish).
Serve with a topping of fresh herbs, the remaining bean sprouts, lime wedges, and a sprinkle of peanuts.",,https://www.aicr.org/cancer-prevention/recipes/fresh-and-light-veggie-pad-thai/,AICR
Bagel Avocado Toast with Salmon,Entree,"A healthy morning meal is a great chance to start your day with a variety of healthy foods.
This flavorful take on the bagel lox features a whole-grain base, protein-rich Alaska salmon and fresh avocado, tomatoes and onion.
It contains fiber, vitamins, minerals and phytochemicals to keep your family healthy now and lower risk for cancer later in life.
Enjoy this breakfast open faced with a cup of coffee or tea.",,590,"3 Tbsp. sesame seeds
3 Tbsp. poppy seeds
1 Tbsp. dried minced onion
2 tsp. dried minced garlic
1/2 tsp. coarse or flaked salt
1 egg white
2 Tbsp. cornstarch
4 (4-ounces each) wild Alaska salmon fillets, preferably cut from the thinner tail end
2 Tbsp. olive oil
2 whole grain bagels, halved and toasted
1 avocado, seeded, sliced, and scooped
2 small lemons, quartered
Salt and pepper, to taste
8 slices tomato (4 if tomatoes are large)
4 slices red onion
4 tsp. capers (optional)
1 tsp. chopped parsley, for garnish","In a bowl, stir together the sesame seeds, poppy seeds, dried onion, dried garlic and salt.
In a small bowl with a fork, stir the egg white and cornstarch together until smooth. Brush the skinless sides of the salmon fillets with the egg-white mixture. Spread the seeds on a plate. Press the skinless side of salmon fillets into the seeds to coat them.
In a large nonstick frying pan over medium heat, heat the oil. Cook the salmon, seed-side down, for 1 to 2 minutes, or until golden brown. The seeds brown quickly, so check after 1 minute. Turn and cook on the other side for 2 to 3 minutes, or until a thermometer inserted into the thickest part of the salmon should register at 125º F. The exact time will vary according to the thickness of the fillets. Transfer the cooked salmon to a plate and cover loosely with foil while you prepare the bagels. The salmon will continue to cook as it rests.
On a cutting board, spread the toasted bagel halves. Top with the avocado slices. Mash them with a fork or leave them in slices. Sprinkle with lemon juice, salt and pepper. Top each bagel half with 2 tomato slices.
Place the cooked salmon pieces on top of each bagel. Top with the onion slices, capers and parsley and serve with the remaining lemon wedges.","This recipe is sponsored by the Alaska Seafood Marketing Institute (ASMI).
If you’re interested in becoming a corporate sponsor please contact our Corporate and Foundations Relations department at sponsorship@aicr.org.
All AICR Health-e-Recipes meet AICR recipe guidelines and are reviewed and analyzed by AICR Registered Dietitians.",https://www.aicr.org/cancer-prevention/recipes/bagel-avocado-toast-with-salmon/,AICR
Walnut-Encrusted Tilapia,Entree,"Enjoy the crispiness of fried fish with a healthy twist by baking fresh tilapia, coated in crushed walnuts and whole wheat bread crumbs.
Walnuts contain high levels of polyphenols, which are phytochemicals that have antioxidant properties.
They’re also rich in heart-healthy omega-3 fatty acids and other important nutrients including copper and manganese.
Done in 20 minutes, this simple recipe makes the perfect weekday dinner.",,260,"1 Tbsp. extra virgin olive oil, divided
1 large egg
Zest of 1 lemon
1 clove garlic, finely chopped
1 Tbsp. freshly grated Parmesan cheese
Salt and pepper to taste
1/4 cup finely chopped walnuts
2/3 cup whole wheat bread crumbs
1 lb tilapia","Preheat oven to 425 degrees and coat baking dish with 1 tsp olive oil.
Beat egg in mixing bowl and add lemon zest, remaining olive oil, garlic, Parmesan cheese, salt and pepper.
Mix walnuts and bread crumbs in a large bowl.
Dip fish into egg mixture. Then dredge in crumb-nut mixture, coating both sides well. Place breaded fillets on prepared cooking dish.
Bake for 17 minutes (or until inside of filet appears opaque) and serve.","This recipe is sponsored by California Walnut Commission.
If you’re interested in becoming a corporate sponsor please contact our Corporate and Foundations Relations department at sponsorship@aicr.org.
All AICR Health-e-Recipes meet AICR recipe guidelines and are reviewed and analyzed by AICR Registered Dietitians.",https://www.aicr.org/cancer-prevention/recipes/walnut-encrusted-tilapia/,AICR
Roasted Cauliflower with Spiced Tomatoes,Entree,"Gobi Manchurian is a popular Indian dish that calls for deep-frying heavily-spiced cauliflower.
This healthy makeover keeps the spice and flavorful sauce, but bakes the veggies instead of deep frying to keep calories lower.
Cauliflower is a mild cruciferous vegetable; diets containing non-starchy veggies are linked to lower risk for certain cancers.",,100,"1 tsp. ground cumin
1/2 tsp. ground coriander
1/4 tsp. ground cardamom
1/8 tsp. ground pepper, preferably white
2 Tbsp. canola oil, divided
7-8 cups medium cauliflower florets (from a 2¼ – 2½ lb. cauliflower head)
Cooking spray
1 Tbsp. finely chopped garlic
1 can (8 oz.) tomato sauce, no salt added
2 Tbsp. tomato paste
2 tsp. raw sugar
2 tsp. white distilled vinegar
1/8 tsp. ground cloves
1/8-1/4 tsp. ground cayenne pepper
1/2 tsp. salt","Preheat the oven to 425 degrees.
In a large mixing bowl, combine cumin, coriander, cardamom, ground pepper and 1 tablespoon oil. Add cauliflower and with your hands, toss and rub to coat florets, 1 minute.
Line 11-inch x 15-inch jelly roll pan with foil. Coat foil with cooking spray. Arrange seasoned cauliflower in one layer on pan. Bake for 10 minutes. Stir, then bake 10 minutes longer.
Meanwhile, in a small saucepan, heat remaining oil over medium-high heat. Add garlic and cook, stirring, until fragrant, 1 minute. Add tomato sauce, tomato paste, sugar, vinegar, cloves, cayenne and salt and mix to combine. Cook until sauce bubbles vigorously around edges of pot.
Spoon tomato sauce over cauliflower on pan and mix with spatula until florets are well coated, 1 minute. Roast cauliflower 10 minutes. Stir, and bake until florets are tender, about 5 minutes. Serve hot or warm.",,https://www.aicr.org/cancer-prevention/recipes/roasted-cauliflower-with-spiced-tomatoes/,AICR
Lentil Salad,Entree,"Lentils make a hearty alternative to meat in veggie burgers, soups and salads like this one.
Legumes like lentils are rich in fiber, protein, iron and folate.
Plus they’re a low-calorie option if your resolution this year is to watch your weight.
This recipe can be ready in less than 30 minutes with relatively no prep so you can eat well even on a busy weeknight.",,210,"2 cups dried green or brown lentils
1 medium red onion, diced
1/4 cup capers (diced if large)
2 cups fresh arugula
1 medium cucumber, chopped
1/2 cup chopped walnuts
1/4 cup feta cheese
Vinaigrette
1/3 cup olive oil
1/4 cup lemon juice
1 Tbsp. maple syrup
1 Tbsp. dijon mustard
1 tsp. salt
2 tsp. pepper
1 tsp. ground cumin
1/2 tsp. turmeric
1/4 tsp. ground cinnamon
1/4 tsp. cayenne pepper","Rinse lentils and drain.
Place in a pot and cover with about 3-4 inches of water, bring to a boil and reduce to simmer.
Cook for 15-20 minutes (lentils should still be slightly al dente).
While the lentils are cooking, make the vinaigrette by whisking all the ingredients together (or shaking in a jar with a tight-fitting lid).
When the lentils are cooked, remove from heat, drain and rinse under cold running water to stop the cooking process.
Add lentils to a large bowl and toss with the vinaigrette.
Mix in the onion and capers.
Add arugula, cucumber, walnuts and feta just before serving.",,https://www.aicr.org/cancer-prevention/recipes/lentil-salad/,AICR
Tasty Herbed Spiced Brown Rice Balls,Entree,"Cancer Prevention Month is coming to an end, but good health can last all year with the healthy habits you’ve started now.
These tasty, whole-grain balls can be batch-cooked and stored in the freezer for a fast anytime meal.
Brown rice, garlic, and a variety of herbs and spices pack potent plant compounds studied for their role in cancer prevention, and these savory treats provide some fiber.
Whip these up for a quick dinner or serve alongside fruit for a non-traditional breakfast.",,250,"2 cups Jasmine brown rice
3 garlic cloves, roasted and minced
3 1/2 tsp. extra virgin olive oil, divided
1 egg
1/2 cup Parmesan cheese
2 Tbsp. fresh parsley, minced
1 dash salt
1 dash pepper
1/4 tsp. onion powder
1/2 tsp. cumin
1/2 cup regular or gluten-free bread crumbs
1/4 tsp. smoked paprika","Cook rice per package instructions.
To roast garlic, place unpeeled heads of garlic in a tin foil bundle, drizzle with ½ teaspoon oil and wrap tightly.
Roast in 350-degree oven for 30-40 minutes, or until soft when pressed. (Note: if you’re tight on time, mince the garlic and sauté with parsley and olive oil over medium heat.)
Once cool enough to handle, remove peel and mash cloves into paste.
In large bowl, mix cooked brown rice, egg and Parmesan cheese.
Add roasted garlic paste, parsley, salt, pepper, onion powder, and cumin. Roll mixture into small balls.
Mix breadcrumbs and smoked paprika in another bowl.
Roll the rice balls in the breadcrumbs mixture to coat.
Heat remaining oil in a skillet over medium-low heat and cook the rice balls, turning to brown them on all sides, about 15-20 minutes.",You can roast the garlic earlier in the week when you are already using the oven,https://www.aicr.org/cancer-prevention/recipes/tasty-herbed-spiced-brown-rice-balls/,AICR
Pumpkin Spice Energy Bites,"KID FRIENDLY, FALL, QUICK & EASY, SNACK","Harness the power of healthy, nutrient-rich pumpkin to flavor a batch of wholesome, nutritious Pumpkin Spice Energy Bites.
Pumpkin, which is part of the winter squash family, is the star of these treats.
Bright orange pumpkins are filled with vitamin C, fiber and special phytochemicals called carotenoids, which are linked with protection from heart disease and cancer.
Easy to prepare with no added sugar, plant-based energy bites are perfect for pre- or post-workout snacks, kids’ (and grownups’!) lunchboxes and afternoon pick-me-ups with tea or coffee.
Filled with the earthy flavors of pumpkin and pumpkin seeds, as well as dried fruit, seeds, nuts, spices, oats and peanut butter, they are a great treat for the fall season.
Each bite is packed with protein, vitamins, minerals, fiber and phytochemicals to boost your nutrition.
So, go ahead and take full advantage of pumpkins to flavor your home-made treats, while providing a kick of health benefits at the same time.",https://www.youtube.com/watch?v=COpZNL6KGGs&start_radio=1,90,"Energy Bites:
3/4 cup old-fashioned oats
2 Tbsp. hemp seeds
2 Tbsp. chia seeds
2 Tbsp. flax seeds
1/2 cup walnut pieces
1/4 cup pumpkin seeds
2 tsp. pumpkin pie spice blend
1/3 cup dried dried cranberries*
1 cup canned or cooked pumpkin
10 small soft dates, pitted
1/3 cup creamy natural peanut butter
1 tsp. vanilla
Topping:
1/3 cup pumpkin seeds","Place oats, hemp, chia, flax, walnuts, ¼ cup pumpkin seeds, pumpkin pie spice and dried raisins in container of food processor.
Process a few seconds, just until ingredients are finely ground.
Add pumpkin, dates, peanut butter and vanilla and process for a few minutes until smooth, pausing to scrape down sides as needed.
Texture should be smooth, finely ground and sticky.
Pour mixture into bowl, cover and chill for about 1 hour.
Remove from refrigerator and form into small balls (makes 28 balls) with hands.
Place 1/3 cup pumpkin seeds in small dish and roll each ball in pumpkin seeds to coat.
Store in refrigerator in airtight container.",*May substitute raisins for dried cranberries.,https://www.aicr.org/cancer-prevention/recipes/pumpkin-spice-energy-bites/,AICR
Farro Pumpkin Fritters,"SURVIVOR/DURING TREATMENT, FALL","Enjoy the flavor and texture of these delicious pumpkin fritters.
They are rich in vitamin A and fiber, both of which support a healthy immune system.
Farro offers a type of fiber to help regulate bowl movements, which is helpful for those with constipation.
These fritters can also help if you are experiencing taste changes due to the flavor enhancing spices used in this recipe.",,160,"2 cups canned pumpkin
1 tsp. chili powder
3/4 cup cooked farro
1/2 tsp. cayenne pepper (optional)
1 egg
1/2 tsp. garlic powder
1/2 cup all-purpose flour
1/2 tsp. salt
2 tsp. ground cumin
1/4 cup olive oil","In large bowl, combine all ingredients except oil.
Heat oil in large skillet at medium-high heat.
Scoop ¼ cup portions into skillet, pressing down gently to form flat round shape; cook 4-5 minutes until edges start to brown and rise from pan.
Flip and cook another 4-5 minutes or until browned on both sides.
Serve warm or at room temperature.","You may need additional flour when combining ingredients. Aim for brownie batter consistency.
For those experiencing weight loss and need a calorie boost you can make a dip using equal parts mayonnaise, plain Greek yogurt and blue cheese crumbles.",https://www.aicr.org/cancer-prevention/recipes/farro-pumpkin-fritters/,AICR
Turkey Meatloaf,"ENTREE, POULTRY, HOLIDAY, FALL","A few healthy substitutions can turn this traditional comfort food into a nutritional powerhouse.
The first step is to replace the typical beef or pork with lean ground turkey.
Research has shown that limiting red meat to no more than 18 ounces (cooked) a week can be a beneficial part of a cancer-protective diet.
Onion and cremini mushrooms add texture and variety to help you get more vegetables on your plate.",,260,"1 Tbsp. extra-virgin olive oil
1 large onion, chopped
1/2 lb. cremini mushrooms, trimmed and chopped
1/2 tsp. dried thyme
Salt and freshly ground black pepper, to taste
3 Tbsp. Worcestershire sauce
6 Tbsp. fat- free, reduced-sodium chicken broth
1 tsp. tomato paste
2 lbs. ground turkey (mix of dark and light meat)
3/4 cup bread crumbs
2 eggs, beaten
1/3 cup ketchup","Preheat oven to 325 degrees F.
In skillet, sauté onions and mushrooms in oil. Add thyme and season with salt and pepper. Cook until onions are translucent, about 10 minutes. Add Worcestershire, broth and tomato paste and mix thoroughly. Remove from heat and allow to cool to room temperature.
In a large mixing bowl, combine turkey, breadcrumbs, eggs and onion-mushroom mixture. Mix well and shape into a rectangular loaf in shallow baking dish. Brush ketchup on top.
Bake 90 minutes or until meat is cooked through and internal temperature is 165 degrees F. Serve hot. Leftovers may be served cold in sandwiches.",,https://www.aicr.org/cancer-prevention/recipes/turkey-meatloaf/,AICR
Roasted Turkey Breast Porchetta Style,"Entree, Poultry, Holiday, Fall","This is the turkey recipe to “wow” your guests this Thanksgiving.
The Italian-inspired blend of herbs and spices sets this recipe apart from all the others and produces moist, flavorful meat with very little salt.
This twist on traditional porchetta will boost your intake of cancer-fighting herbs and spices.",,240,"1 tsp. coriander seed
1 tsp. fennel seed
1 Tbsp. finely chopped fresh rosemary
1 Tbsp. coarsely chopped fresh sage
2 garlic cloves, chopped
1 tsp. kosher salt
1/8 tsp. freshly ground pepper
3 Tbsp. extra-virgin olive oil
1 whole turkey breast (5lb.), bone-in
4 cups fat-free, reduced-sodium chicken broth","In small, dry skillet, combine coriander and fennel seeds and toast over medium-high heat. Shake and move pan in circular motion occasionally at first, then constantly until seeds are golden and fragrant, about 3 to 4 minutes. Transfer seeds to plate to cool.
In food processor, pulse fennel seeds with herbs, garlic and toasted coriander until finely chopped to make seasoning mixture. Add salt and pepper and whirl until all ingredients are very finely chopped, 30 seconds. With motor running, drizzle in oil. Set seasoning mixture aside for 15 minutes.
While seasoning sits, use your fingers to gently separate skin from turkey breast meat, taking care not to tear skin. Using your hand, rub one third of seasoning mixture under skin on each side of breast and coat inside of breast with remaining mixture. Rub your oily hands over skin, coating it lightly. Seal breast in plastic wrap and set on a plate. Marinate breast in refrigerator for 4 hours.
Preheat oven to 350 degrees F. Place rack in large roasting pan. While oven heats, unwrap turkey and let sit on counter.
Pour chicken broth into roasting pan. Set turkey breast on rack. Roast turkey, turning pan in oven every 20 minutes to help it brown evenly. Breast is done when instant read thermometer inserted into thickest point reads 165 degrees F., about 2 hours for a 6-pound breast (allowing 20 minutes per pound). Skin can be dark without meat being dry, but tent foil over breast if skin is getting too dark. Skin near bone may look pale pink due to brining effect of seasoning paste.
Let breast rest for 20 minutes before carving. Strain juices to serve on the side.",,https://www.aicr.org/cancer-prevention/recipes/roasted-turkey-breast-porchetta-style/,AICR
Sweet Hot Pumpkin Seeds with Autumn Spices,"Appetizer, Vegetarian, Holiday, Fall","After the pumpkin is carved, seeds can be seasoned and toasted to make a delicious, crunchy snack.
Pumpkin seeds are an excellent source of magnesium and also supply some protein and fiber.
They’re also among the nuts and seeds highest in phytosterols, natural plant compounds that may help lower blood cholesterol levels.
This recipe relies on autumn staples like ginger, cinnamon and chili powder for a deliciously sweet and spicy combination.",,120,"Canola oil spray
1 cup pumpkin seeds
4 tsp. walnut oil
1 tsp. ground ginger
1 pinch cloves
1/2 tsp. cinnamon
1/2 tsp. chili powder or paprika (optional)
1 Tbsp. + 1 tsp. dark brown sugar
Dash of salt
2 tsp. water","Lightly coat baking sheet with canola oil spray.
Either pre-toast whole seeds from pumpkin (as noted above), or spread hulled seeds on pan in one layer and toast in oven for 10 minutes.
Meanwhile, in small skillet, whisk together oil, spices, sugar, salt and water.
Simmer on low heat, stirring occasionally, until seeds finish toasting.
Remove seeds from oven and stir into spice mixture, coating evenly, and cook on stove for another 5 minutes.
Return seeds to baking sheet, patting into one layer.
Bake about 10 minutes, until crisp.
Remove from oven, let cool and gently loosen from baking sheet with tip of metal spatula.
Store in a tightly covered container.",,https://www.aicr.org/cancer-prevention/recipes/sweet-hot-pumpkin-seeds-with-autumn-spices/,AICR
"Turkey, Spinach and Apple Wrap","Entree, Poultry, Holiday, Fall","Keep this recipe handy for your Thanksgiving leftovers.
A healthy combination of plant-based, cancer-fighting foods and leftover turkey easily turns into a quick lunch.
The wrap’s appeal comes from the variety of textures: crunchiness from the apples and spinach, firmness from the turkey and creaminess from the simple dressing.",,230,"1 Tbsp. reduced-fat mayonnaise*
2 tsp. honey mustard
2 (8-in) whole-wheat flour tortillas
2 cups baby spinach, washed and dried, loosely packed
4 thin slices (4 oz.) turkey breast
1/4 Granny Smith apple, sliced paper-thin","Combine mayonnaise and mustard.
Lay out both wraps.
Spread the edges of each wrap with the mayonnaise/mustard mixture.
Leaving a margin free on the side closest to you, arrange a layer of greens on top of wraps.
Top each layer with half the turkey.
Evenly divide apple slices and lay lengthwise across turkey.
Fold over the end of the wrap closest to you, then the two sides.
Roll the wrap as tightly as possible toward the opposite side.
Serve immediately or cover each wrap tightly in plastic wrap and refrigerate, seam side down.
When ready to serve, remove plastic wrap and cut each wrap in half, at an angle.",*May substitute 1 Tbsp. mashed avocado in place of mayonnaise.,https://www.aicr.org/cancer-prevention/recipes/turkey-spinach-and-apple-wrap/,AICR
Carrot and Apple Soup,"40 YEARS ANNIVERSARY, VEGETARIAN, SPONSORED, FALL, SOUP","This fall soup is full of deep orange carrots and bright red apples, colorful representations of the changing season ahead.
Both foods contain cancer-fighting fiber and other potent protective compounds like beta-carotene (carrots) and quercetin (apples).
A blender or food processor makes this dish decadent and creamy without a lot of calories.",,80,"1 Tbsp. canola oil
1 medium onion, chopped
1 medium leek, white part only, rinsed well and chopped
1 pound carrots, peeled and cut into 1/2- inch slides
1 tart apple, peeled, cored and chopped
3 cups fat-free, reduced-sodium chicken broth
Salt and freshly ground black pepper, to taste
3 Tbsp. minced fresh mint leaves, for garnish","In Dutch oven or large pan, heat canola oil over medium-high heat until hot. Add the onion and leek and sauté for about 4 minutes, until the onion is translucent.
Mix in carrots and apple. Reduce heat to medium-low, cover, and cook for 5 minutes, stirring often.
Add broth, cover, and bring to a boil over high heat. Then reduce heat to low and simmer for about 30 minutes, until carrots are soft. Remove pot from heat and set soup aside to cool slightly.
In a blender or food processor, puree soup in batches until smooth. Return soup to pan and heat before serving. If soup is too thick, add more broth, as desired. Season to taste with salt and pepper. Serve immediately, garnishing each serving with mint.",,https://www.aicr.org/cancer-prevention/recipes/carrot-and-apple-soup/,AICR
"Kale, Butternut Squash and Pomegranate Salad","SALADS, VEGETARIAN, FALL","This colorful, nutrient-rich salad is savory but slightly sweet and will become a favorite addition to your Thanksgiving meal.
The crunch from the walnuts and pomegranate seeds provides a nice contrast to the soft roasted butternut squash, and the flavors are all brought together with a bright lemon maple vinaigrette.
Even if you are a lover of traditional Thanksgiving dishes, you can still enjoy all the classics while adding this vegetable-forward, lighter addition to your holiday spread.",,200,"1 large butternut squash (about 3 pounds), peeled, cut into 3/4"" cubes
1/4 cup extra-virgin olive oil, divided
5 cloves garlic
1/2 tsp. turmeric
1/4 tsp. salt
Freshly ground black pepper, to taste
1/2 cup chopped walnuts*
2 large bunches Tuscan kale, stemmed and thinly sliced
1/4 cup lemon juice, divided
Sea salt, to taste
1 Tbsp. apple cider vinegar
1 tsp. pure maple syrup
1 Tbsp. Dijon mustard
1 shallot, finely chopped
1 cup pomegranate seeds","Preheat oven to 400°F.
Place squash cubes on baking sheet, drizzle 1 tsp. olive oil over squash. Add whole garlic cloves, turmeric and salt and pepper, to taste. Toss to evenly coat squash with oil and spices. Spread cubes evenly around pan and roast for 30-40 minutes until squash is tender.
While squash is roasting, heat 1 tsp. olive oil in small skillet over medium-high heat. Add walnuts and cook, stirring occasionally until golden brown, 2–3 minutes. Set aside.
Place kale in bowl. Add 2 Tbsp. lemon juice and pinch of sea salt and massage into kale to wilt. Set aside.
When squash and garlic are cooked, remove garlic and put squash in a separate bowl. Add remaining olive oil, lemon juice, vinegar, syrup, mustard and shallot; pulse in food processor until smooth to create a dressing.
In large mixing bowl, combine kale with about 3/4 of dressing, and toss until kale is lightly coated. Add more dressing to taste and reserve any leftover for another use.
Add roasted squash and pomegranate seeds to kale; toss to combine. Transfer to serving bowl; top with toasted walnuts.",*You may substitute pumpkin seeds or sliced almonds for the chopped walnuts.,https://www.aicr.org/cancer-prevention/recipes/kale-butternut-squash-and-pomegranate-salad/,AICR
Maple Dijon Roasted Rutabaga,"Side, Vegetarian, Fall, Winter","Eating a variety of vegetables provides your body with the right balance of nutrients and encourages you to get creative with cooking.
This recipe features rutabaga, a root vegetable that’s mildly sweet and incredibly versatile.
Roasted to perfection with a tangy sweet marinade, it’s prepped and ready in under an hour.",,120,"2 lbs rutabaga, peeled and cut into 1/2 inch wedges
1 Tbsp. olive or canola oil
Dash of salt and pepper, to taste
3 Tbsp. apple cider vinegar
1 Tbsp. pure maple syrup
1 Tbsp. Dijon mustard
1 tsp. chopped fresh rosemary (or dried)
Dash of red chili flakes","1. Preheat oven to 400° F.
2. Toss rutabaga in oil and season with salt and pepper.
3. Spread evenly on baking sheet and roast for about 30 minutes, or until lightly browned and fork tender.
4. Transfer rutabaga to large bowl and sprinkle lightly with vinegar, tossing to coat; allow it to absorb for about one minute.
5. Whisk together maple syrup, Dijon mustard, rosemary, and red chili flakes in a small bowl.
6. Drizzle Dijon mixture over rutabaga and toss.
7. Add additional black pepper, if needed.",,https://www.aicr.org/cancer-prevention/recipes/maple-dijon-roasted-rutabaga/,AICR
Quick Eight- Vegetable Soup,"ENTREE, VEGETARIAN, FALL, WINTER, SOUP","If you’re rushing around this week, dinner may seem like a daunting new task. Don’t worry! We have a healthy dish you can prepare in a breeze.
Frozen veggies cut down on prep time and thanks to flash-freezing technology, contain the same nutrients as their fresh counterparts.
Beans add protein and extra fiber.
Serve this soup with some warm, crusty whole grain bread for a quick and wholesome meal.",,250,"1 Tbsp. extra virgin olive oil
1 chopped onion
4 cup low-sodium vegetable broth
1/2 cup frozen baby lima beans
1 (15 oz.) can no salt added black, Great Northern, or navy beans
1 cup frozen mixed vegetables
1/2 cup frozen tri-colored bell peppers
2 tsp. dried oregano or thyme
Pinch of dried red pepper flakes
1 cup frozen broccoli florets
Salt, to taste
1/4 cup grated Parmesan cheese","In a large saucepan, heat oil over medium-high heat.
Add onion and cook until translucent, about 5 minutes, stirring occasionally.
Add broth and bring liquid to boil.
Add lima beans, reduce heat and simmer covered for 5 minutes.
Add canned beans, mixed vegetables, peppers, oregano and pepper flakes and simmer covered for 5 minutes.
Add broccoli, cover, and cook for 5 minutes.
Add salt to taste.
This soup keeps covered in refrigerator for 3 days.
Reheat in covered pot over medium heat.
To serve, divide soup among deep bowls.
Option to top each serving with 1 tablespoon of Parmesan cheese.",,https://www.aicr.org/cancer-prevention/recipes/quick-eight-vegetable-soup/,AICR
New American Beef Stew,"ENTREE, BEEF/PORK/LAMB, FALL, WINTER","One-pot meals are the original convenience food.
They’re easy, versatile, and can pack plenty of healthy ingredients.
This stew features kale, green beans, carrots and, yes, even beef.
That’s because even traditional, comforting favorites like beef stew can fit into a healthy lifestyle with a few modifications and proper portion control.
Just remember to limit beef and other red meat to no more than 18 cooked ounces per week for a lower cancer risk.",,440,"2 Tbsp. extra virgin olive oil
1 lb lean beef stew meat, cut into 1-inch cubes
2 large onions, chopped
4 medium carrots, cubed
2 cups cups diced leeks, rinsed well
6 garlic cloves, finely chopped
2 cans (14.5 ounces each) diced tomatoes in juice
2 cans (6 ounces each) tomato paste
2 cans (14.5 ounces each) fat-free, reduced sodium beef broth
3 Tbsp. dried oregano
2 cups water
2 large potatoes, cubed
1 1/4 lbs frozen green beans
2 cups chopped kale
Salt and freshly ground black pepper","In a large pot or stockpot, heat olive oil over medium-high heat.
Add 1/2 of beef and sauté for about 5 minutes, stirring, until browned on all sides. Remove beef from pot and set aside. Repeat procedure with remaining beef.
In the same pot, sauté onions for about 5 minutes, stirring often until translucent. Remove onions from pot and set aside.
Add carrots, leeks, and garlic, and sauté for about 5 minutes, stirring often, until barely tender. Return beef and onions to pot. Add tomatoes with juice, tomato paste, broth, oregano, and water, and bring to a boil. Reduce heat to low and simmer for about 1 hour, until beef is almost tender.
Add potatoes and bring back to a boil. Lower heat, cover partially, and simmer for about 15 minutes, until potatoes are barely tender.
Add green beans and kale and cook for another 6 to 8 minutes, until kale is tender.
Season to taste with salt and pepper and serve.",,https://www.aicr.org/cancer-prevention/recipes/new-american-beef-stew/,AICR
Apple Cinnamon Fruit Leather,"KID FRIENDLY, FALL, DESSERT","Fresh autumn apples, warm cinnamon spice and the natural sweetness of Medjool dates are all it takes to make these simple, natural fruit snacks.
Snacking is a great way to add a variety of healthy plant foods to your diet, throughout the day.
These fruit leathers are rich in fiber and contain quercetin, a flavonoid with anti-inflammatory properties.",,45,"5 medium apples, chopped
1/2 cup water
1 large date, pitted
1 tsp cinnamon","Place chopped apples in a medium saucepan with water.
Bring to a simmer, cover and cook for about 10 minutes.
Add pitted date and cinnamon and mash.
Cover and cook another 2-3 minutes on low heat.
Place mixture in a blender or food processor and process until smooth.
Pour onto a baking sheet lined with parchment paper or a non-stick baking mat and spread with a spatula into a thin layer.
Bake at 175-200° (as low as your oven will go) for 2-3 hours or until it's tacky but doesn't stick to your finger.",,https://www.aicr.org/cancer-prevention/recipes/apple-cinnamon-fruit-leather/,AICR
Herb Roasted Turkey Breast with Vegetables,"ENTREE, POULTRY, HOLIDAY, FALL, WINTER","If you’re looking for an easier alternative to making a whole turkey for the holidays, try this simple roast.
Individual turkey breasts are seasoned with flavorful herbs and cooked together with a medley of vegetables to add healthy nutrients and save time.
Root and cruciferous vegetables like Brussels sprouts, sweet potatoes and carrots are packed with fiber and cancer-fighting phytochemicals.",,410,"2 Tbsp. olive oil
4 sprigs fresh rosemary, or 1 1/2 tsp. dried
3 sprigs sage, or 1 tsp. dried
5 sprigs fresh oregano, or 1 tsp. dried
4 cloves garlic, peeled
1 tsp. salt
1/2 tsp. black pepper
2 (2 1/2 lb. each) bone-in, skin on turkey breasts
6 shallots, peeled and halved
1 cup low sodium chicken broth
2 large sweet potatoes, scrubbed and chopped into 1” cubes
1.5 lbs. Brussels sprouts, halved
1 lb. whole carrots, tops removed and sliced in half lengthwise","Preheat oven to 425°F.
Place oil, rosemary, sage, oregano, garlic, salt and pepper in food processor and pulse until finely chopped.
Gently pull skin back from turkey breast halves. Rub ½ of oil-herb mixture all over turkey breasts, both under skin and then on top.
Arrange 6 shallot halves each on two large, deep baking pans.
Set turkey breasts on top of shallots and add ½ cup chicken broth to each pan. Roast for 60 minutes.
While turkey is roasting, toss sweet potatoes, Brussels sprouts and carrots with remaining oil-herb mixture in large bowl. Set aside.
Remove turkey from oven and transfer turkey and shallots to cutting board. Carefully drain the broth (can save for gravy, if desired) from both pans.
Divide and spread sweet potatoes, Brussels sprouts (flat side down) and carrots over both baking pans in an even layer. Place turkey and shallots on top of vegetables and roast until turkey registers 165°F on meat thermometer and vegetables are golden brown, about 60 to 75 minutes more. Note: If vegetables or turkey skin are starting to burn, lightly tent the pan in foil.
Transfer turkey to clean cutting board and let rest for at least 10 minutes before slicing. Serve with roasted vegetables.",,https://www.aicr.org/cancer-prevention/recipes/herb-roasted-turkey-breast-with-vegetables/,AICR
Maple Cayenne Pecans,"Appetizer, Holiday, Fall, Winter, Dessert","Having healthy snacks on hand can help fight hunger throughout the workday.
This easy, portable mix is quick to make and lasts all week.
Pecans pack healthy fatty acids and protein that keep you full longer.
This hot and sweet spice blend adds a kick of flavor to satiate your midday cravings.",,190,"1 tsp. coconut oil (or other oil, like olive or walnut oil)
1 cup raw pecan halves
1 Tbsp. pure maple syrup
1/8 tsp. cinnamon
1/4 tsp. Himalayan sea salt (or regular salt)
1/8 tsp. cayenne","Preheat oven to 325 degrees F.
Grease pan lightly with oil.
In a medium bowl, combine all other ingredients.
Spread pecans evenly on baking sheet.
Bake for 15 minutes, stirring every 5 minutes.
Remove sheet from oven and transfer to a platter or plate, allowing the pecans to cool fully for 30 minutes before eating.",,https://www.aicr.org/cancer-prevention/recipes/maple-cayenne-pecans/,AICR
Golden Beet Veggie Balls,"Appetizer, Entree, Side, Vegetarian, Fall","Boost the delicious and the health potential of your holiday meals with more plant foods! Try making a plant-based entrée like these veggie “meatballs”, filled with the goodness of beans, grains, vegetables, and herbs.
These crispy veggie balls are filled with the earthy, holiday flavors of golden beets, white beans, sage, and hazelnuts. Serve them alongside this easy almond crema dip for the perfect party appetizer, holiday entrée, or comforting side dish.",,280,"Veggie Balls
1 bunch fresh golden beets (about 5)
1 (15-oz) can cannellini beans, rinsed drained (about 1 3/4 cups)
2 green onions, diced
2 cloves garlic, minced
1 cup mushrooms, finely chopped
1/2 cup fresh chopped parsley
1/2 cup finely chopped hazelnuts
1/4 cup ground flax seeds
1/2 cup whole wheat breadcrumbs (may use gluten-free)
1 tsp. sage
1 tsp. tarragon
1 tsp. thyme
1/2 tsp. smoked paprika
1/4 tsp. black pepper
2 Tbsp. reduced-sodium soy sauce
2 Tbsp. tahini
Almond Sage Crema
1 cup peeled, slivered almonds
1/3 cup plain, unsweetened plant milk
1 Tbsp. lemon juice
1 clove garlic
1/4 tsp. freshly ground black pepper
1/2 tsp. ground sage
Sea salt (to taste, optional)
1 Tbsp. fresh, chopped sage leaves
1/4 cup dried cranberries","Veggie Balls
Trim beets and scrub outside surface, leaving peels on. Shred beets with food processor or box grater.
Place beans in a mixing bowl and mash slightly with a potato masher to achieve a thick mixture with some lumps.
Add beets, onions, garlic, mushrooms, parsley, hazelnuts, flax seeds, breadcrumbs, sage, tarragon, thyme, smoked paprika, and black pepper. Toss together well.
Mix in soy sauce, tahini, and lemon juice—using hands to combine well.
Cover and refrigerate for 1 hour (or overnight).
Preheat oven to 375 degrees F and spray a baking sheet with non-stick cooking spray.
Form 24 golf ball-sized balls out of the mixture and place evenly on baking sheet.
Bake veggie balls in top rack of oven for about 40 minutes, until golden brown.
Serve with Almond Sage Cranberry Crema.
Almond Sage Crema
Soak almonds in water for 2 hours (or overnight).
Drain the water and place soaked almonds in the container of a blender or food processor.
Add plant milk, lemon juice, garlic, black pepper, and ground sage and process to make a thick, creamy dip.
Transfer crema to a dish and stir in fresh sage, cranberries, and salt if desired. May garnish with additional freshly ground black pepper and fresh sage.","You can use any plain unsweetened plant milk for this recipe (i.e. soy, almond)
This recipe is by Sharon Palmer, RDN, The PlantPowered Dietitian. She is a Los Angeles-based, award-winning food and nutrition writer, plant-based food expert, and author of Plant-Powered for Life and The Plant-Powered Blog.
This recipe is reprinted from The New American Plate Cookbook, which features 200 mouth-watering recipes and color photos. It is available from bookstores and online booksellers. Proceeds from sales fund cancer research.",https://www.aicr.org/cancer-prevention/recipes/golden-beet-veggie-balls/,AICR
Brussels Sprout Apple Slaw with Cranberries and Walnuts,"APPETIZER,SIDE,VEGETARIAN,FALL,WINTER","No other vegetable has caused such controversy at the dinner table.
Some may love Brussels sprouts fresh sweetness, while others loathe their tangy bitterness.
If you’re still wary of these mini cabbages, try this easy slaw with a sweet touch of apples, dried cranberries and walnuts to cut down on the bitter flavor.
It packs a delicious punch and adding cruciferous vegetables, like Brussels sprouts, to your diet can help lower risk for certain cancers, especially those of the colon, mouth, esophagus and stomach.",,120,"3/4 lb. Brussels sprouts
1 Fuji or Gala apple, peeled, cored and finely chopped
2/3 cup dried cranberries
1/2 cup chopped walnuts
1/2 tsp. kosher salt
1/8 tsp. freshly ground pepper
1/3 cup fresh Meyer lemon juice
1 Tbsp. extra-virgin olive oil","Trim bottom from sprouts and remove any loose or bruised leaves.
Place shredding disc or fine slicing disc in food processor, and using feeder tube, gradually shred Brussels sprouts; there will be about 4 1/2 cups.
Transfer shredded sprouts to mixing bowl.
Add apple, cranberries, walnuts, salt, pepper and lemon juice and stir with a fork to combine.
Add oil and stir well.
Cover and refrigerate slaw for 1-3 hours or overnight for flavors to marinate.
Re-stir before serving.","If Meyer lemon juice is not available, use 1/4 cup regular fresh lemon juice or juice from 2 large lemons.
Slaw is best served within 24 hours.",https://www.aicr.org/cancer-prevention/recipes/brussels-sprout-slaw-with-cranberries-and-walnuts/,AICR
Pumpkin Mac and Cheese,"VEGETARIAN,WHOLE GRAINS/PASTA/RICE,KID FRIENDLY,HOLIDAY,MAIN DISH,FAVORITE","If you are looking for a unique twist on a classic dish, look no further.
This pumpkin mac and cheese is a wonderful way to add a nutritional boost to your usual mac and cheese recipe.
Pumpkins are rich in carotenoids, particularly alpha- and beta-carotene, high in fiber and provide 100% of your daily value of vitamin A in just one serving.
This creamy, delicious dish is not only perfect for a fall dinner, but contains 14 grams of protein and 6 grams of dietary fiber.",,260,"Canola oil cooking spray
1/2 cup panko bread crumbs
1/3 cup grated Parmesan cheese
8 oz. whole-wheat pasta
1 cup low-fat (1%) milk
1 Tbsp. unsalted butter
1 Tbsp. all-purpose flour
1 1/2 cups (2 1/2 oz.) sharp light (50 percent) Cheddar cheese
1 cup canned unsweetened pumpkin
1/2 tsp. mustard powder
1/4 tsp. ground black pepper
Pinch of cayenne pepper
1/8 tsp. ground nutmeg, optional","Preheat oven to 375 degrees F. Coat 6 cup baking dish with cooking spray and set aside.
In a separate bowl mix together breadcrumbs and Parmesan cheese and toss to combine. Set mixture aside.
In large pot, boil 4 quarts of water. Add pasta and cook for 10 minutes, until slightly al dente. Drain in colander, and set aside.
While pasta is cooking, heat milk in microwave or small saucepan, until it steams, and set aside.
In large saucepan, melt butter over medium heat. Whisk in flour and cook for 1 minute, whisking slowly. Remove from heat and gradually add milk while whisking to avoid lumps. Return pot to medium-high heat and simmer sauce until it thickens to consistency of stirred yogurt, about 3 minutes.
Add Cheddar cheese, pumpkin, mustard, black and cayenne peppers and nutmeg (optional), and stir until cheese melts completely.
Mix in cooked pasta to cheese mixture.
Spread mac and cheese in prepared baking dish and sprinkle with breadcrumb and parmesan cheese mixture over top.
Bake 15-20 minutes or until breadcrumbs are crisp and golden brown. Serve immediately.",,https://www.aicr.org/cancer-prevention/recipes/pumpkin-mac-and-cheese/,AICR
"Arugula Salad with Kiwi, Strawberries, and Pecans","SALADS, VEGETARIAN, SUMMER","Cool off your summer days with this refreshing kiwi salad.
Arugula, a leafy green, contains iron, vitamins A, C, K and folate.
Kiwi and strawberries add a touch of sweetness and are excellent sources of vitamin C.
Toss with the citrus dressing and toasted pecans for extra fiber, protein and flavor.",,170,"1/2 cup orange juice
2 Tbsp. honey
1 fresh lime juice (lemon may be substituted)
1/4 tsp. paprika
2 Tbsp. extra virgin olive oil
Zest of one large orange
1 Tbsp. cilantro, finely chopped
4 cups baby or regular arugula
4 green onions, sliced thin, including green stems
4 kiwis, peeled and thinly sliced
2 cups strawberries, halved
1/3 cup coarsely chopped, toasted pecans
Salt and freshly ground black pepper, to taste","In small mixing bowl, whisk together orange juice, honey, lime juice and paprika.
When well combined slowly add oil and continue whisking until mixture is smooth.
Stir in zest and cilantro.
Season to taste with salt and pepper.
Set aside and allow dressing to stand for a minimum of 10 minutes for flavors to mingle.
On large serving platter or in large salad bowl, spread arugula and sprinkle with green onions.
Arrange kiwi and strawberry slices on top.
Just before serving drizzle salad with dressing and garnish with pecans.",,https://www.aicr.org/cancer-prevention/recipes/arugula-salad-with-kiwi-strawberries-and-pecans/,AICR
Beet Salad with Peaches and Walnuts,"SALADS, VEGETARIAN, SUMMER","Take advantage of summer’s sweet produce with this vibrant salad.
Gem-colored peaches and beets boast healthy amounts of fiber, potassium and vitamin C as well as anthocyanins and polyphenols.
Plus, research has shown that diets containing fruits can help lower risk for esophageal, oral and other cancers.",,170,"2 medium cooked red beets, sliced ¼ -inch
2 medium tomatoes, sliced ¼ -inch
Salt and freshly ground black pepper, to taste
1 small shallot, thinly sliced
2 Tbsp. minced mint leaves (reserve a few sprigs for garnish)
1 tsp. minced thyme (reserve a few sprigs for garnish)
2 Tbsp. extra-virgin olive oil
1 Tbsp. lemon juice
1 tsp. honey
2 cups sliced peaches without skin (fresh or frozen)
1/3 cup toasted chopped walnuts
1/4 cup crumbled goat cheese (or feta)","On platter arrange beets and tomato slices.
Season to taste with salt and pepper.
In large mixing bowl, combine shallot, mint, thyme, oil, lemon juice and honey.
Stir well to combine.
Add peach wedges and gently toss to coat.
Arrange peach mixture over beets and tomatoes.
Top salad with walnuts and cheese, garnish with mint and thyme sprigs and serve.",,https://www.aicr.org/cancer-prevention/recipes/beet-salad-with-peaches-and-walnuts/,AICR
Mediterranean Bean Salad,"SALADS, SIDE, VEGETARIAN, SUMMER","Make this summer all about the side dishes with this recipe for a punchy bean salad.
A variety of beans provides folate, iron, potassium, selenium and a range of antioxidants.
Not just good for your heart, all legumes are rich in dietary fiber, which can help lower your risk for colorectal cancer.
Flavorful herbs and a simple dressing of olive oil, vinegar and lemon make this a healthy addition to any picnic.",,210,"Salad:
1 can (15-oz.) garbanzo beans, rinsed and drained
1 can (15-oz.) butter beans, rinsed and drained (cooked fresh beans may be substituted)
1 can (15-oz.) dark red kidney beans, rinsed and drained
1/2 small red onion, finely chopped
1 celery stalk, finely chopped
2-4 garlic cloves, minced
1/2-1 cup fresh parsley, chopped fine
1/4 cup basil, chopped fine
1 Tbsp. fresh rosemary, chopped fine
2 tomatoes, diced
Dressing:
3 Tbsp. extra virgin olive oil
1 Tbsp. vinegar (either white wine or apple cider work well)
Juice of one lemon
dried Italian seasoning
1/2 Tbsp. Salt and freshly ground pepper, to taste","In large bowl, add beans. Mix in onion, celery, garlic, parsley, basil and rosemary, adding tomatoes last to keep them from unnecessarily breaking apart.
In separate mixing bowl, whisk together dressing ingredients. Add dressing to beans and toss gently to coat.
Chill for at least an hour to allow beans to absorb flavor. Re-toss gently and serve.",1 Tbsp. dried basil may be substituted for the basil.,https://www.aicr.org/cancer-prevention/recipes/mediterranean-bean-salad/,AICR
Lime and Chicken Soup with Avocado,"POULTRY, SUMMER, SOUP","Chicken soup may be a winter staple, but zesty lime and fresh avocado can easily dress this dish up for a rainy summer day.
This recipe features a medley of colorful veggies, Italian herbs and juicy citrus.
Limes are an excellent source of vitamin C.
They’re also packed with phytochemicals like limonoids and flavonoids, making them an excellent part of any cancer-protective meal.",,280,"2 Tbsp. extra-virgin olive oil
1 large yellow onion, chopped
3 stalks celery, thinly sliced
1 medium jalapeño pepper, seeded, diced
5 cloves garlic, minced
1 lb. boneless, skinless chicken breast
1 cup frozen corn
1 can (14.5 oz.) no salt added diced tomatoes
6 cups fat-free, reduced-sodium chicken broth
1 1/2 tsp. Italian seasoning
1 tsp. oregano
1/4 tsp. cumin
3 medium limes, 2 cut in half, 1 cut into 6 wedges for garnish
1/2 bunch cilantro, rinsed, chopped
1 medium avocado, cut into ½ -inch cube","In soup pot, heat oil over medium-high heat.
Sauté onion, celery, jalapeño and garlic for 6 minutes or until tender.
Add whole chicken breast, corn, tomatoes, broth, Italian seasoning, oregano and cumin to pot.
Stir to mix ingredients.
Over high heat bring soup to a boil.
Reduce heat, cover and simmer for 55 minutes.
Remove chicken breast to large platter and shred using two folks.
Return chicken to soup.
Over strainer to catch seeds, squeeze juice of 2 limes into soup.
Add cilantro and gently stir.
Ladle soup into serving bowls.
Top each bowl with avocado, garnish with lime wedge and serve.",,https://www.aicr.org/cancer-prevention/recipes/lime-and-chicken-soup-with-avocado/,AICR
Avocado Zucchini Soup,"VEGETARIAN, SUMMER, SOUP","This refreshingly cool soup boasts crisp zucchini and creamy avocado.
Fiber from summer squash and the avocado’s healthy monounsaturated fat help you fill up and stay fuller longer.
The vegetable broth and onion base, along with creamy almond milk provide a delicious flavor boost but still keep it to only about 100 calories per serving.
Top with a cucumber salsa for a fresh contrasting crunch.",,120,"Soup:
1 cup vegetable broth
3 cups chopped zucchini (about 2-3 medium zucchini)
1/2 cup thinly sliced green onion, divided
1 medium Hass avocado
1/8 tsp. ground cumin, optional
3/4 cup unsweetened plain almond milk
Cucumber Salsa:
1 cup peeled, seeded, diced cucumber (about 1 medium cucumber)
1 1/2 Tbsp. chopped fresh cilantro
2 Tbsp. fresh lime juice, divided
salt, to taste","In large saucepan over high heat, combine broth, zucchini and ¼ cup onion.
Cover and bring to a boil.
Uncover, reduce heat and let simmer 6 minutes or until zucchini is tender.
Remove from heat and set aside to cool for 20 minutes.
In small bowl combine cucumber, remaining onion, cilantro and 1 tbsp. lime juice.
Season with salt to taste.
Toss well, cover and refrigerate.
In blender, combine zucchini mix, avocado, cumin, if using, remaining 1 tbsp. lime juice and almond milk.
Cover and purée until smooth.
Leaving soup in blender container, refrigerate it for 2 hours.
When ready to serve, re-blend soup.
Add additional almond milk for thinner consistency, if desired.
Pour into serving bowls.
Top with salsa and serve.",,https://www.aicr.org/cancer-prevention/recipes/avocado-zucchini-soup/,AICR
Layered Nachos Grandes,"Appetizer, Vegetarian, Summer","Homemade nachos are the perfect comfort food for a festive appetizer or a summer get-together. Fresh salsa, protein-rich beans, and colorful avocado form decadent layers in this baked version of nachos grandes. Forming perfect tiers allows the cheese to melt evenly and each flavor to stand out in the dish.",,280,"Salsa Fresca:
1 cup finely chopped ripe tomato, seeded
1/2 cup drained canned no-salt added diced tomatoes
1/2 cup finely chopped onion
1/2 cup cilantro, chopped
1 jalapeño or Serrano pepper, seeded and very finely chopped
1 tsp. fresh lime juice
Refried Black Beans:
2 tsp. canola oil
1 can (15 oz.) no-salt added black beans, rinsed and drained
1 tsp. ground cumin
Cooking spray
Nachos:
24 Restaurant-style reduced-sodium tortilla chips
1/2 cup shredded Pepper Jack cheese
8 tsp. reduced-fat sour cream
8 cilantro leaves
1 large jalapeño pepper, sliced into thin rounds
4 (¼ -inch wide) avocado slices, halved crosswise
1/2 lime","Preheat oven to 350 degrees F.Line baking sheet with baking parchment and set aside.
To make salsa fresca, in mixing bowl, use fork to combine fresh tomato, canned tomato, onion, cilantro, chile pepper, and lime juice.Season to taste with salt and pepper.There will be 2 cups salsa.Set aside.
To make refried beans, coat cast iron or other heavy medium skillet with cooking spray.Heat oil over medium-high heat.Add beans and cumin and ½ cup water.Using sturdy fork, mash beans until lumpy and a bit soft.Season to taste with salt.Set aside ½ cup, reserving remaining beans for another use.
To assemble nachos, arrange 8 tortilla chips on prepared baking sheet.Top each chip with 1 tbsp. refried black beans.Add ½ tbsp. cheese.Top with second tortilla chip.Sprinkle on ½ tbsp. cheese.
Bake chips until cheese melts, about 4 minutes.
Using wide spatula, transfer two stacked nachos to each of 4 plates.Spoon 1 tbsp. salsa fresca on top of melted cheese and top each nacho with a third tortilla chip.Top with another tbsp. salsa fresca, the sour cream, cilantro, jalapeño and avocado.Add a squirt of lime juice.Serve immediately.",,https://www.aicr.org/cancer-prevention/recipes/layered-nachos-grandes/,AICR
Grilled Peaches and Goat Cheese Salad,"SIDE, VEGETARIAN, SUMMER","Grilling fruits is a delicious way to eat more fiber, nutrients and cancer-protective compounds.
What’s more, you don’t have to worry about the potentially cancer-causing compounds that form when meat is grilled.
This recipe features flavorful peaches with a honey-vinegar glaze.
Serve over arugula with crumbled goat cheese for a delicious summer salad.",,120,"Cooking spray
1/4 cup balsamic vinegar
2 Tbsp. honey
3 medium peaches, pitted and cut into 6 wedges
1 Tbsp. extra virgin olive oil
Salt and freshly ground black pepper, to taste
10 cups arugula, loosely packed
4 Tbsp. goat cheese","Prepare grill to high heat. Spray grill rack with cooking spray and set aside.
In small saucepan over medium-high heat, bring vinegar to a boil. Reduce heat and simmer until vinegar is reduced to 2 tablespoons (about 2 minutes). Remove from heat and stir in honey. Cool to room temperature.
Place peach wedges on grill rack. Grill 30 seconds on each side or until grill marks appear but peaches are still firm. Remove from grill and set aside.
In large bowl, combine oil, salt and pepper. Add arugula, tossing gently to coat. Arrange arugula mixture on platter. Top with peach wedges, balsamic syrup and cheese.",You can add a handful of walnuts to the salad for an extra crunch and boost of copper and manganese along with including high amounts of polyphenols (phytochemical) that have antioxidant properties.,https://www.aicr.org/cancer-prevention/recipes/grilled-peaches-and-goat-cheese-salad/,AICR
Rhubarb Orange Refresher,"Beverage, Spring, Summer","Celebrate the summer by cooling off with this unique infusion of rhubarb, orange and mint.
One glass contains vitamin C as well as lutein and zeaxanthin, two phytochemicals that fall into the carotenoid family and have antioxidant properties.
Rhubarb infused water with mint.",,30,"3 cups fresh rhubarb, cut crosswise in 1/2-inch slices, about 3/4 lb.
4 cups cold water
1 cup strawberries, sliced
1 cup orange juice
4 mint sprigs, for garnish","In large, stainless steel or other non-reactive saucepan, combine rhubarb and water. Cover and bring to boil over medium-high heat.
Reduce heat and simmer for 15 minutes. Set the covered pot aside to steep for 10 minutes.
Set the large strainer over the bowl. Pour the contents of the pot into the strainer and drain liquid into the bowl. Using the back of a wooden spoon, press very lightly on rhubarb, just to extract liquid that drains easily. Pressing too firmly will make the infusion cloudy. Discard pulp.
Pour liquid, about 4 cups, into a jar or other container, preferably glass, and let sit until room temperature, then cover and refrigerate for up to 2 days.
To serve Refresher, measure 3 cups of rhubarb infusion. Pour 1/2 cup into pitcher, add strawberries, and muddle until combined. Pour in remaining rhubarb infusion and orange juice.
Divide Refresher among 4 ice-filled, tall glasses. Garnish each glass with mint sprig, if using.
For single serving, in a glass, combine 1/4 cup rhubarb infusion with 2 strawberries, and then add remaining 1/2 cup infusion, 1/4 cup orange juice and ice.","Optional:sweeten to taste with agave syrup, honey or sugar.",https://www.aicr.org/cancer-prevention/recipes/rhubarb-orange-refresher/,AICR
"Sheet Pan Alaska Halibut with Zucchini, Mushrooms, and Tomatoes","ENTREE, SEAFOOD, SPONSORED, SUMMER","Light, tasty and healthy, Alaska Halibut is perfect for any summer meal.
It only takes a few minutes to cook and packs protein, B vitamins and minerals like potassium and selenium.
Plus, fish is a staple of several dietary patterns also linked to lower cancer risk, such as the Mediterranean diet.
This one-pan recipe features Alaska Halibut, fresh zucchini and flavorful tomatoes for a delicious, quick and healthy meal.",,320,"4 Alaska halibut filets (about 4 - 6 oz. each)
6 oz. cherry or grape tomatoes, halved
1 medium zucchini (about 8 oz.), sliced
8 oz. cremini mushrooms, quartered
3 Tbsp. olive oil
1 Tbsp. lemon juice
2 minced garlic (around 4 cloves)
1 tsp. lemon zest
3/4 tsp. kosher salt, or to taste
1/8 tsp. teaspoon ground black pepper","Preheat oven to 400 degrees F.
Arrange the halibut and vegetables on a large baking sheet.
Whisk together the olive oil, lemon juice, garlic, lemon zest, salt, and pepper. Brush over the halibut and drizzle the rest over the vegetables. Toss the vegetables so they are evenly coated, then arrange in as flat a layer as possible on the sheet around the halibut.
Bake for 15 minutes, or until the halibut is opaque, flakes easily, and is just cooked through. Serve the halibut with the vegetables.",,https://www.aicr.org/cancer-prevention/recipes/sheet-pan-alaska-halibut-with-zucchini-mushrooms-and-tomatoes/,AICR
Baby Greens with Blackberry Vinaigrette,"SALADS, VEGETARIAN, SUMMER","This elegant salad is a blend of spinach, arugula, kale and other baby greens.
These dark, leafy greens offer a range of nutrients including fiber, folate and cancer-protective carotenoids.
A rosy blackberry vinaigrette adds bright color, sweet flavor, and ellagic acid, a cancer-fighting compound found in berries.
Pair with a simple glazed salmon for a beautiful meal for two.",,400,"Salad:
4 cups lightly packed mesclun salad mix (spinach, arugula, kale or other baby greens)
2 slices (3/4-in.) reduced-fat fresh goat cheese
1 cup whole blackberries (can also include a few red raspberries)
3 Tbsp. chopped walnuts or almonds (optional)
Vinaigrette:
1/3 cup olive oil
1/4 cup lemon juice
1 Tbsp. maple syrup
1 Tbsp. dijon mustard
1 tsp. salt
2 tsp. pepper
1 tsp. ground cumin
1/2 tsp. turmeric
1/4 tsp. ground cinnamon
1/4 tsp. cayenne pepper","Place all dressing ingredients in bullet-style blender or mini food processor and whirl until dressing is creamy and smooth.
Season to taste with salt and pepper.
Makes 1/2 cup dressing.
Divide greens between 2 salad plates.
If using cheese, set a slice in the center on top of greens, then drizzle 2 tablespoons of Blackberry Vinaigrette over salad before serving.
Or, drizzle on dressing, then sprinkle nuts and berries on top.
Reserve remaining dressing for another use.
It keeps covered in refrigerator for 3 days.",Let dressing stand in refrigerator for up to 24 hours before using to maximize flavor.,https://www.aicr.org/cancer-prevention/recipes/baby-greens-with-blackberry-vinaigrette/,AICR
Summer Grilled Balsamic Vegetables,"Side, Vegetarian, Summer","Fresh vegetables are a colorful addition to your summer barbecue.
This versatile recipe is simple, flavorful and our new grilling go-to.
Made with a variety of bell peppers, summer squash and mushrooms, your version can use any seasonal produce.
A marinade of olive oil and balsamic reduction adds a light sweetness and enhances your body’s ability to absorb their fat-soluble vitamins.",,100,"3 medium bell peppers, chopped (any color works red, yellow and orange)
2 medium zucchini, thickly sliced
1 medium cauliflower head, cut into small florets
1 container baby bella mushrooms (~8 oz)
2 Tbsp. extra virgin olive oil
Salt and pepper, to taste
1 cup balsamic vinegar, reduced (or 1/4 cup pre-made balsamic reduction)
2 Tbsp. chopped fresh basil","Place chopped vegetables and mushrooms in large mixing bowl.
Toss with oil and salt and pepper, if using, to coat evenly.
Add vegetables to a grill basket and grill over medium heat for 15 minutes or until vegetables are fork tender.
If you don’t have a grill, spread vegetables evenly over 1-2 baking sheets and roast for 20 minutes at 400°F, stirring after 10 minutes.
While vegetables are cooking, bring balsamic vinegar to a boil in small saucepan.
Reduce heat to medium/low and let vinegar simmer for 10-15 minutes, stirring occasionally.
The reduction is done when vinegar has thickened enough to lightly coat the spoon.
Let the balsamic glaze cool (at room temperature or in fridge); it will continue to thicken as it cools.
To serve, drizzle glaze over roasted veggies and garnish with chopped fresh basil.",,https://www.aicr.org/cancer-prevention/recipes/summer-grilled-balsamic-vegetables/,AICR
Creamy Cucumber Fennel Salad,"Side, Vegetarian, Summer","This simple salad features cool English cucumbers, fresh fennel and tangy Greek yogurt.
Fennel contains fiber, potassium and vitamins A and C. It’s mild licorice flavor gives the salad a delicious punch.
The Greek-style yogurt with a splash of apple cider vinegar makes a light creamy dressing with the perfect tinge of tartness.",,40,"1 container (5-6 oz.) plain low-fat Greek yogurt
2 tsp. apple cider vinegar
1/8 tsp. salt, or to taste
Freshly ground black pepper, to taste
2 cups thinly sliced English cucumber
1 small or 1/2 large fennel bulb, cut into quarters, cored, thinly sliced crosswise (about 1 cup)
3 Tbsp. coarsely chopped fennel fronds, divided","In a medium bowl, whisk together yogurt, vinegar, salt and pepper.
Add cucumber, fennel and 2 tablespoons fronds and toss to coat.
Transfer to a serving dish and garnish with remaining fennel fronds. Serve immediately or refrigerate until serving.","If using large English cucumbers, cut in half lengthwise before slicing.",https://www.aicr.org/cancer-prevention/recipes/creamy-cucumber-fennel-salad/,AICR
Mango Carrot Ginger Smoothie,"Beverage, Spring, Summer, Breakfast","A gorgeous Mexican mango was the inspiration for a flavorful, antioxidant-rich smoothie in my kitchen this week.
In celebration of that particularly sunny shade of pink-orange-yellow found in mangos, carrots and citrus fruits, I whipped up a sweet, fruity, plant-based mango smoothie, with a bite of spicy ginger.
This smoothie is packed with vitamin C, vitamin A and carotenoid compounds found in yellow-orange fruits and vegetables, which are linked to disease protection.",,190,"1 mango, peeled, sliced into chunks
1/2 orange, peeled, quartered
1 large carrot, sliced into large chunks
1 1/2 cups soy milk, plain
1 (1-inch) piece, peeled fresh ginger
6 ice cubes","Place all ingredients in a blender and process until smooth.
Pour into 2 glasses.","Frozen mango chunks may be used if fresh mango is not available.
This recipe is by Sharon Palmer, RDN, The PlantPowered Dietitian.
She is a Los Angeles-based, award-winning food and nutrition writer, plant-based food expert, and author of Plant-Powered for Life and The Plant-Powered Blog.",https://www.aicr.org/cancer-prevention/recipes/mango-carrot-ginger-smoothie/,AICR
Shrimp Salad with Sun-Dried Tomato Vinaigrette,"Salads, Spring, Summer, Seafood","Celebrate spring with a fresh, entrée-worthy salad.
This one features protein-rich shrimp, colorful corn and cherry tomatoes and a zesty sun-dried tomato vinaigrette.
Roasting the veggies with olive oil first adds a nice flavor and actually increases your body’s ability to absorb the cancer-fighting lycopene compound.",,460,"Salad:
1/2 cup frozen corn (no-salt added)
1/2 cup cherry tomatoes, sliced in half
1 Tbsp. extra-virgin olive oil, divided
8 oz. shrimp, thawed, tails trimmed
1 head romaine lettuce
1/2 medium avocado, pit removed
Vinaigrette:
2 Tbsp. red wine vinegar
1 1/2 tsp. prepared mustard
1 Tbsp. chopped sun-dried tomato
1 clove garlic, roughly chopped
1/4 cup extra-virgin olive oil
salt and freshly ground black pepper, to taste","Salad:
Preheat oven to 450 degrees F.
On sheet pan place corn and tomatoes and toss with 2 teaspoons oil until evenly coated. Season with salt and pepper. Roast about 10-15 minutes or until tomatoes begin to tighten up.
In a sauté pan, add 1 teaspoon oil and heat to medium-high.
Add shrimp to pan and season with salt and pepper, to taste.
Once shrimp has tightened up and turned pink (approximately 4 minutes) remove from heat.
Chop lettuce to desired leaf size.
Slice avocado in half and remove pit. Cut slices while still in the skin and scoop out with a spoon.
Arrange lettuce on plate or bowl and top with roasted tomato and corn, avocado and shrimp.
Vinaigrette:
In a small bowl, whisk together vinegar, mustard, sun-dried tomato and garlic. When well mixed, slowly add the oil in a small stream; the dressing should bind together and look uniform throughout with no separating of oil and vinegar.
Season with salt and pepper, to taste.","May use fresh shrimp, deveined and tails trimmed.
The dressing is an additional 160 calories per serving.",https://www.aicr.org/cancer-prevention/recipes/shrimp-salad/,AICR
Sweet Potato Hummus,SURVIVOR/DURING TREATMENT,"Can you ever have too many dips?
We don’t think so. When you don’t have an appetite, it can be difficult to tackle a whole meal, but keeping an easy, healthy snack around the house can help you keep up your calorie intake.
If you’re aiming for small, frequent meals, this hummus packs just enough calories and plenty of vitamins and minerals from the sweet potato + protein and healthy fats from the tahini and olive oil.",,270,"1 Ib. sweet potato, peeled and cut into 1-inch chunks
1 (15 oz). can chickpeas, rinsed and drained
Salt and pepper, to taste
1/2 cup sesame tahini
3/4 cup of olive oil, divided
4 sprigs parsley, leaves roughly chopped (optional)
Makes 10 servings (81g). Per serving: 270 calories, 23 g total fat (3 g saturated fat, 0 g trans fat), 0 mg cholesterol, 11 g carbohydrates, 4 g protein, 2 g dietary fiber, 20 mg sodium, 1 g sugar, 0 g added sugar.","Bring pot of water to boil. Add sweet potatoes and cook until fork-tender, about 15 to 20 minutes. Reserve 1 cup of cooking liquid, then drain potatoes. Let potatoes cool slightly.
In food processor, combine cooked potatoes, chickpeas, salt and pepper, to taste, and tahini. Purée by slowly adding 2/3 cup of olive oil and pulse until smooth. If mixture is too thick, add reserved cooking liquid, as needed.
Top with chopped parsley, if using, and drizzle with remaining olive oil. Serve with warm whole-grain pita or steamed or raw vegetables.",Recipe in partnership with Cook for Your Life.,https://www.aicr.org/cancer-prevention/recipes/sweet-potato-hummus/,AICR
Apricot Chicken,Main Dish,"While they often appear in desserts, apricots have a tart sweetness that pairs nicely with meat, too. This simple-to-prepare dish has a distinct Middle Eastern flavor and is a wonderful way to eat fresh apricots. The glaze from the chicken, broiled apricots and red onions, form a sweet and savory chutney-like sauce that kicks the flavor up a notch—great for taste changes, when food is tasting bland, or for days when you have a low appetite.",,430,"1 cup apricot jam or marmalade
2 tsp. garlic, minced
1 1/2 Tbsp. olive oil
1 Tbsp. soy sauce
2 tsp. Dijon mustard
1/2 small jalapeño, deseeded and minced (optional)
2 tsp. fresh ginger, grated
1/2 tsp. salt
Black pepper, to taste
4 (6 oz.) boneless skinless chicken breasts, pounded thin with rolling pin or meat pounder
4 apricots, under-ripe, quartered and pitted*
1/2 red onion, sliced","Preheat oven to 350 degrees F.
In medium bowl, mix jam, garlic, olive oil, soy sauce, mustard, jalapeño, ginger, salt and pepper, to taste. Add chicken breasts and stir to coat.
Place apricots and onion slices on oiled baking sheet and then place chicken breast mixture on top, nestling apricots and onions around breasts.
Cook for 20 25 minutes, flipping halfway through. Chicken is done when a meat thermometer registers 165 degrees F.",,https://www.aicr.org/cancer-prevention/recipes/apricot-chicken,AICR
Avocado Macaroni and Cheese,Entree,"Rich and creamy, this take on classic macaroni and cheese is a treat. Rich in heart healthy fat from the avocado, it also contains protein and fiber making it indulgent yet nutritious. It is also high in calories, perfect for cancer patients who need to gain weight. A lightened version can be prepared using skim or almond milk in place of the whole milk and reduced amounts of butter and cheese. For added color and fiber, top with colorful steamed broccoli or your favorite vegetable.",,529,"16 oz. pasta
2 avocados, pitted and mashed
1 Tbsp. lime juice
1/2 tsp. salt
1 clove garlic, minced
3 Tbsp. butter
3 Tbsp. flour
2 cups whole milk
1 1/2 cups white cheddar, shredded
1/2 cup Gruyère cheese, shredded","Cook macaroni per package directions.
Combine avocado, lime juice, salt and garlic in food processor. Process until smooth. Set aside.
In a large saucepan, melt butter over medium heat.
Whisk in flour and cook for 1-2 minutes to make a roux.
Gradually add milk to roux, whisking as you add. Cook on stovetop for 5-7 minutes, whisking regularly until roux thickens.
Add avocado mixture to milk mixture while on stovetop and continue to cook for additional 5 minutes.
Remove from heat and stir in shredded cheese.
Once pasta is cooked, drain and add to cheese sauce.",,https://www.aicr.org/cancer-prevention/recipes/avocado-macaroni-and-cheese,AICR
Banana Almond Coconut Tea,Drink,"Blended with bananas, almond milk and coconut milk, this tea is almost like a rich chai latte. With ginger and honey to soothe your throat and stomach, it’s the perfect drink to sip if you are experiencing nausea or on a bland diet. It’s also better than water if you are trying to squeeze in a few extra calories. Best served fresh and hot and excellent for a cold winter day. If you’re making it just for yourself, feel free to cut the recipe in half.",,120,"4 cups water
2 Earl Grey tea bags
1 cup almond milk, unsweetened
1 cup coconut milk
1/2 tsp. ground ginger
1 Tbsp. honey
1 tsp. vanilla extract
4 large ripe bananas, diced","In small pot over medium heat, bring water to a simmer. Add tea bags and simmer for about 5 minutes, or until tea is dark brown.
Add almond milk, coconut milk, ginger, honey and vanilla extract to tea and stir until well combined. Remove from heat and cool slightly.
Add bananas to tea mixture and puree with an immersion blender.* Serve warm.",,https://www.aicr.org/cancer-prevention/recipes/banana-almond-coconut-tea,AICR
Banana Melon Smoothie,Drink,"Switch up your typical fruit smoothie with melons! This smoothie has a mild, yet fresh, flavor—perfect for those experiencing side effects from cancer treatment, such as mouth sores and difficulty swallowing. High in protein and fiber, the Banana Melon Smoothie is perfect for an afternoon snack or an on-the-go breakfast. If you are sensitive to dairy, you can easily replace the whole milk for almond milk and use coconut or soy yogurt.",,324,"1 small banana
1 cup frozen watermelon
1 cup frozen cantaloupe
1 cup frozen honeydew melon
2 Tbsp. chia seeds
1 cup whole milk
1/2 cup vanilla Greek yogurt*",Combine all ingredients in blender and blend until smooth.,,https://www.aicr.org/cancer-prevention/recipes/banana-melon-smoothie,AICR
Bananas Baked in Coconut,Dessert,"Ripe bananas get wonderfully caramelized in the oven in this recipe, without the need for frying or using a kitchen torch. The not-so-secret ingredient in this dish is coconut oil, which is rich in lauric acid and gives the bananas a tropical flavor—great for those experiencing treatment-related taste changes. And the ripe bananas + Greek yogurt are easily mashable if you need a soft, easy-to-swallow meal due to mouth sores.",,180,"3 Tbsp. melted coconut oil*
6 ripe bananas
Freshly grated nutmeg, to taste (optional)
6 Tbsp. plain Greek yogurt","Position oven rack toward top of oven. Preheat oven to 425 degrees F. Line baking sheet with parchment paper and set aside.
Pour melted coconut oil into shallow bowl or plate.
Peel bananas. Carefully cut them in half lengthwise. Roll them in oil until well coated and lay them cut-side down onto prepared baking sheet. Brush them with any remaining oil and grate a little nutmeg over them, if using.
Bake for 20 minutes. Turn bananas carefully with spatula and return to oven for another 10 minutes or until they’re golden with caramelized edges. Carefully lift them from baking sheet and serve 2 slices with a tablespoon of Greek yogurt.",,https://www.aicr.org/cancer-prevention/recipes/bananas-baked-in-coconut,AICR
Best Blueberry Muffins,General,"These easy-to-make blueberry muffins call for blueberries, which are rich in disease-fighting antioxidants, walnuts and whole-wheat pastry flour.",,170,"Nonstick cooking spray
1 1/2 cups whole-wheat pastry flour
1/3 cup finely or roughly chopped walnuts
2 tsp. baking powder
1/2 tsp. ground cinnamon
1/2 tsp. salt
1/4 tsp. baking soda
2 large eggs, beaten
1/2 cup 2% fat plain Greek yogurt
1/2 cup mashed ripe banana, (from 1 banana)
3 Tbsp. granulated sugar, plus 1 Tbsp., optional
1/4 cup vegetable oil (or extra-virgin olive, olive, or avocado)
Zest of 1/2 lemon
2 Tbsp. lemon juice
2 tsp. vanilla extract
1 1/2 cups fresh or frozen (not thawed) blueberries","Preheat oven to 400 degrees F. Line a 12 cup muffin tin with cupcake liners and lightly coat liners with nonstick cooking spray.
Place flour, walnuts, baking powder, cinnamon, salt and baking soda in medium-size mixing bowl and whisk until well combined.
Place eggs, yogurt, banana, 3 tablespoons sugar, oil, zest, lemon juice and vanilla in smaller mixing bowl and whisk until well combined.
Add liquid ingredients to dry ingredients and mix until just combined. Gently stir in blueberries.
Divide batter evenly among muffin cups. Top with remaining 1 tablespoon sugar, optional. Bake until toothpick inserted in center of muffins comes out clean, 16 to 18 minutes. Cool 5 minutes in muffin pan; remove to cooling rack and cool completely.",,https://www.aicr.org/cancer-prevention/recipes/best-blueberry-muffins,AICR
Broccoli with Scallion Dressing and Hazelnuts,Entree,"Transform broccoli by flavoring it with scallions, toasted sesame oil and hazelnuts. Cancer fighting broccoli contains glucosinolates, vitamin C and dietary fiber that can help reduce cancer risk. Serve this dish with brown rice or quinoa to add a healthy fiber boost, and add salmon for a delicious dinner.",,60,"3 cups small broccoli florets (fresh or frozen)
2 tsp. toasted sesame oil
2 scallions, trimmed and thinly sliced
2 cloves garlic, minced
2 tsp. reduced sodium soy sauce
2 Tbsp. coarsely chopped toasted hazelnuts or pecans","Bring large pot of water to boil. Using steamer basket or heat-safe colander, add broccoli and close lid or cover and steam to cook for 4-5 minutes.
In medium bowl, combine sesame oil, scallions, garlic and soy sauce. Add cooked broccoli, toss well and top with hazelnuts.
To toast hazelnuts, put them in a small skillet over medium-high heat and stir frequently for 3-4 minutes, until lightly browned. Immediately transfer nuts to a small dish and cool.
You can use pecans in place of hazelnuts.",,https://www.aicr.org/cancer-prevention/recipes/broccoli-with-scallion-dressing-and-hazelnuts,AICR
Brussels Sprouts with Balsamic Glaze,"Appetizer, vegetarian","Cruciferous vegetables, like Brussels sprouts, can help lower risk for certain cancers, especially those of the colon, mouth, esophagus and stomach. When buying Brussels sprouts, make sure to select the small florets, and steam them until bright green and just tender. In this recipe we’ve paired Brussels sprouts with a sweet balsamic glaze—a great side dish to add to any meal.",,50,"3 cups fresh Brussels sprouts (about 12 ounces)
1/4 cup balsamic vinegar
1 Tbsp. honey, or to taste
1 tsp. minced garlic
1 tsp. minced peeled fresh ginger
1 tsp. extra-virgin olive oil
1 small tomato, seeded and chopped
Salt and freshly ground black pepper, to taste","Remove any yellow leaves from the Brussels sprouts and rinse them thoroughly. Trim the bottoms and with the tip of a knife make an X in each stem and end to help the sprouts cook evenly.
Place a steamer basket inside a pot and add about 2 inches of water. Bring the water to a boil and put the sprouts in the steamer. Cover and steam over high heat for about 10 minutes until the sprouts are bright green and just tender, but still crisp.
While Brussels sprouts are cooking combine vinegar, honey, garlic, ginger, oil, tomato and salt and pepper in a blender and blend just until puréed.
Transfer puréed mixture to a nonstick pot and bring to a boil and then immediately reduce the heat to medium. Cook stirring frequently for about 5 minutes until the sauce is slightly syrupy.
Drizzle the sauce over hot Brussels sprouts and serve immediately.",,https://www.aicr.org/cancer-prevention/recipes/brussels-sprouts-with-balsamic-glaze,AICR
Carrot Ginger Soup,"entree, vegetarian, fall","This warm, spiced soup is just the dish to chase the first winter chill away. A subtle combination of carrots, citrus and fragrant ginger, it can be served as a colorful appetizer or alongside a light sandwich for a leisurely lunch. Beta-carotene from carrots, vitamin C from orange juice and gingerol from ginger—all provide beneficial antioxidant properties.",,150,"1 Tbsp. extra-virgin olive oil
4 cups chopped carrots, peeled, cut into 1/2-inch pieces
1 cup chopped yellow onion
2 cloves garlic, minced
3 cups low-sodium chicken or vegetable broth
4 large strips orange zest
1 tsp. finely minced fresh ginger
1/2 cup orange juice
1 Tbsp. fresh lemon juice
Salt and ground black pepper, to taste
1/4 cup chopped chives*","In large pot, heat oil over medium-high heat. Add carrots and onions. Sauté about 7-8 minutes. Add garlic and sauté additional 2 minutes.
Add broth and orange zest strips. Cover and bring to a boil. Reduce heat, uncover and simmer until carrots are tender, about 10-12 minutes. Let mixture cool for several minutes. Discard orange zest strips.
Working in batches, in food processor or blender purée mixture until velvety smooth. Return soup to pot. Stir in ginger, orange juice and lemon juice. Season with salt and pepper, to taste.
Over low heat, let soup simmer for 5 minutes for flavors to mingle. Top with chives and serve immediately.",,https://www.aicr.org/cancer-prevention/recipes/carrot-ginger-soup,AICR
Chickpea Pancakes with Jellyberry Grape Jam & Almond Butter,"Kid Friendly, Breakfast",,,240,"2 cups purple grapes, cut in half
2 Tbsp. lemon juice
1 tsp. honey
1/4 tsp. ground cinnamon
Pinch of salt. or to taste
1 tsp. cornstarch
1 Tbsp. water
1 cup chickpea flour
2 tsp. baking powder
1/4 tsp. ground cinnamon
Pinch of salt, or to taste
3/4 cup plain unsweetened almond milk
1 tsp. honey
1/2 tsp. vanilla extract
Nonstick cooking spray
4 Tbsp. almond or peanut butter","Place small saucepan over medium heat. Add grapes, lemon juice, honey, cinnamon and salt and stir to combine. Bring to low boil, lower heat, and simmer, uncovered, stirring occasionally, until grapes soften, about 8 minutes.
Place cornstarch and water in small bowl and whisk to combine. Stir into grape mixture and cook, stirring frequently, until thickened, 1 to 2 minutes. Set aside.
Meanwhile, place chickpea flour, baking powder, cinnamon and salt in medium-size bowl and whisk until well combined. Whisk in almond milk, honey and vanilla until well combined.
Spray a 10-inch nonstick skillet with nonstick cooking spray and heat over medium heat. Pour in 1/3 cup of batter and cook until golden on the bottom, 2 to 3 minutes. Adjust heat to medium-low if bottom browns too quickly. Flip and cook another 2 minutes. Repeat with cooking spray and remaining batter. Keep pancakes warm between batches.
To serve, spread 1 tablespoon almond butter evenly over each pancake. Top evenly with Jellyberry grape jam.",,https://www.aicr.org/cancer-prevention/recipes/chickpea-pancakes-with-jellyberry-grape-jam-almond-butter,AICR
Citrus Quinoa Avocado Salad,Salad,"This colorful quinoa salad is full of vibrant flavors with the addition of zesty lemons and fresh cilantro. It is also rich in cancer-fighting foods including omega-3-rich avocados combined with fiber-rich quinoa, chickpeas and fresh vegetables. The dish is plant-based, but hearty and filling enough to be a satisfying meal for everyone.",,390,"1/2 cup cucumber, diced
1 cup cherry tomatoes, cut in half
2 small cloves garlic, minced
1/4 cup red onion, chopped
1 bunch cilantro
2 cups spinach, thinly sliced
1 15.5 oz can no salt added garbanzo beans (drained and rinsed)
1 cup cooked and cooled quinoa
2 medium avocados, diced","Place all salad ingredients in a bowl.
Whisk all dressing ingredients together in a separate bowl.
Drizzle dressing over salad mixture and gently toss ingredients together until dressing is incorporated throughout.",,https://www.aicr.org/cancer-prevention/recipes/citrus-quinoa-avocado-salad,AICR
Colorful Lentil Soup,Soup,"This simple lentil soup is bursting with colors and flavors and is easy to prepare in one pot. Red lentils are a small, orange colored legume that are high in fiber and protein. The celery, carrots and zucchini also provide an abundance of fiber and nutrients that are helpful for head and neck cancer patients to keep the immune system strong and promote regular bowel movements. If your mouth is sore or irritated, you can omit the lime juice and reduce or omit the tomatoes.",,355,"3 Tbsp. extra-virgin olive oil
1 medium yellow or white onion, finely diced
1 garlic clove, pressed or minced
1 celery stalk, thinly sliced
2 medium carrots, peeled and sliced
1 medium zucchini, diced
1 tsp. salt, or to taste
1 tsp. ground turmeric
1 tsp. ground cumin
1/2 tsp. dried thyme
1 28 oz. can diced tomatoes, drained (use a smaller size can or omit, if mouth irritation)
1 cup red lentils, rinsed well
3 cups low sodium vegetable broth
2 cups water
Black pepper, to taste
1 cup baby kale or spinach, chopped
Juice of 1/2 a lime, or to taste (omit if mouth sores are present)
Salt and pepper, to taste","Warm olive oil in large pot over medium heat. Add onion and garlic, stirring occasionally until onions have softened, about 5 minutes.
Meanwhile, dice and slice celery, carrots and zucchini. Add to onion mixture. Add salt, turmeric, cumin and thyme.
Stir often and cook until fragrant, about 5 minutes.
To the pot, add tomatoes, lentils, broth, water and pepper, to taste. Bring to a boil and then lower heat and simmer, partially covered.
Cook for 20 to 30 minutes, or until lentils are tender but still hold their shape.
Add the chopped greens. Cook for about 2 minutes, or until greens have wilted.
Remove pot from heat and stir in lime juice. Season with salt and pepper, to taste. Serve immediately.",,https://www.aicr.org/cancer-prevention/recipes/colorful-lentil-soup,AICR
Cool Cauliflower Salad,"appetizer, vegan","Escape the summer heat with a refreshing chilled salad. This healthy side dish features cauliflower, a nutrient-rich cruciferous vegetable, packed with cancer protective compounds like indoles and isothiocyanates. Celery adds a crisp flavor. Finish it off with a tangy mustard vinaigrette and chill for the perfect healthy cool down.",,50,"1 medium head cauliflower, broken into florets
1/2 cup celery, sliced into ½-inch pieces
2 cloves garlic, minced
1/4 cup water
1 Tbsp. extra-virgin olive oil
1 Tbsp. red wine vinegar
1 Tbsp. lemon juice
1 tsp. Dijon mustard
1/2 tsp. Italian seasoning
1/8 tsp. red pepper flakes
Salt and freshly ground black pepper, to taste","Steam cauliflower florets 4 to 6 minutes or until desired tenderness. In large bowl, combine cauliflower and celery.
In small mixing bowl, combine remaining ingredients. Whisk together well. Pour dressing mixture over vegetables and toss gently to thoroughly coat.
Cover and chill. Serve when chilled.",,https://www.aicr.org/cancer-prevention/recipes/cool-cauliflower-salad,AICR
"Cottage Cheese, Cucumber and Tomato Toast","appetizer, vegetarian, breakfast","This toast is best in the summer months when tomatoes are in season, but it can be eaten year-round with even just the cucumber if you can’t find good tomatoes. Cottage cheese is an excellent source of protein with ½ cup providing 14 grams, and a good source of calcium.",,130,"1 slice whole grain bread
¼ cup low fat cottage cheese
4-5 thin cucumber slices
2-3 thin tomato slices, cut into quarters
Cracked black pepper (to taste)","Toast bread.
Spread cottage cheese on bread.
Top with cucumber slices, tomato slices, and black pepper.",,https://www.aicr.org/cancer-prevention/recipes/cottage-cheese-cucumber-tomato-and-cracked-black-pepper,AICR
Cranberry Beans with Garlic,"entree, vegetarian","Have you tried cranberry beans? Also known as borlotti, romano or Roman beans, these cream-colored beauties with crimson swirls, streaks and speckles become a pretty pink-brown color when cooked. Conveniently canned cranberry beans are quickly simmered with aromatic onion, garlic, thyme, parsley and broth and finished with a squeeze of lemon and a sprinkle of lemon zest for a beneficial boost of fiber, plant protein and all the phytonutrients pulses have to offer.",,180,"1 Tbsp. extra-virgin olive oil
1/2 small onion or 1 small shallot, diced
1-2 garlic cloves, diced
1 can (14-15.5 oz.) cranberry (borlotti, Roman) beans, drained and rinsed
1 1/2 Tbsp. finely chopped fresh parsley, divided
1/2 Tbsp. finely chopped fresh thyme or 1/2 tsp. dried thyme leaves
Pinch of crushed red pepper flakes, optional
1/3 cup reduced-sodium vegetable or chicken broth
2 tsp. fresh lemon juice (about 1/8-1/4 medium fresh lemon), and its zest
Salt and freshly ground black pepper, to taste","In a saucepan, heat oil over medium heat. Sauté onion until translucent, about 3 minutes. Add garlic and sauté until softened, about 30 seconds.
Add beans, parsley, thyme and red pepper, if using, and sauté 1 minute.
Add broth and bring to a boil. Reduce heat to simmer, cover and cook 5 minutes. Remove lid and cook 5 minutes. Remove from heat.
Stir in lemon juice and zest. Season to taste with salt and pepper. Serve warm
Serve as a side dish with fish or chicken with vegetables and whole grains or as a main dish over brown rice with a mixed greens salad.",,https://www.aicr.org/cancer-prevention/recipes/cranberry-beans-with-garlic,AICR
Cranberry Coconut Popsicle,Dessert,"If you have extra blended ingredients, make a smoothie. Add the leftovers, yogurt and frozen fruit for another satisfying treat. Include how much yogurt and frozen fruit to add?",,172,"1 cup canned coconut milk
1 avocado, pitted and mashed
2 cups cranberry juice","Combine all ingredients in blender and blend until smooth.
Pour into Popsicle molds and freeze for at least 2 hours.",,https://www.aicr.org/cancer-prevention/recipes/cranberry-coconut-popsicle,AICR
Cranberry Flax Pumpkin Bread,"whole grains, holiday, sponsored, fall, winter, bread, dessert","Two of the season’s most-loved foods come together in this delicious homemade bread. Pumpkin&#039;s potent beta-carotene and cranberries&#039; anthocyanin phytochemicals are blended together with flaxseed&#039;s protective omega-3 fats. Flax is also being studied for their lignans, plant estrogens which may play a role in protecting against breast cancer.",,200,"Canola oil spray
1/2 cup whole-wheat pastry flour
1/2 cup unbleached all-purpose flour
1/2 cup ground flaxseed
2/3 cup packed light brown sugar
1 tsp. baking soda
1/2 tsp. salt
2 large eggs
1 cup canned pumpkin
1/4 cup canola oil
1/2 cup unsweetened applesauce
1/4 cup 100 percent apple juice
1/2 tsp. ground cinnamon
1/2 tsp. ground ginger
1/4 tsp. ground nutmeg
1 cup dried cranberries","Preheat oven to 350 degrees. Lightly coat 8 x 4-inch loaf pan with canola oil spray and set aside.
In large bowl, combine whole-wheat pastry flour, all-purpose flour, flaxseed, sugar, baking soda and salt and set aside. In a medium bowl, lightly beat eggs. Whisk in pumpkin, canola oil, applesauce, apple juice, cinnamon, ginger and nutmeg. Stir in dried cranberries. Add wet ingredients to dry ingredients, mixing until all dry ingredients are incorporated into batter. Do not beat or overmix. Pour batter into prepared pan.
Bake for 50-60 minutes, until wooden toothpick inserted into center comes out clean. Cool in pan on wire rack for 10 minutes. Remove bread from pan and continue cooling on rack.",,https://www.aicr.org/cancer-prevention/recipes/cranberry-flax-pumpkin-bread,AICR
Creamy Beet Hummus,Side dish,"Serving suggestions: pair with whole-wheat crackers or soft pita bread; use as a dip for raw or soft cooked veggies; use as a sandwich spread and layer turkey, cheese and lettuce on top.",,175,"2 medium beets, peeled and cut into 1-inch chunks
2 cloves garlic
4 Tbsp. plus a drizzle, extra-virgin olive oil
1 ½ cups cooked or canned garbanzo beans, rinsed and drained
1 Tbsp. tahini
Juice from half a lemon (about 2 Tbsp.)
3-4 Tbsp. warm water
½ tsp. cumin
½ tsp. sea salt
⅛ tsp. black pepper (optional)","Preheat oven to 400 degrees F.
Place beet chunks and garlic cloves in bowl, drizzle with olive oil and stir until evenly coated.
Place on baking sheet and roast for 35-45 minutes or until fork tender, turning occasionally.
Remove from oven and cool slightly.
Transfer beets and garlic to food processor or blender.
Add garbanzo beans, 4 Tbsp. olive oil, tahini, lemon juice, water, cumin, salt and pepper (if using).
Blend for 1 minute, scrape down sides and blend for another minute, adding more water or olive oil as needed until a nice creamy consistency.",,https://www.aicr.org/cancer-prevention/recipes/creamy-beet-hummus,AICR
Creamy Broccoli Apple Salad,Salad,"This recipe is a delicious blend of fruits, veggies and protein meant to help someone living with cancer meet their basic nutritional needs.
Greek yogurt is also high in probiotics and whey protein, which may play a role in immune system support.
Due to the nutrient density of this snack, it is perfect for those with reduced appetite.",,160,"4 cups broccoli florets
1/2 cup carrots, shredded
1/2 red onion, sliced thin
2 apples, diced
1/2 cup pecans, chopped
1/2 cup dried cranberries
1 cup plain Greek yogurt
2 Tbsp. lemon juice
1 Tbsp. honey
Salt and pepper, to taste","In large bowl, combine broccoli, carrots, onion, apples, pecans and cranberries.
In separate bowl, whisk together yogurt, lemon juice and honey.
Combine yogurt mixture with vegetable mixture and toss well. Season to taste with salt and pepper.
Chill until ready to serve.",,https://www.aicr.org/cancer-prevention/recipes/creamy-broccoli-apple-salad-2,AICR
Crispy Cauliflower Power Tacos,Main Dish,"Getting your daily recommended amount of vegetables can be hard, especially when appetite is low and meeting your caloric demand takes precedence. Cumin, chili powder and the caramelization from roasting the cauliflower all have strong flavor profiles perfect for someone with taste changes or reduced taste sensation.",,690,"1 Tbsp. cumin
1 Tbsp. chili powder
1 Tbsp. dried oregano
2 tsp. kosher salt
6 Tbsp. olive oil, divided
2 (15 oz.) cans chickpeas, drained
1 head cauliflower, cut into small florets
1 zucchini, cut into 1/4” cubes
8 corn tortillas, 6”
2 cups red cabbage, shredded, divided
1 avocado, diced","Preheat oven to 400 degrees F.
Mix together cumin, chili powder, oregano, salt and 4 Tbsp. olive oil.
Toss chickpeas in half the oil spice mixture and toss cauliflower with the other half of oil spice mixture.
Roast each on separate baking sheets until crispy (about 30 minutes).
While chickpeas and cauliflower are in oven, heat remaining 2 Tbsp. olive oil in pan and Sauté zucchini until tender.
Warm tortillas in oven for 5 minutes at 400 degrees F.
Assemble tacos: 1 tortilla, 1/4 cup shredded cabbage, 1/4 cup chickpeas, 1/4 cup cauliflower, and 1 Tbps. avocado.",,https://www.aicr.org/cancer-prevention/recipes/crispy-cauliflower-power-tacos,AICR
Easy Gazpacho,Side Dish,"Gazpacho, a chilled tomato and vegetable soup from Spain, is a refreshing addition to a summertime meal. The name of the Spanish soup is derived from the word meaning “remainders” or “worthless things.” This soup, however, is far from worthless. At front and center of this soup are tomatoes, garlic and onions that contain the phytochemicals lycopene, phenolic acids, quercetin and more, making this chilled soup a potent health ally, as well as zesty and satisfying.",,50,"1 large tomato, seeded and chopped
1 medium cucumber, peeled, seeded and chopped
1 medium yellow onion, chopped
1 large roasted red bell pepper from a jar, seeded and coarsely chopped
1 large cloves garlic, minced
1/2 cup chopped cilantro
2 Tbsp. red wine vinegar
1 Tbsp. extra-virgin olive oil
3 cups tomato juice or vegetable juice, divided
Salt and freshly ground pepper, to taste
Hot pepper sauce (optional)","In blender or food processor, combine tomato, cucumber, onion, bell pepper, garlic, cilantro, vinegar and olive oil.
Add one cup of tomato juice and purée to desired degree of smoothness. Stir in remaining tomato juice. Add salt, pepper and hot pepper sauce (if using), to taste.
Refrigerate mixture for at least four hours (and up to two days).
Stir soup and serve very cold in bowls or glasses. Add garnishes as desired (see suggestions in the recipe note).",,https://www.aicr.org/cancer-prevention/recipes/easy-gazpacho,AICR
Edamame Dip,"side dish, dip","Edamame is the star of this delicious green dip that will both let you snack and get all the benefits of soy. The umami flavor of the soy sauce plus sesame oil and lemon combo is great for perking up your palate, especially if you’re in treatment and experiencing taste changes. Add in some whole-grain chips or veggie slices, and you’ve got a great snack or small meal if you’re finding large meals to be challenging. Get out your blender and get dipping!",,180,"1 lb. frozen shelled edamame, defrosted
2 cloves garlic, peeled and smashed
1 shallot, roughly chopped
1 cup whole-milk Greek yogurt*
1/4 cup low sodium soy sauce
2 Tbsp. sesame oil
Juice of one lemon, about 1/4 cup
1/4 cup water
Chopped tomatoes, for garnish (optional)
Sesame seeds, for garnish (optional)","In food processor, combine edamame, garlic, shallot, yogurt, soy sauce, sesame oil, lemon juice and water.
Puree until the mixture is smooth. Serve with whole-grain chips or veggie slices.",,https://www.aicr.org/cancer-prevention/recipes/edamame-dip,AICR
Fennel and Mushroom Soup,"vegetarian, soup","This easy soup features fennel, a root vegetable that’s rich in fiber, vitamin C, and other nutrients. A member of the carrot and parsley family, fennel has a mild licorice flavor, but is sweeter and more aromatic. Paired with crimini mushrooms, red pepper, onion and potatoes, this soup is a great introduction to a variety of healthy foods.",,190,"2 Tbsp. extra virgin olive or canola oil
1 medium onion, chopped
1 medium red pepper, diced
2 small white potatoes, peeled and cubed
1 medium celery stalk, split and thinly sliced
4 cloves fresh garlic, thinly sliced
1 medium bulb fennel, chopped
2 cups sliced crimini mushrooms, including stems
1 tsp. dried basil
1 tsp. lemon pepper seasoning
4 cups low-sodium chicken broth
1 Tbsp. apple cider vinegar
Salt
2 Tbsp. finely chopped fresh parsley","In pot or saucepan, heat oil over medium-high heat
Add onion, red pepper, potatoes, celery and garlic. Sauté 5 minutes, stirring often. Add fennel and sauté 6 minutes. Add mushrooms and sauté 5 minutes, stirring occasionally.
Add basil and lemon pepper. Stir. Add broth, vinegar and salt to taste.
Reduce heat and simmer for about 25-30 minutes, stirring occasionally.
Ladle into bowls. Garnish with parsley and serve.",,https://www.aicr.org/cancer-prevention/recipes/fennel-and-mushroom-soup,AICR
Fennel &amp; White Bean Soup,Main Dish,"This simple, soothing soup is light on the palate and easy on the digestive system. Packed with plant-based protein and tons of fiber from the beans, it hits the mark when you’re aiming for small, frequent meals. Leftovers freeze well, and this recipe is very quick to make if using canned beans. Canned cannellini beans or great northern beans work well for this soup.",,150,"2 Tbsp. extra-virgin olive oil
1 tsp. fennel seeds
1 medium onion, diced
2 large fennel bulbs and stalks, sliced and diced, feathery tops chopped and reserved
Salt, to taste
4 1/2 cups water or low-sodium vegetable stock, divided
1 15-ounce can cannellini beans,* drained and rinsed
4 cloves garlic, peeled
1 bay leaf
1 cup flat-leaf parsley","Heat oil in large Dutch oven over medium-high heat. Add fennel seeds and let them sizzle for a minute or so.
Add onion, fennel bulbs and stalks and sauté for about 2 minutes or until vegetables start to soften. Add salt, to taste, and ½ cup of water, partially cover pot and sweat vegetables for about 20 minutes or until vegetables are tender but still have some bite, stirring occasionally.
Add 4 cups of water or stock, beans, garlic and bay leaf. As soup cooks, add more stock or water, ½ cup at a time, if desired.
Cook until fennel is tender and beans are easily mashed against side of pan. Smash some beans to thicken soup or give it a quick burst with an immersion blender.
Stir in chopped parsley and chopped fennel tops. Simmer 2 minutes. Add additional salt, if needed, and serve.",,https://www.aicr.org/cancer-prevention/recipes/fennel-white-bean-soup,AICR
Fiesta Slaw,"side, vegetarian","Coleslaw is a staple side with BBQ and Tex-Mex style dishes. This citrus-based version combines the natural sweetness of orange juice, mango and apple with the heat of jalapeño pepper to help bring out the natural flavors of the veggies. Featuring colorful bell peppers, this slaw is rich in beta-carotene, vitamin A, vitamin C and contains a variety of phytochemicals that may help reduce your risk of cancer. Pair with fish tacos, grilled chicken, or use as a flavorful topping in salads and wraps.",,45,"1 orange, juice yields only
1 Tbsp. extra virgin olive oil
2 cloves garlic, finely minced
1 jalapeño pepper, seeded and minced
1/2 mango, diced
1 large red bell pepper, cut into thin strips
1 large green bell pepper, cut into thin
1 large yellow bell pepper, cut into thin strips
1/2 apple, cut into thin strips
1/3 cup (packed) fresh cilantro leaves, minced
Salt and freshly ground black pepper","Purée first 3 ingredients in blender or food processor until dressing is smooth.
Place jalapeño, mango, peppers, apple and cilantro in large bowl. Add dressing and toss to mix and coat well. Season with salt and pepper to taste
Cover and refrigerate until vegetables soften a little but remain crunchy, about 4 hours. Serve at room temperature.",,https://www.aicr.org/cancer-prevention/recipes/fiesta-slaw,AICR
Fresh Cherry and Corn Salad,"salads, vegetarian, summer","June is National Fresh Fruit and Vegetable Month, a great time to add more plant foods to your diet. This seasonal salad boasts a pound of bright cherries. This colorful fruit is a good source of fiber, vitamin C and natural antioxidants called anthocyanins. Cherries pair perfectly with the natural sweetness of corn and mild flavor of leafy greens like arugula.",,200,"1/2 medium shallot, finely chopped
3 cloves garlic, minced
1/4 cup extra virgin olive oil
1/4 cup balsamic vinegar
Salt and freshly ground black or white pepper to taste
5 ounces baby arugula or baby spinach
4 ears cooked fresh corn, kernels sliced off cob
1/2 cup finely sliced red onion
3/4 cup feta cheese
1 lb fresh dark cherries, pitted, sliced in half","In small mixing bowl, combine all dressing ingredients. Whisk well.
In large salad bowl combine arugula, corn and onion. Drizzle with dressing and toss to coat.
Arrange salad on individual dishes and sprinkle with feta. Top with cherries and serve.",,https://www.aicr.org/cancer-prevention/recipes/fresh-cherry-and-corn-salad,AICR
Fresh Grape Juice,Drink,Stay hydrated and get in some extra calories with this easy-to-make drink that beats the socks off commercial grape juices. No need for a juicer or sugar to make this fresh juice. A little lemon juice will lift the taste to make it even more “grape-y” and lend a little tartness that is perfect for those experiencing taste changes. Any color of seedless grapes can be used for this easy recipe.,,60,"4 cups red or green seedless grapes, washed well
2 Tbsp. lemon juice, freshly squeezed
Ice cubes","Blend grapes in blender until liquefied.
Set fine mesh strainer over large measuring cup or bowl and pour blended grapes through. Press on solids until no juice remains in strainer.
Stir in lemon juice, then pour over ice and serve.",,https://www.aicr.org/cancer-prevention/recipes/fresh-grape-juice,AICR
Golden Milk Popsicle,Dessert,"Popsicles are an ideal snack for patients who have mouth sores. These Popsicles will help soothe and numb the mouth, but also provide a healthy amount of protein to help with healing. The turmeric and cinnamon in these Popsicles provide a warm and balanced flavor. If a Popsicle is too cold for your mouth, enjoy these as a smoothie or scooped on top of oatmeal.",,120,"2 cups vanilla Greek yogurt*
1/2 tsp. turmeric
1/8 tsp. ground ginger
1/4 tsp. cinnamon","Combine all ingredients in blender.
Blend until smooth.
Pour mixture into Popsicle molds and freeze until solid, at least 4 hours.",,https://www.aicr.org/cancer-prevention/recipes/golden-milk-popsicle,AICR
Golden Quick Barley with Sweet Peas and Corn,"side, vegetarian, whole grain","For a quick and easy side dish, look no further than your pantry and freezer staples. Quick cooking barley pairs well with frozen sweet green peas and corn. Barley is a whole grain that’s rich in soluble fiber, beneficial for controlling blood sugar, cholesterol and weight. It also contains beta–glucans that may help prevent inflammation and chronic diseases like cancer. Turmeric contains curcumin, a golden pigment that has antioxidant properties.",,220,"1 Tbsp. extra virgin olive oil
1 small onion, chopped
2 cloves garlic, minced
3/4 cup quick pearled barley
2 cups low-sodium vegetable or chicken broth
1 tsp. Italian seasoning
1/2 tsp. salt
1/8 tsp. ground turmeric
tsp. Freshly ground black pepper
1/2 cup frozen sweet peas
1/2 cup frozen sweet corn
Juice of ¼ fresh lemon (about 1 Tbsp.)
1-2 Tbsp. shredded Pecorino Romano or Parmesan cheese, optional","In 2-quart medium saucepan, heat oil over medium-high heat. Sauté onion until softened, about 4 minutes. Add garlic and sauté for 30 seconds. Add barley and stir 1 minute to toast.
Add broth, Italian seasoning, salt, turmeric and 4-5 grinds pepper. Increase heat to high and bring mixture to a boil.
Reduce heat to simmer, cover and cook 15 minutes.
Stir in peas and corn. Cover and simmer 5 minutes. Barley mix should be slightly wet.
Stir in lemon juice. Sprinkle on or mix in cheese, if using, and serve immediately.",,https://www.aicr.org/cancer-prevention/recipes/golden-quick-barley-with-sweet-peas-and-corn,AICR
Greek Veggie Balls with Lemon Tahini Sauce,"side, sponsored, vegetarian","These delicious vegetarian “meatballs” feature black-eyed peas, flaxseed and Medjool dates for the perfect savory-sweet appetizer at your next holiday fete. Black-eyed peas and flaxseed pack protein and fiber while dates add extra nutrition and a sweet flavor. This is the perfect way to do Meatless Monday, or fit in more plant-based meals during the week. If you’re interested in becoming a corporate sponsor please contact our Corporate and Foundations Relations Department at sponsorship@aicr.org. All AICR Healthy Recipes meet AICR recipe guidelines and are reviewed and analyzed by AICR Registered Dietitians.",,370,"2 15 oz. cans black-eyed peas, rinsed, drained (or 3 1/2 cups cooked)
1 medium red onion, finely diced
3 cloves garlic, minced
1/4 cup ground flaxseed
1/2 cup whole-wheat breadcrumbs (may use gluten-free)
1/2 cup nut meal (e.g. almond meal, hazelnut meal or peanut meal)
5 large Medjool dates, pitted, finely diced
1/4 cup finely chopped sun-dried tomatoes
1/2 cup chopped fresh parsley
1 tsp. fennel
1 Tbsp. oregano
1/2 tsp. black pepper
1 pinch sea salt (optional)
1 large lemon, juiced
3 Tbsp. olive oil, divided
1/3 cup tahini
2 lemons, juiced
2 cloves garlic, minced
1/4 tsp. black pepper
water, as needed
smoked Paprika","Place black-eyed peas in large mixing bowl and mash with potato masher to achieve a smooth texture with some lumps.
Stir in onion, garlic, flaxseed, breadcrumbs, nut meal, dates, tomatoes, parsley, fennel, oregano, pepper and salt, if using. Mix well.
Add lemon juice to moisten and mix well to create a slightly moist mixture.
Cover and refrigerate for 30 minutes.
Meanwhile, make Tahini Lemon Sauce. Whisk together tahini, lemon juice, garlic and black pepper. Add enough water to make a smooth sauce, according to your desired texture (see tip).
Heat 1 1/2 tablespoons of olive oil in a large skillet over medium heat. Roll veggie balls into 28 golf-size balls with clean hands, and place in skillet. Cook balls, turning regularly, so that all sides are browned, for about 15 minutes. Remove, place on paper towels to drain excess oil. Add remaining olive oil to skillet and cook remaining veggie balls using same technique.
Serve with Tahini Lemon Sauce garnished with smoked paprika.",,https://www.aicr.org/cancer-prevention/recipes/greek-veggie-balls-with-lemon-tahini-sauce,AICR
Greek Yogurt Fettuccine Alfredo,Main Dish,"Our version of the Italian-American trattoria dish is great for days when you’re craving warm, energy-dense, comfort food. Greek yogurt is higher in protein and lower in fat than the traditionally used heavy cream, yet the garlic and Parmesan give this dish its classic flavor. Whether you’re strapped for time or recovering from treatment and feeling low energy, this dish comes together quickly. Prep the sauce ingredients while the pasta is cooking, then finish the sauce when the pasta is done.",,300,"1 lb. whole-wheat fettuccine
1 1/2 cups whole-milk Greek yogurt*
1/2 cup grated Parmesan cheese
3 Tbsp. garlic, minced
1/4 cup fresh parsley, chopped
1 tsp. salt
1 tsp. ground black pepper
Fresh arugula, to garnish on top (optional)","Boil pasta in salted water for one minute less than package instructions. Reserve 1 cup of pasta cooking water, then drain pasta.
In medium bowl, whisk together yogurt, Parmesan cheese, garlic and parsley. Slowly whisk in hot pasta water a little bit at a time. Add salt, pepper, and taste. Adjust seasoning with more Parmesan or salt, if needed.
Toss cooked, hot pasta in sauce. Serve immediately.",,https://www.aicr.org/cancer-prevention/recipes/greek-yogurt-fettuccine-alfredo,AICR
Grilled Panzanella,"salad, sides, whole grain","Mediterranean cuisine packs a nutritious punch. Colorful vegetables, a dash of healthy fat, and a range of herbs and spices makes for flavorful and exciting dishes. It also calls for sensible portions and smart proportions of healthy foods, like our New American Plate, that can help you reduce your cancer risk. This Panzanella recipe features cancer-fighting vegetables, grilled and lightly marinated with garlic and basil. Pair with a light grilled fish for a full Mediterranean meal.",,180,"4 cloves garlic, minced
1/2 tsp. Dijon mustard
2 Tbsp. white wine vinegar
3/4 cup extra-virgin olive oil
15 fresh basil leaves, chopped coarsely
1 medium cucumber, seeded, washing into ½ -inch pieces
3 large ripe tomatoes, cut into 1-inch cubes
2 Tbsp. green olives, pitted and chopped (capers may be substituted)
1 medium red bell pepper, seeded and quartered
1/2 large red onion, cut in half and then ¼- inch slices
1/2 small loaf whole-grain Fresh or Italian bread, cut into 1-inch slices, halved
Salt and freshly ground black pepper, to taste","In mixing bowl, whisk garlic, mustard, vinegar, oil, salt and pepper and set aside.
In large bowl gently combine basil, cucumber, tomatoes and olives.
Brush bell peppers and onion slices on one side with oil mixture. Place oil side down on hot grill and cook for 3-4 minutes. Brush other side with oil mixture, turn over and cook an additional 3-4 minutes.
Remove from grill. On cutting board, slice peppers into ½ -inch slices and separate onion rings. Add to vegetables. Add oil mixture and toss to coat.
Toast both sides of bread until nicely browned.
On a serving platter layer bread and top with vegetables and basil mixture. Toss bread with vegetables if desired. Serve.",,https://www.aicr.org/cancer-prevention/recipes/grilled-panzanella,AICR
Herbed Farro,"side, vegetarian, whole grain",Whole grains like farro come with a host of health benefits. The dish is rich in fiber as well as cancer-fighting agents including polyphenols and selenium. You can pair this side along with a protein rich main dish and a side vegetable for a well-balanced dinner.,,210,"1/2 cup farro
1 cup fat free, reduced-sodium chicken broth (or sub vegetable broth or water)
1 clove garlic, chopped
1 tsp. fresh rosemary, chopped
1 tsp. fresh thyme leaves, chopped","Bring broth, garlic and herbs to a boil.
Add farro, cover, and reduce heat to simmer.
Cook until water is absorbed, about 40 min.",,https://www.aicr.org/cancer-prevention/recipes/herbed-farro,AICR
Kale with Sweet Corn,"side, vegetarian","Kale, a cruciferous vegetable and a nutritional powerhouse of a veggie, has a wide range of nutrients and phytochemicals. Kale is often associated with a distinct and often bitter flavor, however, pairing kale with vegetables high in natural sugars like corn and sweet onions creates a perfect balance.",,80,"Water
3/4 pound kale chopped, stems removed
2 tsp. extra-virgin olive oil
1/2 cup sweet onion, chopped
2 scallions, trimmed and chopped
3/4 cup corn kernels, thawed from frozen or drained from can
1/4 cup vegetable broth
Salt and freshly ground black pepper, to taste","In a large pot, bring 3-5 cups of water to a boil. Add kale, cover and reduce heat to medium. Cook kale for about 10-12 minutes, until tender. Drain.
Heat oil in a medium skillet over medium-high heat. Sauté the onion and scallion for 3 minutes, until the onion is soft.
Add kale, corn and broth to skillet. Reduce heat to low and cook for about 3 minutes, stirring often, until the corn and greens are heated through.
Season to taste with salt and pepper and serve.",,https://www.aicr.org/cancer-prevention/recipes/kale-with-sweet-corn,AICR
Mango Lassi Overnight Oats,"snack, dessert, vegetarian","Overnight oats are an easy make-ahead breakfast for patients with cancer. The mango provides sweet flavor and the Greek yogurt is slightly tart, making this breakfast bowl perfect for those with dry mouth. This recipe is ideal for those undergoing cancer treatment who need extra protein, fiber and calories. Serve with a cup of lemon herbal tea for a tasty breakfast.",,420,"2 mangos, peeled and diced
1/2 cup plain Greek yogurt*
2 tsp. pure maple syrup
2/3 cup milk*
2 Tbsp. chia seeds
1/2 cup oats
Fruit or nuts, optional","Combine mangos, yogurt, syrup and milk in blender. Blend until smooth.
Mix in chia seeds and oats.
Pour into two separate bowls, cover and place in the refrigerator.
The next morning: Top with fruit, nuts or eat plain.",,https://www.aicr.org/cancer-prevention/recipes/mango-lassi-overnight-oats,AICR
Mashed Avocado Toast with Feta and Pepitas,"appetizer, vegetarian, breakfast","Pumpkin seeds add a nice extra crunch and texture to this toast. Avocados are rich in vitamins and minerals and in heart-healthy monounsaturated fat. Because fat slows digestion, this is the perfect way to add the right kind of fat to your breakfast so you can stay satisfied for several hours. Pumpkin seeds are also nutrient dense – they are packed with magnesium, zinc, and iron, and rich in a variety of antioxidants.",,210,"1 slice whole grain bread
1/3 avocado, mashed
1 lemon wedge
1 tsp. feta cheese
1 tsp. pepitas (pumpkin seeds)","Toast bread.
Mash up avocado and mix well with lemon juice.
Top all ingredients onto toast.
Substitute pomegranate seeds for pumpkin seeds, which also adds crunch and a nice pop of color to avocado toast.",,https://www.aicr.org/cancer-prevention/recipes/mashed-avocado-with-feta-and-pepitas,AICR
Mushroom Barley Soup,"appetizer, vegetarian, winter, soup","This combination of mushrooms, barley and carrots makes for a soup packed high in vitamin B6 and packed with fiber. Enjoy this recipe as a comforting main dish or simple side soup on cool-weather days.",,140,"1 Tbsp. canola oil, divided
1 medium onion, chopped
2 celery ribs, chopped
1/2 cup pearl barley, rinsed and drained
6 cups reduced-sodium vegetable broth, divided
5 cups (about 3/4 pound) chopped mushrooms
2 tsp. Worcestershire sauce
3 medium carrots, peeled and diced
Salt and freshly ground black pepper
Cayenne pepper to taste","In a large soup pot, heat 1/2 tablespoon of oil over medium heat. Add onion and celery and sauté for 3 minutes. Add barley and stir constantly for 2 minutes. Add 4 cups of broth and bring mixture to boil.
Reduce heat to low, cover and simmer for 40 minutes.
Meanwhile, in nonstick pan, heat remaining oil over medium-high heat. Add mushrooms and sauté for 6 minutes, stirring constantly, until mushrooms are tender. Add Worcestershire sauce and stir for 1 minute. Remove mushrooms from heat. Stir in carrots and set aside.
After barley has simmered for 40 minutes, add mushroom and carrot mixture and remaining 2 cups of broth. Bring to a boil, then reduce heat to low and simmer, covered, for 30 minutes, until vegetables and barley are very tender. Season to taste with salt, black pepper and cayenne. Serve immediately or refrigerate for up to 4 days.",,https://www.aicr.org/cancer-prevention/recipes/mushroom-barley-soup,AICR
Peanut Butter Toast with Banana and Chia Seeds,breakfast,"Bananas are a good source of potassium and fiber, and its flavor pairs well with peanut butter. Chia seeds are a whole grain with high levels of antioxidants and adding them to your food will boost the protein, fiber, and omega-3 fatty acids in your diet. They have a mild, nutty flavor, and taste great added to toast, sprinkled over oatmeal or yogurt, or mixed into beverages/smoothies.",,250,"1 slice whole grain bread
1 Tbsp. peanut butter
1/2 banana, sliced
1 tsp. chia seed (or flaxseed)","Toast bread.
Spread peanut butter on toast.
Top with sliced banana and chia seeds.
Almond butter can be used instead of peanut butter, and flaxseed instead of chia seeds.",,https://www.aicr.org/cancer-prevention/recipes/peanut-butter-banana-and-chia-seed,AICR
Pear Crisp,"dessert, appetizer, holiday","If you are looking for a warm, comforting and healthy dessert look no further—this delicious pear crisp is a great option. Pears are a great source of fiber and vitamin C and even provide some potassium, which make them a great addition to your diet. This recipe also offers whole grains and added fiber from the oats along with omega-3 fatty acids from the walnuts.",,150,"1/4 cup rolled oats
1 Tbsp. walnuts
5 Tbsp. all-purpose flour, divided
3 Tbsp. whole-wheat flour
2 1/2 Tbsp. light brown sugar, packed
1/8 tsp. cinnamon
1 Tbsp. plus 2 tsp. canola oil
6 firm, yet ripe pears, peeled (if desired), cored and cubed
1/4 cup raisins
1 Tbsp. lemon juice
2 Tbsp. white sugar
1/8 tsp. nutmeg
1/8 tsp. cloves","Preheat oven to 375 degrees F. Lightly spray 8- inch baking dish and set aside.
In food processor, pulse oats and walnuts 15 seconds. Add 3 Tbsp. all-purpose flour, whole wheat flour, brown sugar and cinnamon. Pulse 15 more seconds. While running, drizzle oil and blend 30 seconds. Transfer to bowl and set aside.
In another bowl, toss pears with remaining ingredients. Spoon pears into prepared baking dish. Cover with oat mixture, pressing down gently.
Bake 45-50 minutes, until topping is brown and pears are bubbling. Serve hot.",,https://www.aicr.org/cancer-prevention/recipes/pear-crisp,AICR
"Picnic Pasta Salad with Cotton Candy Grapes, Baby Spinach, and Feta","Salads, Vegetarian",,,230,"1/4 cup extra-virgin olive oil
2 Tbsp. lemon juice
2 tsp. Dijon mustard
1 tsp. champagne vinegar (or any other white vinegar)
1 small garlic clove, minced
1 tsp. honey or maple syrup
Kosher salt, to taste
Freshly ground black pepper, to taste
8 oz. whole-wheat orzo pasta
1 1/2 cups green grapes, halved
1 small red bell pepper, cut into ¾-inch dice (about 1 cup)
1 cup packed baby spinach, roughly chopped
1/2 cup mint leaves, roughly chopped
1/3 cup diced red onion (cut into 1/4 inch dice)
1/3 cup pitted Kalamata olives, cut in half
1/3 cup crumbled feta cheese
2 Tbsp. roasted pumpkin seeds or sunflower seeds","Place olive oil, lemon juice, mustard, vinegar, garlic and honey in small container with a tight-fitting lid and shake until well combined. Season with salt and pepper, to taste. Set aside.
Meanwhile, cook pasta according to package directions. Drain in colander when done, and rinse under cold water to cool.
Place pasta in large bowl. Stir in grapes, bell pepper, spinach, mint, onion, olives, feta and pumpkin seeds until well combined.
Add half the vinaigrette and stir well until all ingredients are well coated. Season with additional salt and pepper, to taste. Add remaining vinaigrette, if needed. (If making ahead and storing for several hours or overnight in refrigerator, stir in remaining vinaigrette before serving, if needed.)",,https://www.aicr.org/cancer-prevention/recipes/picnic-pasta-salad-with-cotton-candy-grapes-baby-spinach-and-feta,AICR
Polenta with Fruit Compote,Dessert,"This recipe is a smooth and flavorful breakfast for patients with cancer. Sweet maple syrup is paired with tart berries for a flavorful fruit compote. This delicious treat is an ideal meal or snack for those experiencing taste changes, aversions to sour taste or difficulty swallowing. Rich in antioxidants and fiber, this breakfast is an easy, nutritious and balanced meal.",,210,"3 cups warm water
1 cup cornmeal
1 cup cold water
3 Tbsp. maple syrup, divided
1/2 tsp. salt
3 cups frozen berries","Add warm water to saucepan and bring to a boil over medium heat.
Meanwhile, mix cornmeal and cold water, stirring until combined.
To boiling water, add cornmeal mixture, 1 Tbsp. maple syrup and salt. Reduce heat to simmer, cover and stir occasionally.
Cook for 10 minutes or until water is absorbed.
While cornmeal is simmering, add fruit and remaining 2 Tbsp. maple syrup to saucepan.
Heat over medium heat, until fruit cooks down into compote.
To serve, top cornmeal with fruit compote.",,https://www.aicr.org/cancer-prevention/recipes/polenta-with-fruit-compote,AICR
Pumpkin Baked Farro,Main Dish,"Move over rice—farro is the star of this risotto-like dish. With a nice helping of protein and fiber, this makes for a hearty small meal if you’re struggling to eat full meals. Sweet pumpkin, pungent garlic, earthy sage and an unexpected tang from the goat cheese will wake up your palate—a flavor boost for those experiencing taste changes. As a bonus, you don’t have to frequently attend to this dish, like you would a traditional risotto. Once you’ve popped it into the oven and set the timer, your job is done.",,260,"2 Tbsp. olive oil, plus more for pan and drizzling
1 medium onion, diced
2 Tbsp. fresh sage leaves, sliced
Salt, to taste
2 cloves garlic, sliced
2 cups unsweetened pumpkin purée
2 1/2 cups water, divided
1 1/2 cups semi-pearled farro*
1/2 cup soft goat cheese, divided","Preheat oven to 400 degrees. Coat 8-by-8-inch baking dish with olive oil and set aside.
In large saucepan over medium-high heat, combine oil, onion, sage and salt, to taste, and cook until onion is translucent, about 5 to 8 minutes. Add garlic and cook for another 3 minutes.
Stir in pumpkin purée and ½ cup of water. Cook for 5 minutes, stirring occasionally.
Add farro, 2 cups of water and salt, to taste. Bring to boil, then lower heat and simmer for 15 minutes.
Transfer half of grain mixture into prepared baking dish, then dot with pieces of goat cheese. Top with remaining grain mixture and dot with goat cheese. Bake for 40 minutes. Let cool slightly, then serve.",,https://www.aicr.org/cancer-prevention/recipes/pumpkin-baked-farro,AICR
Red Cabbage with Apples,Snack,"Here is a classic marriage: the invigorating color and crunch of red cabbage with the sweetness of grated apples. A touch of allspice complements the familiar flavors. There is an ample dose of fiber and a panoply of phytochemicals, but mostly there is rich, layered flavor.",,110,"2 cups apple juice or cider, unsweetened
2 Tbsp. apple cider vinegar
1/2 tsp. ground allspice
3 cups shredded red cabbage (about 2/3 pound)
2 medium sweet apples, peeled, cored and grated
Salt, to taste","In medium saucepan over high heat, bring apple juice, vinegar and allspice to a boil
Add cabbage, apples and salt. Lower heat and simmer uncovered for 30 minutes. Stir occasionally until cabbage is tender
Serve at room temperature or chilled.",,https://www.aicr.org/cancer-prevention/recipes/red-cabbage-with-apples,AICR
"Refried Beans, Pico and Sunny Side Egg Breakfast Toast","side, breakfast","This breakfast toast features a hearty dose of cancer-protective ingredients and bold flavors. Packed with a hearty dose of fiber and protein, the combination of egg and beans is satisfying and balanced.",,180,"1 slice whole grain bread
2 Tbsp. refried beans (e.g. Amy’s light in sodium refried black beans)
1 Tbsp. pico de gallo (or any salsa)
1 sunny side up egg","Toast bread.
Warm beans on stovetop or in a microwave.
Cook egg sunny-side up.
Top all ingredients onto toast.
You can also make this one with fresh black (or pinto beans), however using ready-made canned refried beans makes it easy to whip up quickly.",,https://www.aicr.org/cancer-prevention/recipes/refried-beans-pico-and-a-sunny-side-up-egg,AICR
"Ricotta, Basil, Strawberry Toast","appetizer, vegetarian, breakfast","This toast is the perfect combination of savory and sweet flavors. It’s light and refreshing and works well with any type of berry in season. Berries are one of AICR’s Foods that Fight Cancer – and are particularly high in ellagic acid, a phytochemical that has been shown to have strong cancer-protective properties.",,140,"1 slice whole grain bread, toasted
1 Tbsp. ricotta cheese
3 fresh basil leaves, sliced into strips
2-4 strawberries, sliced into thin strips","Toast bread.
Spread the cheese over toast and top with basil and strawberries.",,https://www.aicr.org/cancer-prevention/recipes/ricotta-basil-strawberry-toast,AICR
Roasted Cauliflower Soup,Soup,"This soup has so much to offer—good nutrition, delicious taste and soothing warmth. Roasting the cauliflower adds rich flavor, while the potatoes thicken the soup without using cream. This soup is ideal for patients with cancer that may be experiencing mouth soreness, mouth pain or difficulty chewing or swallowing. Enjoy a big bowl of this soup for dinner or pair a smaller cup with a light sandwich or salad for lunch.",,287,"1 head cauliflower, chopped
3 Tbsp. olive oil, divided
Pinch of salt and pepper
12/ medium onion, chopped
2 medium potatoes, peeled and chopped
2 cups chicken broth*
1/4 tsp. salt
1/4 tsp. dried thyme
2 cups milk (or plain nondairy milk of choice)
1/4 cup Parmesan cheese
Fresh parsley, chopped","Heat oven to 425 degrees F.
Spread cauliflower on baking sheet. Drizzle with 2 Tbsp. olive oil and salt and pepper. Roast for 20 minutes. Set aside.
While cauliflower is roasting, heat remaining 1 Tbsp. olive oil over medium heat in large sauce pan. Add onion and cook until translucent, around 6 minutes.
Add potatoes, chicken broth, salt and thyme. Bring to a boil and then simmer until potatoes are cooked, 10-15 minutes.
Add cauliflower and milk, return to a boil.
Purée with immersion blender or stand blender until mixture reaches desired consistency.
Top with parsley and Parmesan cheese.",,https://www.aicr.org/cancer-prevention/recipes/roasted-cauliflower-soup,AICR
Roasted Cauliflower Steaks with Sunflower Seed Pesto,Main Dish,"When it comes to good nutrition and disease prevention, this flavor-packed side dish—made with cauliflower and sunflower seeds—offers a one-two punch. Cauliflower is a cruciferous vegetable, which research shows may help to reduce cancer risk. It also contains fiber, vitamin C, vitamin K (good for bone health) and potassium. When roasted, cauliflower becomes tender and slightly sweet. Sunflower seeds have a mild, nutty flavor and add a bit of crunch to the pesto. They are rich in vitamin E, selenium and other antioxidants, and including them in a wholesome and healthy diet may also protect against cancer.",,270,"Cauliflower Steaks 1 Large 1 large cauliflower, cut into three to four, 1-inch-thick whole slices,* plus remaining florets
3 tsp. extra-virgin olive oil, divided
Kosher salt and black pepper
1 tsp. chopped fresh thyme, plus a few stems for garnish
Sunflower Seed Pesto
1/4 cup extra-virgin olive oil
1/3 cup packed fresh basil leaves, plus more for garnish
1/4 cup raw or dry roasted and unsalted shelled sunflower seeds, plus more for garnish
1 tsp. Dijon mustard
1 tsp. honey
1/2 clove garlic, peeled
Kosher salt and ground black pepper, to taste","Preheat oven to 425°F.
Line a large rimmed baking sheet with parchment paper or aluminum foil. (If using foil, spray with nonstick cooking spray.) Place cauliflower on prepared baking sheet, and brush “steaks” and florets with 2 teaspoons of oil. Sprinkle with pinch of salt and pepper. Roast until lightly caramelized and almost cooked through, about 18 minutes.
Gently flip each “steak” and floret and brush with 1 more teaspoon of oil. Sprinkle with thyme, a pinch of salt and pepper and roast until well caramelized and cooked through, about 10 more minutes.
While cauliflower is roasting, prepare pesto. Place olive oil, basil, sunflower seeds, mustard, honey and garlic in bowl of a small food processor and pulse until smooth. Season with salt and pepper to taste, and pulse a few more times until well combined and desired flavor is achieved.
Arrange cauliflower on large plate or platter. Top with pesto, and garnish with sunflower seeds, thyme and basil.",,https://www.aicr.org/cancer-prevention/recipes/roasted-cauliflower-steaks-with-sunflower-seed-pesto,AICR
Roasted Spiced Chickpeas,"side, vegetarian","Healthy snacks can add important nutrients to your diet and help keep your hunger satisfied between meals. These roasted chickpeas are a great make-ahead option that packs fiber, protein and other beneficial phytonutrients. Sprinkle on salads, in soups, or enjoy them all on their own.",,170,"1 tsp. ground cumin
1 tsp. smoked sweet paprika
1/2 tsp. garlic powder
1/2 tsp. onion powder
1/8 tsp. ground black pepper
1/8 Pinch of cayenne pepper
tsp. salt
2 Tbsp. extra virgin olive oil
1 can (15 oz.) chickpeas, drained and rinsed","Line baking pan with parchment paper and set aside.
In medium bowl, use small whisk to combine cumin, paprika, garlic and onion powders, black pepper, cayenne and salt. Mix in oil.
Lay double layer of paper towels on work surface. Rinse chickpeas in colander. Shake well and spread chickpeas in one layer on paper towels. Blot chickpeas, using another paper towel. Repeat, making sure chickpeas are as dry as possible.
Add chickpeas to spice mixture, using your fingers to gently mix and massage until they are evenly coated. Discard any loose skins. Spread coated chickpeas on prepared pan in one layer.
Bake chickpeas for 20-25 minutes at 400 degrees F, or until crispy and firm. Turn and roll chickpeas around about every 5 minutes. Cool chickpeas on pan.",,https://www.aicr.org/cancer-prevention/recipes/roasted-spiced-chickpeas,AICR
Scrambled Turmeric Tofu with Greens,Main Dish,"This rich, savory, scrambled tofu dish will satisfy every palate. With a hint of earthy greens and sun-dried tomatoes, this hearty scramble can go from breakfast to dinner easily. Serve it with whole-grain bread and avocados for a hearty meal filled with protein, whole grains, healthy fats, vitamins, minerals and plant compounds linked to health benefits. This recipe pairs zesty seasonings with green onions, garlic, mushrooms, leafy greens and sun-dried tomatoes. You can use whatever greens you have growing in your garden or you can find in your local farmers market or grocery store, whether it be spinach, kale, chard or mustard greens. It’s a good idea to include more plant-based proteins, such as tofu, in our diet more often, as plant-based eating patterns have been linked with disease protection, including reduced risks of heart disease, certain types of cancer and type 2 diabetes. So go ahead and include more plant proteins, such as this tofu scramble, in your meals every day for health benefits and good taste!",,152,"1 14-oz. package extra- firm tofu
2 Tbsp. nutritional yeast
2 tsp. turmeric
1/4 tsp. smoked paprika
1/4 tsp. black pepper
Pinch sea salt (optional)
2 Tbsp. plain, unsweetened soymilk
1 Tbsp. extra-virgin olive oil
2 green onions, sliced
2 cloves garlic, minced
6 oz. (about 2 1/4 cups) sliced mushrooms
2 cups loosely packed chopped greens (e.g., mustard, collard, spinach, kale)
1/4 cup sun-dried tomatoes, chopped","Remove tofu from package and press it by wrapping it in paper towels and placing it between two plates with something heavy on top for 5 minutes, to allow extra liquid to drain off tofu.
Place tofu in bowl and break apart with your hands to achieve a crumbly texture. Mix in nutritional yeast, turmeric, smoked paprika, black pepper, salt (optional) and soymilk. Set aside.
Heat olive oil in skillet and sauté green onions, garlic and mushrooms for about 5 minutes.
Add crumbled tofu, chopped greens and sun-dried tomatoes and sauté just until greens start to wilt (about 2 minutes).
Serve immediately.",,https://www.aicr.org/cancer-prevention/recipes/scrambled-turmeric-tofu-with-greens,AICR
Smoky Jalapeño Hibiscus Cooler,Beverage,"Light, fruity, flavorful mocktails are so simple—and good. Thanks to fruit, sparkling water, spices and herbs, you can make this alcohol-free, added-sugar free beverage shine with a refreshing taste. This recipe is a great alternative to both sugary and alcoholic drinks. Alcohol increases the risk of at least 6 types of cancer and consuming high amounts of added sugar especially from sugary beverages can contribute to weight gain, increasing the risk for cancer and other chronic diseases.",,40,"Spice Glass Rim: (optional) 1/2 lime
1 tsp sugar
1/4 tsp cinnamon
1/4 tsp smoked paprika
Cooler: 1/2 cup orange juice, unsweetened
1 small lime, juiced
1/4-1/2 small jalapeño, sliced (depending on heat preference)
1/2 tsp smoked paprika
1 12-ounce can hibiscus flavored sparkling water, unsweetened*
1 large or 6 small ice cubes
Garnish: (optional) Orange, lime slices
Jalapeño slices
Hibiscus flowers","Create a spice glass rim with two 12-ounce glasses by running lime halfway along edge of each glass. Mix sugar, cinnamon and paprika together in small saucer. Press each glass into spice mixture to coat rims. Allow to dry for a few minutes before adding liquid to glasses. Or use plain glasses.
Place orange juice, lime juice, jalapeño and smoked paprika in blender. Process for 1-2 minutes until well blended.
Place ice cubes in each glass. Divide blended juice mixture between each glass.
Top each glass with half of hibiscus flavored sparkling water. Garnish with orange, lime and jalapeño slices and hibiscus flowers, if desired.",,https://www.aicr.org/cancer-prevention/recipes/smoky-jalapeno-hibiscus-cooler,AICR
Southwestern Bean Salad,"salad, side, vegetarian","Black beans are a good source of plant protein and fiber, two nutrients that help make a meal satisfying. Protein is essential for promoting cell growth and repair, boosting immune function, and aiding in muscle health. Not only does fiber help keep digestion regular, but it may also reduce your risk of colorectal cancer. In just 15 minutes you can whip up this nutritious and delicious side.",,130,"1 can (15 oz.) low sodium black beans, rinsed and drained
1 cup no-salt-added canned corn kernels
1 cup chopped green, red, or yellow bell pepper
1 cup chopped carrots
3/4 cup mild tomato salsa
1 Tbsp. olive oil","In large salad bowl, combine beans and corn. Add chopped pepper, chopped carrots, salsa, and olive oil.
Mix together with large spoon and serve.
Regular beans can be used in place of low-sodium beans
Rinse beans thoroughly in colander and drain before using to significantly decrease sodium content.",,https://www.aicr.org/cancer-prevention/recipes/southwestern-bean-salad,AICR
Spring Pasta Salad,"side, whole grains, spring","Just because a barbecue is all about the grill, doesn’t mean the sides can’t shine. This pasta salad makeover combines traditional elements like whole-wheat shells and adds fresh, spring staples like asparagus, fava beans and fragrant dill. The lemon and oil-based dressing keeps it light and ensures it can stand up to the outdoors longer than its mayonnaise-based counterparts.",,200,"1 lb. whole-wheat shells
1 bunch (about 1 lb.) asparagus
1 cup shelled fava beans (about 2 lbs unshelled beans)*
2 Tbsp. + 2 tsp. extra virgin olive oil, divided
1/4 cup sliced red onion
1/3 cup dry white wine
3 Tbsp. fresh lemon juice plus 1 Tbsp. lemon zest
1 oz. arugula (about 1.5 cups)
1 pint grape tomatoes, halved
2 Tbsp. sliced fresh ricotta salata
2 Tbsp. fresh dill
1/2 tsp. salt
1/4 tsp. black pepper","Bring large pot of water to a boil. Add pasta
cook until al dente. Drain, reserving 1 cup cooking liquid
set aside. Bring medium pot of water to a boil. Blanch asparagus by immersing it in the boiling water. Cook for 3 minutes. Add shelled fava beans and boil for an additional 1 minute.
Drain and plunge the beans and asparagus into ice water to stop the cooking. Remove tough outer skins from beans by pinching the outer skin between your thumb and forefinger. Discard skins. Slice asparagus into 1-inch pieces. In large skillet heat 2 teaspoons oil over medium heat. Add red onion. Cook, stirring occasionally for about 4 minutes.
Add wine
bring mixture to a boil. Cook until liquid is reduced by half.
Remove from heat and add lemon juice, fava beans, asparagus, pasta shells, and 1 cup reserved pasta liquid and toss. Add arugula and tomatoes
toss. Drizzle with remaining 2 tbsp. oil. Mix in lemon zest, ricotta, dill, salt and pepper.
Refrigerate and serve cooled. Keeps for 3-5 days.",,https://www.aicr.org/cancer-prevention/recipes/spring-pasta-salad,AICR
"Spring Pea, Asparagus, and Mint Salad","salads, side, spring","This simple recipe blends 4 different greens for a unique salad that’s packed with flavor and nutrition. Asparagus and green peas both contain fiber and folate, two nutrients studied for their cancer-fighting properties. Fresh and frozen produce are both healthy choices. In fact, the process for preparing frozen produce today actually retains much of the texture, flavor and nutrition of the fresh version.",,80,"2 cups frozen peas
1 bunch (about 3/4 lb) asparagus, tough ends removed, sliced into 2” pieces
2 cups fresh pea shoots
Juice and zest of one lemon
1/2 cup fresh mint, roughly chopped
1 Tbsp. extra virgin olive oil","Fill a large saucepan 3/4 full of water and bring to a boil over high heat.
Add peas to boiling water and blanch for 1 minute.
Strain peas using a slotted spoon (save the boiling water for the asparagus). Add peas to a bowl of ice water to stop cooking process, then strain again and set aside.
Add asparagus to the boiling water and cook until tender, about 2-3 minutes. Similarly drain asparagus and add to ice water for 1 min
drain and set aside.
In large bowl, combine peas, asparagus, pea shoots, lemon zest, lemon juice, mint and olive oil and toss to combine. Season with salt and pepper. Optional: garnish with a slice of lemon.",,https://www.aicr.org/cancer-prevention/recipes/spring-pea-asparagus-and-mint-salad,AICR
"Spring Salad with Edamame, Cucumber, Snow Peas and Tofu Croutons","Main dish, appetizer","This spring-inspired salad makes plant-focused eating habits easy, delicious, and nutritious. The American Institute for Cancer Research recommends a cancer-prevention diet rich in fruits, vegetables, and fiber and every bite of this gorgeous green salad makes meeting that goal easy, delicious and downright fun. The recipe calls for two soyfoods–tofu and edamame–that contain protein, fiber, and natural plant compounds called isoflavones, which research shows may protect against certain cancers. Savor this salad for lunch or dinner, or pack in Mason jars and bring to work.",,260,"1 block (14 oz.) firm tofu
1 Tbsp. sesame oil
1 Tbsp. low-sodium soy sauce
1 Tbsp. cornstarch
1 tsp. ground ginger
1 tsp. garlic powder
1 container (5 oz.) pre-washed salad greens
2 cups snow pea pods, trimmed and sliced on diagonal into 3/4-inch pieces
1 cup frozen shelled edamame, cooked according to package directions
1 English cucumber (4 in.), sliced in half lengthwise and cut into thin half-moons
1/4 cup loosely packed mint leaves, roughly chopped, plus more to taste
1/4 cup sesame ginger salad dressing, plus more to taste","Preheat oven to 400 degrees F. Line a large, rimmed baking sheet with parchment paper and set aside. (If you don't have parchment paper, spray baking sheet with nonstick cooking spray.)
Place tofu in a colander and drain water. Wrap tofu in a few layers of paper towels and transfer to a cutting board. Press block under a baking sheet to squeeze out excess water. Stack something heavy on top such as a few cans of beans or a kettle filled with water. Let drain, about 20 minutes.
Remove paper towels. Cut tofu into forty-eight 3/4-inch cubes.
Meanwhile, in large bowl, whisk together sesame oil, soy sauce, cornstarch, ginger and garlic powder. Add tofu cubes and toss gently until well coated.
Transfer tofu to prepared baking sheet. Bake until golden, about 20 minutes. Turn cubes halfway through to ensure even baking.
Set out 4 dinner-size salad bowls. Fill each with salad greens, snow peas, edamame, cucumber, mint, dressing and tofu croutons. (Assemble in large bowl or on platter if you prefer serving family style.)",,https://www.aicr.org/cancer-prevention/recipes/spring-salad-with-edamame-cucumber-snow-peas-and-tofu-croutons,AICR
Summer Tomato and Olive Relish,Side dish,"Spice up your late-summer dishes with an easy homemade relish. This one packs a variety of produce with vine-ripe tomatoes, sweet onion and savory Kalamata olives. Kick the mild Mediterranean flavor up a notch with a few dashes of chili sauce. Serve over fresh fish or chicken or use as a healthy spread on sandwiches.",,45,"1 1/2 lbs. firm vine-ripe tomatoes, preferably beefsteak variety
1/2 cup sweet onion, finely chopped
1/2 cup Kalamata olives, pitted and chopped
2 tsp. Sriracha chili sauce or chili garlic sauce
1/2 tsp. salt
Freshly ground pepper, to taste","Peel tomatoes, using either serrated swivel-blade vegetable peeler or hot water method*.
Halve tomatoes crosswise and scoop out seeds. Finely chop tomatoes including inner flesh.
Place chopped tomatoes in mixing bowl. Add onion, olives, chili sauce, salt and pepper and combine.
Cover relish and refrigerate 1 hour.",,https://www.aicr.org/cancer-prevention/recipes/summer-tomato-and-olive-relish,AICR
Sweet Potato Chili with Peanuts,"entree, vegetarian, winter","This vegetarian one-pot meal will warm you up on even the coldest of winter days. Earthy sweet potatoes and carrots form the base and provide cancer-fighting fiber and carotenoids. Tomatoes, peppers and onion add even more flavor and nutrition. Ready in just 45 minutes, serve over a whole grain for a balanced, cancer preventive dinner.",,310,"2 Tbsp. canola oil
1 medium onion, chopped
2 medium carrots, peeled and thinly sliced
1 medium green bell pepper, seeded and chopped
1 medium red bell pepper, seeded and chopped
3 garlic cloves, minced
2 pounds sweet potatoes, peeled and cut into bite-sized chunks (about 4 cups)
1 1/2 cups unsalted roasted peanuts
1 can (28 ounces) crushed tomatoes in juice
1 can (6 ounces) tomato paste
2 cans (4 ounces each) diced mild green chiles with liquid
4-6 chili powder, to taste
1 Tbsp. ground cumin, to taste
1 Tbsp. sugar
Salt and freshly ground pepper, to taste","In a large, heavy pot, heat the canola oil over medium heat. Add the onion, carrots, and bell peppers and sauté, stirring occasionally, for about 8 minutes, until vegetables are golden. Add the garlic and sauté stirring constantly for 30 seconds, until fragrant. Stir in the sweet potatoes, peanuts, tomatoes and juice, tomato paste, chiles and their liquid, chili powder, cumin and sugar.
Bring to a boil, then reduce the heat to low immediately and simmer gently, stirring occasionally, for 15 to 25 minutes until the sweet potatoes are just tender.
Halfway through the cooking process, adjust the seasonings, adding more chili powder and cumin, if desired. Season to taste with salt and pepper and serve.",,https://www.aicr.org/cancer-prevention/recipes/sweet-potato-chili-with-peanuts,AICR
Tahini &amp; Apple Oatmeal,Breakfast,"Breakfast is a wonderful meal—regardless of the time of day you choose to eat it. The apples (with their peels) and the oats are great sources of fiber. The tahini provides protein to keep you full longer, plus more vitamins and minerals. This salty-sweet, dairy-free porridge is great if you’re experiencing constipation, as it will get things moving. It’s also gentle on your system when you’re feeling queasy from treatment.",,290,"4 cups water
2 cups rolled oats
Pinch of sea salt
2 medium apples, cored and cut into small dice (about 2 cups)
1/4 cup tahini","Pour water into medium pot and bring to boil.
Once boiling, add rolled oats, salt and apples and turn heat down to simmer. Cook until oats and apples are soft, about 10 minutes. Oatmeal should be thick, and water should be absorbed.
Remove from heat. Stir in tahini and serve immediately.",,https://www.aicr.org/cancer-prevention/recipes/tahini-apple-oatmeal,AICR
"Tuna, Brown Rice and White Bean Salad",Main dish,"Following a cancer protective diet just got easier and tastier thanks to this colorful tuna salad. It’s made with several superstars from the produce aisle including cucumber, bell pepper, onion, parsley and olives as well as whole-grain brown rice, convenient canned tuna (eating seafood twice a week is a good-for-you health goal!) and a zesty salad dressing made with lemon juice and olive oil. Assemble this salad today and enjoy leftovers all week long.",,340,"Salad Two 5-ounce cans albacore tuna, packed in water, drained and flaked
3 green onions, trimmed and thinly sliced
1 1/2 cups fresh parsley, roughly chopped
1 1/2 cups cooked brown rice,* cooled
1 large red bell pepper, cut into 1/2-inch dice
One 15-ounce can Great Northern or cannellini beans, drained and rinsed
1/2 English cucumber, cut into ½-inch dice
1/2 cups pitted Kalamata olives, sliced into thirds
Dressing
1/3 cup extra virgin olive oil
Zest of 1 lemon, divided
2 Tbsp. lemon juice (juice of half a lemon)
2 tsp. Dijon mustard
1 tsp. white vinegar (or vinegar of choice)
1 tsp. honey or maple syrup
1 large garlic clove, minced
Kosher salt and black pepper, to taste","Kosher salt and black pepper, to taste
To make dressing, place oil, half the lemon zest, lemon juice, mustard, vinegar, honey, garlic and salt and pepper, to taste, in small Mason jar or container with tight-fitting lid. Secure lid and shake until ingredients are well combined. Taste and adjust seasoning with additional salt and pepper, to taste.
Pour dressing over salad and stir to combine. Season with remaining lemon zest, as desired.",,https://www.aicr.org/cancer-prevention/recipes/tuna-brown-rice-and-white-bean-salad,AICR
Turkey and Barley Vegetable Soup,Soup,"This soup is comforting and delicious and is a great option for those who have trouble swallowing. It is also high in protein, which is important for healing, and a good source of fiber, which helps promote healthy bowel movements. To save time, make barley ahead of time or swap it out for quinoa, which has a shorter cooking time.",,260,"3/4 cup pearled barley, uncooked
5 1/2 cups water, divided
Pinch salt
1 lb. ground turkey
3 Tbsp. Extra-virgin olive oil, divided
1 onion, diced
2 celery stalks, diced
1 zucchini, finely diced
1 yellow squash, finely diced
14 oz. can petite diced tomatoes
14 oz. can French cut green beans, drained and rinsed
4 cups low sodium chicken broth
1 tsp. oregano
1 tsp. salt
1/2 tsp. pepper
3 Tbsp. fresh parsley, chopped
Parmesan cheese (optional)","In a large pot, add barley, 1½ cups water and salt. Bring to a boil, then simmer and cover for 45 minutes until water is absorbed.
While barley is cooking, brown turkey with 2 Tbsp. olive oil in medium skillet. Drain and set aside.
Heat 1 Tbsp. olive oil in large stockpot. Add onion, celery, zucchini and squash. Sauté for 5 minutes until onion is translucent.
Add tomatoes, green beans, remaining water, broth, oregano, salt and pepper.
Simmer for 20-30 minutes until vegetables are soft.
Add turkey and barley to soup. Heat through.
Top with Parmesan cheese, if using.",,https://www.aicr.org/cancer-prevention/recipes/turkey-and-barley-vegetable-soup,AICR
Warm Kale Salad,"salads, sponsored, spring, vegetarian, winter","Celebrate the end of winter and arrival of spring with a warm salad made of sautéed curly kale, sweet roasted beets and crunchy red quinoa. Kale is rich in cancer protective isothiocyanates and the carotenoids lutein and beta-carotene. Beets contain compounds called anthocyanins and betalins. Red quinoa provides protein and cancer-fighting fiber. All these benefits make for a super nutritious, delicious, colorful, crunchy winter treat – a perfect salad for the seasonal transition. If you’re interested in becoming a corporate sponsor please contact our Corporate and Foundations Relations Department at sponsorship@aicr.org. All AICR Health-e-Recipes meet AICR recipe guidelines and are reviewed and analyzed by AICR Registered Dietitians.",,240,"4 fresh medium golden or red beets, trimmed, peeled, cut in bite-sized pieces
1/3 cup balsamic vinegar
2 Tbsp. canola oil, divided
Salt and freshly ground black pepper
1/2 cup red quinoa, rinsed and drained
1 1/4 cup low-sodium vegetable or chicken broth, divided, plus 1-3 Tbsp. if needed
2 garlic cloves, finely chopped
1/2 tsp. smoked paprika
4 cups chopped fresh kale","Preheat oven to 400 degrees F.
Place beets in baking dish and drizzle with vinegar and 1 tablespoon oil. Season lightly with salt and pepper. Cover dish with foil. Cook 30 minutes. Remove foil and flip beets. Leave uncovered and roast until tender, about 15-20 minutes. Set aside. (If using canned beets, only roast 15 minutes.)
In small saucepan combine quinoa and 1 cup broth and bring to a boil. Reduce heat to simmer, cover and cook until most of liquid has evaporated, about 15 minutes. Remove from heat and set aside.
In large saucepan, heat remaining oil over medium heat. Sauté garlic and paprika until garlic just begins to turn golden yellow and is fragrant, about 30 seconds (don’t let garlic burn). Add ¼ cup broth and kale and sauté until tender-crisp, about 10 minutes.
Add broth in 1 tablespoon increments to keep kale moist, if needed. Add quinoa and stir to combine. Season to taste with salt and pepper.
Transfer warm kale-quinoa salad to serving platter or plates. Arrange beets on top. Drizzle with cooking liquid from roasted beets and serve.",,https://www.aicr.org/cancer-prevention/recipes/warm-kale-salad,AICR
"Corn, Avocado, and Tomato Salad",Appetizer,"When corn is in season and you find yourself with a few extra ears, make them count. This recipe makes a perfect accompaniment to a Mexican-style entree, like fish tacos, or as an appetizer served with baked tortilla chips.",,180,"2 cups corn
1 cup grape tomatoes, halved
1/2 small red onion, chopped
1 jalapeno pepper, seeded and finely chopped
2 tablespoons fresh lime juice
1 tablespoon olive oil
1 teaspoon ground cumin
Salt and freshly ground black pepper
1 avocado, cut into 1/2-inch pieces
1/4 cup chopped fresh cilantro","In a bowl, combine the corn, tomatoes, onion, and jalapeno.
In a bowl, combine the lime juice, oil, and cumin (or put into a jar and shake well). Drizzle the dressing over the salad to lightly coat and stir gently to combine. Season with salt and pepper. Add avocado and cilantro and stir gently to combine.",,https://www.cancer.org/cancer/risk-prevention/diet-physical-activity/eat-healthy/find-healthy-recipes/appetizers-side-dishes/corn-avocado-and-tomato-salad.html,ACS
Crispy Tofu with Lemongrass and Peppers,,"This is the dish to convert even the most ardent tofu-resisters. The combination of fish sauce, lemongrass, and honey creates a delicious balance of salty and sweet.",,250,"1 (16-ounce) block extra-firm tofu
3 tablespoons cornstarch
2 tablespoons canola oil
4 garlic cloves, minced
2 fresh lemongrass stalks, tender part only, finely chopped
1 red onion, cut into 1-inch pieces
1 jalapeno pepper, seeded and finely chopped
1 red bell pepper, seeded and cut into 1-inch pieces
3 tablespoons fish sauce
1 tablespoon honey
1 teaspoon chili paste (sambal oelek)","Line a plate with paper towels and place the tofu on top. Cover with paper towels and top with another plate weighed down with cans or a heavy pot for 30 minutes to release excess water. Cut into 1-inch cubes and place in a bowl. Add the cornstarch and stir to coat.
In a large, preferably nonstick, skillet over medium-high heat, add the oil. Cook the tofu for 1 to 2 minutes per side, or until golden brown. Remove the tofu and set aside. Add the garlic, lemongrass, onion, jalapeño, and bell pepper and sauté for 5 to 8 minutes, or until softened.
Meanwhile, in a bowl, combine the fish sauce, honey, and chili paste. Add to the skillet. Reduce the heat to medium-low, return the tofu to the skillet, and cook for 1 to 2 minutes, or until the tofu is heated through and coated with sauce.",,https://www.cancer.org/cancer/risk-prevention/diet-physical-activity/eat-healthy/find-healthy-recipes/crispy-tofu-with-lemongrass-and-peppers.html,ACS
"Jerked Chicken, Pineapple, and Red Peppers",,"If you’ve never grilled fruit, you’re in for an easy treat! The grilling brings out the natural sweetness of the fruit and caramelizes it slightly.",,230,"4 (4-ounce) boneless, skinless chicken breasts, flattened to an even thickness
1–2 tablespoons jerk seasoning
1 fresh pineapple, peeled and cored
1 red bell pepper, cut into 1/2-inch-thick rings
Salt and freshly ground black pepper
2 limes, divided use
4 teaspoons extra virgin olive oil","1. Sprinkle both sides of the chicken with the jerk seasoning. Let stand 10 minutes.
2. Meanwhile, heat a grill or grill pan to medium-high heat.
3. Cut the pineapple in half lengthwise and cut into eight wedges. Coat the pineapple wedges and bell pepper with cooking spray.
4. Grill pineapple and bell pepper for 12 to 14 minutes or until tender, turning occasionally.
5. Place pineapple on serving platter. Chop the peppers and season with salt and pepper.
6. Coat both sides of the chicken with cooking spray. Cook 4 minutes on each side or until no longer pink in center. Place chicken on platter and top with the peppers. Squeeze the juice of 1 lime evenly over all and spoon the oil evenly over the peppers. Cut the remaining lime into four wedges and serve alongside.",,https://www.cancer.org/cancer/risk-prevention/diet-physical-activity/eat-healthy/find-healthy-recipes/jerked-chicken-pineapple-and-red-peppers.html,ACS
Chicken Soup with Fire-Roasted Tomatoes & Hominy,Main Dish,"Hominy adds texture and a gentle corn taste, while fire-roasted tomatoes add a smoky flavor to this soup.",,240,"12 ounces boneless, skinless chicken breast, cut into bite-size pieces
1 (16-ounce) can hominy, rinsed and drained
1 (14.5-ounce) can fire-roasted diced tomatoes with garlic
3 cups water
1/4 teaspoon ground chipotle
1/2 cup chopped fresh cilantro
1 avocado, pitted and chopped
1 lime, quartered, optional","Coat a large saucepan with cooking spray and place over medium heat. Add the chicken and cook 2 minutes, stirring occasionally. Add the hominy, tomatoes, water, and ground chipotle and bring to a boil over high heat. Reduce heat and simmer, uncovered, for 25 minutes.
Remove from heat, stir in cilantro, and serve topped with avocado. Serve with lime wedges, if desired.",,https://www.cancer.org/cancer/risk-prevention/diet-physical-activity/eat-healthy/find-healthy-recipes/main-dishes/chicken-soup-with-fire-roasted-tomatoes-and-hominy.html,ACS
Crispy Crunchy Fish Fingers,Main Dish,These crunchy fish fingers get their texture from panko bread crumbs. They can be served with tartar sauce or a homemade yogurt-honey dipping sauce.,,280,"1 pound cod fillets, cut into 1-inch “strips”
1 cup buttermilk
1 tablespoon olive oil
1/2 cup cornstarch
1 egg
1 cup panko
1/2 teaspoon salt
1/2 teaspoon fresh thyme leaves or 1/4 teaspoon dried thyme
1/4 teaspoon garlic powder","In a bowl, combine the fish and buttermilk. Refrigerate for 20 to 30 minutes.
When ready to cook, preheat the oven to 425 degrees. With a brush or spatula, spread the oil on a baking sheet.
Place the cornstarch on a plate. In a shallow bowl, beat the egg. On a separate plate, combine the panko, salt, thyme, and garlic powder.
Remove the fish from the buttermilk, letting any excess drip off. Coat the fish in the cornstarch, then dip in the egg, letting any excess drip off. Coat with the panko mixture, pressing to adhere.
Place the fish on the baking sheet and bake for 12 to 15 minutes, flipping the fish after 8 minutes.",,https://www.cancer.org/cancer/risk-prevention/diet-physical-activity/eat-healthy/find-healthy-recipes/main-dishes/crispy-crunchy-fish-fingers.html,ACS
Grilled Shrimp & Veggies with Balsamic Reduction,Main Dish,"The shrimp can be replaced with chicken tenderloins, if desired. Small chicken tenderloins and medium shrimp will cook in about the same amount of time.",,180,"2 zucchini, cut in half lengthwise
1 red onion, cut into 1/2-inch-thick slices
1/2 cup balsamic vinegar
1 pound peeled raw medium shrimp
1 pint grape tomatoes, halved
1/4 cup chopped fresh parsley
Salt and freshly ground black pepper","Heat a grill or grill pan to medium-high heat. Coat the grill rack and both sides of the zucchini and onion with cooking spray. Cook 8 minutes.
Meanwhile, bring the vinegar to a boil over high heat in a small saucepan. Boil for 3 minutes or until reduced to 1/4 cup liquid. Set aside to cool and thicken slightly.
Coat the shrimp with cooking spray. Turn the zucchini and onions and add the shrimp to the grill. Cook the shrimp and vegetables 5 minutes or until shrimp are opaque in center, turning occasionally.
Coarsely chop the zucchini and onion and place in a large bowl with the tomatoes and parsley. Toss gently to combine. Place shrimp on top of the vegetables. Drizzle vinegar evenly over all. Season with salt and pepper. Do not toss.",,https://www.cancer.org/cancer/risk-prevention/diet-physical-activity/eat-healthy/find-healthy-recipes/main-dishes/grilled-shrimp-and-veggies-with-balsamic-reduction.html,ACS
"Pearl Couscous ""Tabbouleh""",Main Dish,"A lot of people think that couscous is a grain, but it is actually a type of pasta.",,220,"1 cup pearl couscous
2 cups reduced-sodium chicken or vegetable broth
2 Roma tomatoes, seeded and chopped
½ cucumber, peeled, seeded, and chopped
½ cup chopped fresh Italian parsley
2 tablespoons finely chopped red onion
2 tablespoons chopped fresh mint
2 tablespoons extra-virgin olive oil
2 to 3 tablespoons fresh lemon juice
Salt and freshly ground black pepper","In a skillet over medium-high heat, add the couscous and sauté for 1 to 2 minutes or until lightly golden. Add the broth and bring to a boil. Reduce the heat and simmer for 6 to 8 minutes, stirring until almost all the liquid is absorbed. Cover and set aside for 5 minutes.
Meanwhile, in a bowl, combine the tomatoes, cucumber, parsley, onion, and mint. Add the couscous and stir to combine. In a bowl, combine the oil and 2 tablespoons of the lemon juice (or put into a jar and shake well). Drizzle the dressing over the couscous to lightly coat, and stir gently to combine. Season with salt and pepper and additional lemon juice, if desired.",,https://www.cancer.org/cancer/risk-prevention/diet-physical-activity/eat-healthy/find-healthy-recipes/main-dishes/pearl-couscous-tabbouleh.html,ACS
Steamed Chicken with Vegetables and Rice,Main Dish,"When your stomach is feeling delicate, this dish of simple steamed chicken and mildly ﬂavored vegetables provides gentle sustenance and beneﬁcial nutrients.",,300,"1 cup basmati or other rice, rinsed
1 lemon, thinly sliced
1 pound boneless, skinless chicken breasts, cut into 1-inch “strips”
Salt and freshly ground black pepper
1 carrot, thinly sliced
1 zucchini, thinly sliced
1 yellow squash, thinly sliced","Prepare the rice according to the package directions.
Meanwhile, in a stockpot, place the lemon slices in 1 to 2 inches of water (the water shouldn’t reach the steamer). Bring the water to a boil, then reduce the heat to a simmer.
Lightly coat a steamer basket with nonstick cooking spray. Sprinkle the chicken with salt and pepper, place it in a single layer in the steamer basket, and top with the carrot. Set the basket in the stockpot over the simmering water. Cover and cook for 8 minutes. Add the zucchini and squash slices. Cover and cook for 5 minutes, or until the chicken is cooked through and the vegetables are tender. Serve the chicken and vegetables with the rice.",,https://www.cancer.org/cancer/risk-prevention/diet-physical-activity/eat-healthy/find-healthy-recipes/main-dishes/steamed-chicken-with-vegetables-and-rice.html,ACS
Turkey & Red Cabbage Tortillas With Chipotle Sauce,Main Dish,"They’re bright, they’re pretty, and they’re packed with flavor in every bite. The smoky chipotle pepper penetrates this dish with just a hint of heat! Using ground turkey breast makes this a very lean dish, but definitely not lean on flavor.",,310,"8 corn tortillas
1 pound ground turkey breast
1 teaspoon ground chipotle, divided use
Salt and freshly ground black pepper
1/2 cup reduced-fat sour cream or Greek yogurt
1 cup shredded red cabbage
1/2 cup chopped fresh cilantro","Heat a large nonstick skillet over medium-high heat and coat both sides of the tortillas with nonstick cooking spray. Working in batches, cook tortillas 1 minute on each side or until just beginning to brown. Set aside and cover to keep warm. Repeat with remaining tortillas.
Add the turkey to the skillet with 1/2 teaspoon of the ground chipotle and season with salt and pepper. Cook until browned, stirring frequently and breaking up larger pieces while cooking.
Meanwhile, stir together the sour cream and the remaining 1/2 teaspoon ground chipotle in a small bowl. Add salt and pepper to taste.
Spoon equal amounts of the turkey mixture onto each tortilla and top with the sour cream mixture, shredded cabbage, and cilantro.",,https://www.cancer.org/cancer/risk-prevention/diet-physical-activity/eat-healthy/find-healthy-recipes/turkey-and-red-cabbage-tortillas-with-chipotle-sauce.html,ACS
No-Cook Granola Bars,,These five-ingredient bars are convenient to have on hand for a quick snack.,,180,"1/2 cup peanut butter
1 cup old-fashioned rolled oats
1/3 cup honey
1 cup trail mix or assorted nuts, seeds and dried fruit
1/4 cup shredded unsweetened or sweetened coconut","In a bowl, combine the peanut butter and honey. Add the oats, trail mix, and coconut and stir to combine.
Transfer the mixture to an 8-by-8-inch baking dish lined with aluminum foil. With moistened hands, press down well on the mixture to compact it. Refrigerate for 3 or more hours. Cut into bars and serve immediately or keep refrigerated.",,https://www.cancer.org/cancer/risk-prevention/diet-physical-activity/eat-healthy/find-healthy-recipes/no-cook-granola-bars.html,ACS
Roasted Butternut Squash and Barley Stew,,Roasting the squash separately allows it to caramelize and prevents it from overcooking in the stew.,,205,"1 butternut squash (about 2 pounds), peeled, seeded, and cut into 3/4-inch cubes
2 tablespoons canola oil, divided use
Salt and freshly ground black pepper
2 carrots, chopped
1 onion, chopped
1 celery stalk, chopped
8 ounces white mushrooms, sliced
2 garlic cloves, minced
5 cups reduced-sodium chicken or vegetable broth
1 cup pearl barley
1 (2-inch piece) Parmesan cheese rind, optional
2 cups fresh baby spinach
1 tablespoon chopped fresh dill, optional","Preheat the oven to 400 degrees.
Lightly coat a foil-lined, rimmed baking sheet with nonstick cooking spray. Place the squash on the baking sheet and drizzle with 1 tablespoon of the oil. Sprinkle with salt and pepper and stir to combine. Evenly distribute the squash on the baking sheet. Roast for 20 to 30 minutes, or until tender and slightly charred, stirring the squash every 10 minutes.
Meanwhile, in a stockpot over medium-high heat, add the remaining 1 tablespoon of oil. Saute the carrots, onion, and celery for 5 to 8 minutes, or until softened. Add the mushrooms and garlic and sauté for 5 minutes. Add the broth and bring to a boil. Add the barley and Parmesan rind and stir to combine. Reduce the heat, cover, and simmer for 35 to 45 minutes, or until the barley is tender, stirring occasionally. Add the spinach and stir until wilted. Add the butternut squash (and dill, if desired), and stir to combine. Season with salt and pepper.",,https://www.cancer.org/cancer/risk-prevention/diet-physical-activity/eat-healthy/find-healthy-recipes/roasted-butternut-squash-and-barley-stew.html,ACS
Salmon with Soy Citrus,,"This flavorful recipe features salmon glazed with a combination of orange, soy sauce, and honey. Serve the salmon with a side of fresh sugar snap peas to make it a meal.",,260,"Zest and juice of 1 navel orange
3 tablespoons light soy sauce
2 tablespoons honey
1 tablespoon white balsamic vinegar or balsamic vinegar
4 (4- to 6-ounce) salmon fillets, rinsed and patted dry
1 (8-ounce) package fresh sugar snap peas, trimmed
1 jalapeno pepper, minced, optional","Preheat broiler.
In a small bowl, whisk together the orange juice and zest, soy sauce, honey, and vinegar.
Place the salmon skin side down on a foil-lined baking sheet coated with nonstick cooking spray. Brush 1 tablespoon of the orange juice mixture evenly over the fish. Broil 7 to 8 minutes or until just opaque in center.
Meanwhile, heat a large nonstick skillet over medium-high heat. Coat sugar snap peas with cooking spray and cook for 3 minutes, or until just beginning to brown, stirring frequently. Set aside.
Add the remaining orange juice mixture to the skillet; bring to a boil over medium-high heat and boil for 2 minutes, or until reduced to 1/4 cup.
Drizzle the orange juice mixture over the salmon and top with minced jalapeño, if desired. Serve with the snap peas.",,https://www.cancer.org/cancer/risk-prevention/diet-physical-activity/eat-healthy/find-healthy-recipes/salmon-with-soy-citrus.html,ACS
Sweet Potato Salad with Dried Cranberries,,"This recipe features sweet potatoes and cranberries, a combination that’s well suited to Thanksgiving or any time of year.",,200,"1 very large or 2 small sweet potatoes (about 1 1/2 pounds), peeled and cut into 1-inch pieces
1 tablespoon olive oil
Salt and freshly ground black pepper
1 tablespoon apple cider vinegar
1 tablespoon light brown sugar
1 teaspoon Dijon mustard
1 tablespoon extra-virgin olive oil
1/4 cup dried sweetened cranberries
2 tablespoons chopped red onion
2 tablespoons chopped fresh Italian parsley
1 celery stalk, chopped","Preheat the oven to 400 degrees.
Lightly coat a foil-lined, rimmed baking sheet with nonstick cooking spray. Place the sweet potato pieces on the baking sheet and drizzle with the olive oil. Sprinkle with salt and pepper and stir to combine. Evenly distribute the sweet potato pieces on the baking sheet. Roast for 20 to 30 minutes, or until tender and slightly charred, stirring the potatoes every 10 minutes.
Meanwhile, in a bowl, combine the vinegar, brown sugar, and mustard. Slowly whisk in the extra-virgin olive oil to incorporate (or put into a jar and shake well).
In a bowl, combine the cranberries, onion, parsley, and celery. Add the sweet potatoes and stir gently to combine. Drizzle the dressing over the salad to lightly coat and stir gently to combine. Season with salt and pepper.",,https://www.cancer.org/cancer/risk-prevention/diet-physical-activity/eat-healthy/find-healthy-recipes/sweet-potato-salad-with-dried-cranberries.html,ACS
Love Your Greens Shake,Dessert,"When making vegetable or fruit shakes, one of the advantages of using a blender instead of a juicer is that all the nutrients and ﬁber stay in the drink instead of being extracted as pulp. This recipe, made with a variety of vitamin-rich hearty greens and fresh fruit, will work best using a high-powered blender, such as a Vitamix.",,160,"1/2 cup water
Juice of 1/2 lemon
1/2 avocado, peeled and pitted
1 cup fresh spinach leaves
1 cup kale leaves, thick ribs removed
1 apple, cored and quartered
1 cup seedless green grapes, chopped pineapple, or chopped mango
2 tablespoons coarsely chopped mint leaves
1 cup ice cubes","In a high-powered blender, combine the water, lemon juice, avocado, spinach, kale, apple, grapes, mint, and ice cubes. Start on low and increase to high speed for about 1 minute, or until smooth.",,https://www.cancer.org/cancer/risk-prevention/diet-physical-activity/eat-healthy/find-healthy-recipes/love-your-greens-shake.html,ACS
Raspberry Chia Pudding,Dessert,"Chia pudding is a food craze that doesn’t seem to be slowing. Tiny chia seeds, often found in the health food section of your supermarket, are rich in ﬁber, protein, calcium, and magnesium.",,60,"1/2 cup unsweetened coconut milk, well shaken
1/2 cup fresh or frozen raspberries, defrosted
2 to 3 tablespoons maple syrup, agave nectar, or honey
2 tablespoons chia seeds","In a blender, combine the coconut milk, raspberries, and 2 tablespoons of the maple syrup until smooth. Taste and add more maple syrup, if desired.
Pour into a bowl and add the chia seeds, stirring well to combine. Leave in the bowl or transfer to individual ramekins for serving.
Cover with plastic wrap and refrigerate for at least 4 hours or overnight.",,https://www.cancer.org/cancer/risk-prevention/diet-physical-activity/eat-healthy/find-healthy-recipes/sweet-treats/raspberry-chia-pudding.html,ACS
Thick and Chunky Italian Turkey Soup,,Warm up with this recipe for a hearty turkey soup that makes great leftovers.,,300,"1 pound lean ground turkey
1 (14.5-ounce) can stewed tomatoes
2 ounces whole grain rotini pasta (about 2/3 cup uncooked)
4 ounces green beans, trimmed and broken in half
4 cups water
2 tablespoons tomato paste
1 1/2 tablespoons dried oregano
Salt and freshly ground black pepper
1/4 cup grated Parmesan cheese","Heat a large saucepan coated with cooking spray over medium-high heat. Add the turkey and cook until browned, stirring frequently and breaking up the larger pieces as it cooks.
Add all the remaining ingredients except the cheese and bring to a boil. Reduce heat and simmer, uncovered, for 20 minutes, or until thickened slightly. Break up larger pieces of tomato, if desired. Season with salt and pepper.
Serve topped with Parmesan cheese.",,https://www.cancer.org/cancer/risk-prevention/diet-physical-activity/eat-healthy/find-healthy-recipes/thick-and-chunky-italian-turkey-soup.html,ACS
Tilapia and Black Bean Bowls,,"This dish of pan-seared fish over black beans can be made with any lean white fish, including tilapia, snapper, or flounder.",,270,"14 (4- to 6-ounce) tilapia fillets or other lean white fish, such as snapper or flounder, rinsed and patted dry
Salt and freshly ground black pepper
1 (15-ounce) can black beans, rinsed and drained
1 cup chopped fresh tomatoes
1/4 cup water
1 (4-ounce) can chopped mild green chilies
1 lime, cut in half
1 avocado, pitted and chopped","1. Heat a large nonstick skillet over medium heat. Coat both sides of the fish fillets with cooking spray and season with pepper. Cook 3 minutes on each side or until it flakes easily with a fork.
2. Meanwhile, combine the beans, tomatoes, and water in a medium saucepan and bring to a boil. Reduce heat, cover, and cook 2 to 3 minutes or until heated through. Stir in the chilies and season with salt and pepper.
3. Divide the bean mixture evenly between four shallow soup bowls. Top with the fish, squeeze the juice of half a lime over all, and top with avocado. Season with salt and pepper. Cut remaining lime half into four wedges and serve alongside.",,https://www.cancer.org/cancer/risk-prevention/diet-physical-activity/eat-healthy/find-healthy-recipes/tilapia-and-black-bean-bowls.html,ACS
Veggie and Navy Bean Soup,,"Made with a combination of fresh, frozen, and canned ingredients, this recipe doesn’t require much prep work.",,220,"1 (14-ounce) package frozen peppers and onions
2 (14.5-ounce) cans stewed tomatoes
2 (16-ounce) cans navy beans, rinsed and drained
4 cups water
1 tablespoon dried Italian seasoning
2 tablespoons extra virgin olive oil
2 ounces fresh baby spinach
Salt and freshly ground black pepper","1. Combine frozen peppers and onions, tomatoes, beans, water, and Italian seasoning in a large saucepan. Bring to a boil, reduce heat, cover, and simmer 25 minutes or until onions are tender.
2. Remove from heat and stir in the oil and spinach. Season with salt and pepper.",,https://www.cancer.org/cancer/risk-prevention/diet-physical-activity/eat-healthy/find-healthy-recipes/veggie-and-navy-bean-soup.html,ACS
Zucchini-Parmesan Pancakes,"Appetizers, Side Dishes, Snacks",These easy-to-make pancakes are a delicious savory snack or side dish. Enjoy zucchini in a creative and unexpected way.,,158,"2 medium unpeeled zucchinis, grated with a box grater (about 3 cups)
1 small shallot, minced (about 1/4 cup)
2 large eggs, lightly beaten using a fork
1/2 cup all-purpose flour
1/4 cup shredded Parmesan cheese
1 1/2 teaspoons chopped fresh thyme
1 teaspoon baking powder
1 teaspoon black pepper
2 teaspoons canola or corn oil, divided use
1/4 cup fat-free plain Greek yogurt","In a large bowl, stir together the zucchini, shallot, eggs, flour, Parmesan, thyme, baking powder, and pepper until well combined.
In a large nonstick skillet, heat 1 teaspoon oil over medium heat, swirling to coat the skillet. Place eight 1/8-cup mounds of the zucchini mixture in the skillet. Using the back of the measuring cup or a spoon, gently press down on the mounds, spreading them to make pancakes about 1/2-inch thick and 2 1/2 inches in diameter. Cook for 3 to 4 minutes on each side, or until golden brown all over. Transfer the pancakes to a plate. Cover to keep warm. Repeat with the remaining 1 teaspoon oil and zucchini mixture.
Let the pancakes cool for 5 minutes. Just before serving, top each pancake with a dollop of the yogurt.",Servings 4 | Total Time 30 min,https://recipes.heart.org/en/recipes/zucchini-parmesan-pancakes,AHA
Southwestern Avocado-Bell Pepper Quiche Cups,"Appetizers, Main Dishes, Side Dishes, Snacks, Breakfast",Shake up the morning routine with this new twist on quiche!,,264,"Cooking spray
4 large eggs
1/2 cup fat-free plain Greek yogurt
2 large egg whites
2 tablespoons low-sodium taco seasoning (or lowest sodium available)
1 large avocado, peeled, pitted, and diced into small pieces
1/2 cup shredded low-fat Cheddar Jack cheese
1 (4-ounce) diced or chopped mild green chiles, drained
4 medium bell peppers (any color), halved, seeds and ribs discarded","Preheat the oven to 375°F. Line a large baking sheet with aluminum foil. Lightly spray with cooking spray.
In a large bowl, whisk together the eggs, yogurt, egg whites, and taco seasoning until smooth.
Gently stir in the avocado, Cheddar Jack cheese, and green chiles.
Place the bell pepper halves with the skin side down on the baking sheet.
Spoon the egg mixture into the bell pepper halves, filling them to just below the edges (the egg mixture will expand while baking).
Bake for 35 to 40 minutes, or until the egg mixture is just set. Remove from the oven. Let cool slightly, about 5 to 10 minutes, before serving.",Servings 4 | Total Time 50 min,https://recipes.heart.org/en/recipes/southwestern-avocado-bell-pepper-quiche-cups,AHA
Slow-Cooker Chickpea Stew,"Soups, Main Dishes, One-Dish Meals",Toasted cumin seeds impart a slightly smoky flavor to this hearty vegetarian stew.,,208,"2 (15.5-ounce) cans no-salt-added garbanzo beans (chickpeas), drained and rinsed
1 (14.5-ounce) can no-salt-added diced tomatoes, undrained
8 ounces unpeeled red potatoes, coarsely chopped
1 medium zucchini, quartered lengthwise, sliced
1 medium onion, chopped
1 garlic clove, minced
2 teaspoons cumin seeds, dry-roasted, divided use
1/2 teaspoon paprika
1/8 teaspoon cayenne OR
1/4 teaspoon pepper
3 cups can fat-free, low-sodium vegetable broth OR
3 cups water","In a 3 1/2- to 4-quart slow cooker, stir together the chickpeas, tomatoes with liquid, potatoes, zucchini, onion, garlic, 1 teaspoon cumin seeds, the paprika, and cayenne. Pour in the broth, stirring to combine. Cook, covered, on low for 8 to 9 hours or on high for 4 1/2 to 5 hours, or until the potatoes are tender. Sprinkle with the remaining 1 teaspoon cumin seeds.","Servings 6 | Total Time 5 hr 5 min | Quick Tips: Cooking Tip: Dry-Roasting Cumin Seeds: Add an extra dimension of flavor to cumin seeds by spreading them in a skillet and cooking them over medium heat for 2 to 3 minutes, or until they are toasted and aromatic, shaking the skillet occasionally. Transfer the seeds to a plate immediately so they don’t burn.",https://recipes.heart.org/en/recipes/slow-cooker-chickpea-stew,AHA
Three-Bean Chili - Delicious Decisions,"Soups, Main Dishes","As more and more canned foods without added salt become available, such as the red kidney beans, pinto beans, and chickpeas (garbanzo beans) used here, it is getting easy to put healthy chili on the table in very little time, with very little effort, and with almost no cleanup involved.",,411,"1 (28-ounce) can no-salt-added diced tomatoes, undrained
1 (15.5-ounce) can no-salt-added red kidney beans, drained and rinsed
1 (15.5-ounce) can no-salt-added pinto beans, drained and rinsed
1 (15.5-ounce) can no-salt-added garbanzo beans (chickpeas), drained and rinsed
1 (12-ounce) light beer (or nonalcoholic)
2 tablespoons chili powder
2 teaspoons ground cumin
1/4 teaspoon salt
1/2 cup fat-free plain yogurt
snipped, fresh parsley or cilantro (optional)","In a large saucepan, stir together the tomatoes with liquid, beans, chickpeas, beer, chili powder, cumin, and salt. Bring to a boil over high heat. Reduce the heat and simmer for 10 to 15 minutes, or until the desired consistency. Ladle into bowls.
Top each serving with about 2 tablespoons yogurt. Sprinkle with the parsley.",Servings 4 | Total Time 30 min | Quick Tips: Tip: Serving size 1 3/4 cups,https://recipes.heart.org/en/recipes/three-bean-chili---delicious-decisions,AHA
Black Bean Chilaquiles,"Main Dishes, Breakfast","Chilaquiles is a traditional Mexican breakfast dish in which crisp tortillas are simmered in salsa or mole sauce and then combined with eggs, queso fresco (fresh Mexican cheese), and beans. In this version, fresh tomato, cilantro, and jalapeño add more flavor. For a spicier dish, leave in the jalapeño seeds.",,235,"6 large egg whites
2 large eggs
1/4 teaspoon salt
3 (6-inch) corn tortillas, stacked, cut into 3/4-inch strips, then cut crosswise into 1-inch squares
3/4 cup crumbled queso fresco or farmer’s cheese, divided use
3/4 cup canned no-salt-added black beans, drained and rinsed
1 teaspoon chipotle powder
2 teaspoons canola oil
1/2 cup chopped onion
1 medium jalapeño, seeds and ribs discarded if desired, chopped
1 1/2 cups chopped seeded tomatoes
1/3 cup chopped fresh cilantro","In a large bowl, using a fork, lightly beat the egg whites, eggs, and salt. Stir in the tortilla squares and 1/2 cup queso fresco.
In a small bowl, stir together the beans and chipotle powder. Fold into the egg white mixture. Set aside so the tortillas can soften.
In a large nonstick skillet, heat the oil over medium heat, swirling to coat the bottom. Cook the onion and jalapeño for 3 minutes, stirring occasionally.
Stir the tomatoes into the egg white mixture. Pour into the skillet. Cook for 4 to 5 minutes, or until the eggs are set, stirring occasionally. Just before serving, sprinkle with the cilantro and the remaining 1/4 cup queso fresco.","Servings 4 | Total Time 25 min | Quick Tips: Cooking Tip: An easy way to chop cilantro is to pull the leaves off the stems, put them in a custard cup or measuring cup, and coarsely snip them with sharp kitchen shears. This method also works well for other herbs, such as parsley and basil.",https://recipes.heart.org/en/recipes/black-bean-chilaquiles,AHA
Vanilla Fruit Dip,"Appetizers, Snacks","This creamy vanilla fruit dip is made with fat-free and low-fat cream cheese for a lighter take on a classic favorite. Pair it with strawberries, bananas, kiwifruit and other fresh fruit for an easy healthy snack or appetizer.",,56,"1/4 cup fat-free milk
1/2 tablespoon vanilla extract
1 1/2 teaspoons stevia sweetener OR
3 stevia sweetener packets
5 drops vanilla crème-flavored liquid stevia sweetener
grated peel of 1 lemon
4 ounces fat-free cream cheese, softened
4 ounces low-fat cream cheese, softened","In a small bowl, stir together all the ingredients. Refrigerate for at least 1 hour to let the flavors blend.
Serve with fruit, such as raspberries, kiwi, strawberries, and banana slices.",Servings 8 | Total Time 10 min,https://recipes.heart.org/en/recipes/vanilla-fruit-dip,AHA
Nopales Cactus Leaf Salsa,"Appetizers, Salads","Nopales cactus leaf salsa is a fresh, fiber-rich salsa made with prickly pear cactus. Use this flavorful cactus salsa as a dip, taco topping or healthy side dish.",,202,"1 pounds fresh cleaned nopales (cactus leaf), cubed
2 medium tomatoes, chopped
1/2 cup chopped onion
1/2 cup chopped fresh coriander (cilantro), leaves and stems
2 medium fresh jalapeño peppers, seeds and ribs discarded OR
2 fresh serrano chile peppers, seeds and ribs discarded
2 tablespoons fresh lemon juice
1/4 teaspoon salt
black pepper to taste
2 large ripe avocados, cubed","Fill a large stockpot with water. Add the nopales. Bring to a boil over high heat. Boil for 10 minutes, or until soft. Pierce with a fork to test the softness.
Drain the nopales. Rinse under cold running water. Drain well. Transfer to a large bowl. Stir in the remaining ingredients except the avocado cubes. Cover and refrigerate until ready to serve.
At serving time, gently stir in the avocado cubes.","Servings 4 | Total Time 20 min | Quick Tips: Tip: Nopales, the leaves from the nopal, or prickly pear cactus, are grown in bags in Hispanic markets. Buy them in the spring when they’re the most tender. Remove the thorns using a vegetable peeler or a knife. Be sure to wear gloves to protect your hands. Trim the edges of the leaves, rinse them, and cut them into cubes.",https://recipes.heart.org/en/recipes/nopales-cactus-leaf-salsa,AHA
Apple Nachos,"Appetizers, Snacks","Apple nachos are a fun no-bake snack made with crisp apples, peanut butter, dried fruit and nuts. Enjoy this healthy after-school treat or easy dessert.",,167,"1/3 cup dried unsweetened cranberries or raisins
1/4 cup sliced unsalted almonds
2 tablespoons unsalted shelled sunflower seeds
3 medium green or red apples, such as Granny Smith or Red Delicious, cored and thinly sliced into about 12 wedges each
1 to 2 teaspoons fresh lemon juice
2 tablespoons water
1/4 cup smooth low-sodium peanut butter
1 tablespoon honey","In a small bowl, stir together the cranberries, almonds, and sunflower seeds.
Layer half the apples on a large plate or platter. Sprinkle the lemon juice over the apples to keep them from browning.
In a small microwaveable bowl, microwave the water on 100% power (high) for 2 minutes, or until boiling (or boil on the stovetop and pour into a small bowl). Add the peanut butter and honey, stirring until the mixture is smooth.
Using a spoon, drizzle half the peanut butter mixture over the apple wedges. Sprinkle with half the cranberry mixture. Layer the remaining apples over the cranberry mixture. Drizzle the remaining peanut butter mixture over all. Sprinkle the remaining cranberry mixture over all.","Servings 6 | Total Time 10 min | Quick Tips: Cooking Tip: If you don't have an apple corer, halve the fruit and use either a melon baller or a sturdy, rounded metal 1/2-teaspoon measuring spoon to scoop out the core and seeds. Keep it Healthy: Always opt for dried unsweetened fruit. The sweetened varieties contain unnecessary added sugar. Tip: For variety, try other toppings for the apple nachos, such as any type of dried unsweetened fruit, unsalted chopped nuts, unsalted pumpkin seeds, low-fat granola, or unsweetened shredded coconut.",https://recipes.heart.org/en/recipes/apple-nachos,AHA
Mango and Pineapple Tropical Parfaits,"Breakfast, Snacks, Desserts","Dig down deep so you’ll capture the ripe fruit, silky yogurt, and crunchy granola in every spoonful of this paradisiacal parfait. Ruby-red pomegranate jewels and lacy coconut top off this island treasure.",,230,"1 medium mango, peeled, chopped
2 cups fat-free plain Greek yogurt
1/2 cup low-fat, no-sugar-added granola
1/2 cup diced pineapple
1 medium banana, sliced
1/4 cup pomegranate seeds, or arils
2 tablespoons unsweetened, flaked coconut","In each parfait glass, layer the ingredients as follows: 1/4 of the mango, 1/4 cup yogurt, 1 tablespoon granola, 2 tablespoons pineapple, 1/4 of the banana slices, and 1/4 cup yogurt.
Top with the remaining granola.
Sprinkle with the pomegranate seeds and coconut.",Servings 4,https://recipes.heart.org/en/recipes/mango-and-pineapple-tropical-parfaits,AHA
Poached Pears with Pomegranate Sauce,"Desserts, Salads, Side Dishes","Serve this multipurpose dish warm, at room temperature, or cold as a dessert, salad, or side",,120,"1/3 cup pomegranate juice
2 teaspoons sugar
1 medium pear, peeled, halved, cored
1 teaspoon water
1/4 teaspoon grated lemon peel
1/4 teaspoon vanilla extract
2 tablespoons dry-roasted sliced almonds, crumbled
1/4 teaspoon cornstarch","In a small saucepan, stir together the pomegranate juice and sugar. Add the pear halves with the cut side down. Bring to a boil over high heat. Reduce the heat and simmer, covered, for 5 minutes, or until tender, turning occasionally. Remove from the heat. Leaving the liquid in the pan, transfer the pear halves with the cut side down to dessert plates.
Put the cornstarch in a small bowl. Add the water, stirring to dissolve. Pour into the same pan. Bring to a boil over medium-high heat, whisking constantly. Boil for 1 minute. Remove from the heat. Stir in the lemon zest and vanilla. Spoon over the pears. Sprinkle with the almonds.","Servings 2 | Total Time 10 min | Quick Tips: Tip: Be sure to use a ripe pear for peak texture and flavor. Using a firm pear not only will require at least twice as much cooking time but also will not be as tender, sweet, and flavorful.",https://recipes.heart.org/en/recipes/poached-pears-with-pomegranate-sauce,AHA
Hummus,"Appetizers, Side Dishes, Snacks","Looking for a healthy and delicious snack? Try our easy homemade hummus recipe made with chickpeas, tahini, lemon, and garlic. It's perfect for dipping!",,126,"2 (15-ounce) cans low-sodium garbanzo beans (chickpeas), drained and rinsed
1/2 cup lemon juice
2 teaspoons jarred minced garlic
1 tablespoon extra virgin olive oil
1/4 teaspoon paprika
1/2 teaspoon dried parsley","Place all ingredients in a blender or food processor and blend until smooth.
Serve with veggie slices or sticks as a dip.",Servings 8 | Total Time 5 min,https://recipes.heart.org/en/recipes/hummus,AHA
Spaghetti Squash Noodle Bowls,One-Dish Meals,"This vegetarian entrée is packed with protein, color, and texture. Cook this winter squash low and slow in a slow cooker or faster in the microwave on a busier night. Either way it’s delicious.",,282,"1 (8-ounce ) spaghetti squash, rinsed and patted dry
1 (16-ounce) package frozen stir-fry vegetables, thawed (any seasoning packet discarded)
1 (12-ounce) package frozen meatless crumbles (lowest sodium available)
2 teaspoons toasted sesame oil
2 garlic cloves, minced
2 teaspoons soy sauce (lowest sodium available)
1 teaspoon minced peeled ginger
1 teaspoon plain rice vinegar OR
1 teaspoon white wine vinegar
1/2 cup crushed dry-roasted unsalted peanuts
1/4 cup chopped coarsely cilantro (optional)","Prepare the vegetables using the package directions. Set aside.
Prepare the meatless crumbles using the package directions. Set aside.
Pierce the squash several times with a sharp knife to help the steam escape while it cooks. Microwave the squash on 80 percent power (medium high) for 10 to 15 minutes, or until soft. If your microwave doesn’t have a turntable, then microwave the squash for 5-minute increments, rotating it after each increment. Transfer the squash to a cutting board. Let stand for 10 minutes to cool just slightly. Cut in half lengthwise with a sharp knife. Using a spoon, scoop out and discard the seeds. Using a fork, scrape the squash pulp lengthwise to release the strands, which resemble spaghetti. Twirl the fork to break the strands. Transfer them to bowls.
In a large nonstick skillet, heat the sesame oil over medium heat, swirling to coat the bottom. Add the garlic. Cook for 1 minute, stirring frequently. Stir in the stir-fry vegetables, meatless crumbles, soy sauce, gingerroot, and vinegar. Cook for 2 to 3 minutes, or until heated through, stirring occasionally.
Spoon the vegetable mixture over the squash. Sprinkle with the peanuts and cilantro.
If you have time, you can use the slow cooker to prepare the spaghetti squash strands in advance. The squash will have more of a roasted flavor if prepared in the slow cooker. Using a sharp knife, pierce the squash several times to help the steam escape while it cooks. Transfer the squash to a 3- to 4½-quart round or oval slow cooker. Pour in 1 cup of water. Cook, covered, on low for 4 to 5 hours or on high for 2 to 3 hours, or until the squash feels slightly soft when grasped with tongs. Transfer the squash to a cooling rack or work surface. Let it cool for about 30 minutes. Follow the directions above to halve, clean, and scrape out the spaghetti-like squash strands. Cover and refrigerate the strands for up to four days.
Follow the directions in step 4 (above) to cook the vegetable mixture, or stir the stir-fry vegetables, soy crumbles, soy sauce, sesame oil, garlic, gingerroot, and vinegar in a slow cooker. Cook, covered, on low for 1 hour to 1 hour 10 minutes or on high for 45 minutes, or until the vegetables are tender and the mixture is heated through. About 10 minutes before the vegetable mixture is cooked, microwave the strands on 100 percent power (high) for 3 to 5 minutes to reheat them.",Servings 4,https://recipes.heart.org/en/recipes/spaghetti-squash-noodle-bowls,AHA
Slow Cooker Kale and Red Quinoa Soup,"Main Dishes, Soups",This protein-packed soup is an ideal dinner for busy days. Simply set it and forget it.,,245,"1 (14.5-ounce ) can no-salt-added whole tomatoes, undrained
1 (14.5-ounce ) can no-salt-added great northern beans, drained and rinsed
4 cups coarsely chopped kale (1/2 of a 5-ounce bunch), any large stems discarded
2 cups fat-free, lower-sodium vegetable broth
1/2 cup red quinoa, rinsed and drained in a fine-mesh sieve
1 medium carrot, cut into 1/2-inch slices (about 1/2 cup)
1 medium rib of celery, cut into 1/2-inch slices (about 1/2 cup)
1/2 cup chopped red onion
1 tablespoon olive oil
2 garlic cloves, minced
1 teaspoon dried thyme, crumbled
1/2 teaspoon crushed red pepper flakes
1/2 teaspoon smoked paprika (sweet or hot)
1/4 teaspoon salt
1/4 teaspoon pepper","Put all the ingredients in a 3- to 4 1/2-quart round or oval slow cooker. Cook, covered, on low for 6 to 8 hours or on high for 2 to 3 hours, or until the vegetables and quinoa are tender.",Servings 4,https://recipes.heart.org/en/recipes/slow-cooker-kale-and-red-quinoa-soup,AHA
Caramel Kettle Popcorn,Snacks,This sweet popcorn has just a hint of salt to make this snack a perfectly balanced crunchy afternoon delight.,,102,"1 tablespoon plus 1 teaspoon olive oil
1/4 teaspoon salt, preferably sea salt
8 cups air-popped popcorn (1/4 cup plus 1 tablespoon popcorn kernels)
5 drops unflavored liquid stevia sweetener
2 squeezes caramel-flavored liquid stevia sweetener","In a small skillet, heat the oil, both flavors of the liquid stevia sweetener and salt over low heat for 1 to 2 minutes, or until warmed through, stirring occasionally. Let cool for 5 minutes.
Pour the mixture into a gallon-sized resealable plastic bag. Shake well to coat the inside of the bag with the caramel mixture. Add the popped popcorn to the bag. Shake well to evenly coat.
Pour the popcorn into a serving bowl.","Servings 4 | Total Time 10 min | Quick Tips: Cooking Tip: To make homemade popcorn in a jiffy, you can use a traditional air popper or a microwave popcorn popper. You can easily find a variety of microwave popcorn poppers in kitchen and retail stores and online. Be sure to look for one that does not require any oil. Cooking Tip: You can use store-bought microwave popcorn for this recipe. However, be sure to choose an unsalted, 94% fat-free variety. If you cannot find the unsalted variety, look for bags with 30 to 40 milligrams of sodium per serving.",https://recipes.heart.org/en/recipes/caramel-kettle-popcorn,AHA
Raisin French Toast Bake,Breakfast,Take a break from the ordinary weekend breakfast fare of pancakes or waffles with this extraordinary version of sweet and nutty French toast. This recipe is reprinted with permission from American Heart Association Instant & Healthy.,,162,"1 1/2 cups water
Cooking spray
3 large egg whites
1 large egg
1/2 cup fat-free milk
2 tablespoons sugar
1/2 teaspoon ground cinnamon
4 slices whole-wheat raisin bread (lowest sodium available), toasted and cut into 3/4-inch squares
3 tablespoons dry-roasted unsalted sliced almonds","Place the steaming rack in the pressure cooker. Pour in the water. Lightly spray a 7-cup heatproof glass bowl with cooking spray.
In a bowl, whisk together the egg whites and egg until well blended. Whisk in the milk, sugar, and cinnamon. Gently stir in the bread to coat the squares.
Spoon the bread mixture into the glass bowl. Sprinkle the almonds over the bread mixture. Cover the top of the dish with aluminum foil.
Place the bowl with the bread mixture in the center of a foil sling. To make a foil sling, cut an 18-inch-long piece of aluminum foil. Fold it lengthwise in thirds to make a ribbon about 4 x 18 inches. Draw the ends of the foil up and over the dish. Using the sling, lower the bowl onto the rack in the pressure cooker. Secure the lid. Cook on high pressure for 16 minutes. Quickly release the pressure.
Using potholders, carefully lift the sling supporting the bowl out of the pressure cooker. Uncover the bowl. Cut the bake into wedges. Serve warm.",Servings 4 | Total Time 26 min,https://recipes.heart.org/en/recipes/raisin-french-toast-bake,AHA
Mushroom Ravioli with Avocado Pesto,Main Dishes,Homemade ravioli are easy to make when you use wonton wrappers. Adding avocado to traditional pesto gives this dish a modern flair.,,377,"1 cup cherry tomatoes, halved
1 1/2 cups water
1 medium avocado
1 cup firmly packed, fresh basil
1/4 cup unsalted pine nuts
Juice of 1 medium lemon
2 tablespoons shredded or grated Parmesan cheese
2 garlic cloves, coarsely chopped
1 teaspoon pepper
1/4 teaspoon salt
2 pounds brown (cremini) mushrooms, sliced
1 small onion, coarsely chopped
24 wonton wrappers (thawed if frozen)
1 1/2 teaspoons olive oil
1/2 cup whole-wheat bread crumbs (lowest sodium available)
2 large eggs, lightly beaten","In a food processor or blender, pulse just 2 cups of the mushrooms with the onion, garlic, and salt until the mixture resembles rice. Be sure to fill the processor only halfway with the ingredients. Transfer the processed mushroom mixture to a large bowl. Process the remaining mushrooms in multiple batches and transfer to the bowl. Stir the mushroom mixture to combine.
In a large nonstick skillet, heat the oil over medium heat, swirling to coat the bottom. Cook the mushroom mixture for 7 to 10 minutes so the mushrooms release their liquid and most of that liquid evaporates, stirring frequently. Stir in the bread crumbs. Remove from the heat. Let cool for at least 1 hour.
Place the wonton wrappers on a clean work surface. Working with 6 at a time, lightly brush each wrapper with the egg. Place 1 tablespoon of the mushroom mixture in the center of each wrapper. Top each ravioli with another wrapper, lining up the edges. Working in a circle, firmly press the edges together. Lightly press on the center to spread the filling to approximately 1/4 inch from the edge of the ravioli.
In a food processor or blender, process the pesto ingredients until smooth. Set aside.
In a large stockpot, bring 3 quarts water to a rolling boil over high heat. Cook the ravioli for 4 to 5 minutes, or until tender.
Drain the ravioli well in a colander. Transfer to plates. Spoon the pesto over the ravioli. Garnish with the tomatoes. Serve immediately.","Servings 6 | Total Time 45 min | Quick Tips: Cooking Tip: Once the ravioli are assembled, transfer them to a sheet pan and refrigerate until cooking time. To freeze the ravioli for later use, transfer them to a sheet pan and place in the freezer. Once the ravioli are frozen, transfer them to a gallon-size resealable plastic freezer bag and store for up to three months.",https://recipes.heart.org/en/recipes/mushroom-ravioli-with-avocado-pesto,AHA
Blackberry Lemon Drop Cupcakes,"Snacks, Desserts",The sweetness from the stevia perfectly balances the tartness of the fresh blackberries. Lemon brightens all the flavors in these baked delights.,,133,"Cooking spray
1 1/4 cups all-purpose flour
1/4 cup almond flour
1 teaspoon baking powder
1/2 cup unsweetened applesauce
1/2 cup fat-free milk
2 large eggs
1 tablespoon olive oil
2 teaspoons grated lemon peel
1 tablespoon fresh lemon juice
5 drops lemon-flavored liquid stevia sweetener
1/8 teaspoon salt
1 cup frozen blackberries, each cut in half
3 tablespoons stevia sugar blend
2 ounces low-fat cream cheese
2 ounces fat-free cream cheese
1 teaspoon stevia sweetener OR
2 stevia sweetener packets
8 drops lemon-flavored liquid stevia sweetener
8 drops vanilla crème-flavored liquid stevia sweetener
1 teaspoon grated lemon peel
1/2 cup fat-free plain Greek yogurt
12 blackberries, thawed if frozen, patted dry with paper towels (optional)","Preheat the oven to 350°F. Lightly spray a 12-cup muffin pan with cooking spray.
In a large bowl, stir together both the flours, stevia sugar blend, and baking powder.
Make a well in the center of the flour mixture. Add the applesauce, milk, eggs, oil, 2 teaspoons lemon zest, lemon juice, 5 drops lemon-flavored liquid stevia sweetener, and salt, stirring just until moistened but no flour is visible. Gently fold in the 1 cup frozen blackberries. Spoon the mixture into the muffin cups.
Bake for 22 to 24 minutes, or until a wooden toothpick inserted into the center comes out clean. Transfer two a cooking rack. Let cool for 30 minutes before frosting.
Meanwhile, in a medium bowl, using an electric mixer on medium-high speed, beat the frosting ingredients except the yogurt, for 1 to 1½ minutes, or until smooth, scraping the sides of the bowl as needed. Add the yogurt and beat on medium-high speed for 20 to 30 seconds, or until smooth and creamy. Spread 2 tablespoons of the frosting on top of each cupcake. Garnish each with a blackberry.","Servings 12 | Total Time 55 min | Quick Tips: Tip: If you can find low-fat Greek-style cream cheese in your grocery store, try it; it’ll give the frosting a creamier texture.",https://recipes.heart.org/en/recipes/blackberry-lemon-drop-cupcakes,AHA
Chilled Zucchini and Avocado Soup with Cucumber Salsa,"Soups, Appetizers","This cold, smooth summer soup is brought to life with a bright, crunchy salsa. While the soup can also be served at room temperature, if you’re in a hurry to chill, ladle into 4 serving bowls and place them all in the freezer for 20 minutes for a quick fix. Yield: 4 servings (1 cup soup + ½ cup salsa)",,164,"1 medium peeled cucumber, finely diced (about 2 cups)
2 medium tomatoes, seeded and diced (about 1 cup)
1/2 cup chopped fresh cilantro
3 tablespoons fresh lime juice
2 tablespoon chopped red onion
1 to 2 tablespoons chopped fresh jalapeño, seeds and ribs discarded
Cooking spray
1 medium onion, chopped
3 medium zucchini, chopped (about 4 to 5 cups)
2 garlic cloves, crushed
1 1/2 cups can fat-free, low-sodium vegetable broth
1 medium avocado, halved and pitted
1/2 cup low-fat buttermilk
2 tablespoons fresh lime juice
1/8 teaspoon salt
1/8 teaspoon pepper","In a medium bowl, stir together all the salsa ingredients. Cover and refrigerate while making the soup.
Lightly spray a large skillet with cooking spray. Heat over medium-high heat. Cook the onion for 5 minutes, or until very soft. Stir in the zucchini and garlic. Cook for 5 minutes, or until the zucchini is tender, stirring constantly. Remove from the heat.
Transfer the zucchini mixture to a food processor or blender. Process for 30 seconds, or until mostly pureed. Add the remaining soup ingredients to the zucchini mixture. Process until smooth. Transfer the soup to a container with a lid. Refrigerate until chilled.
At serving time, ladle the soup into bowls. Top each serving with the salsa.","Servings 4 | Total Time 25 min | Quick Tips: Cooking Tip: To safely and easily pit an avocado, cut the fruit in half lengthwise, slicing around the pit. Separate the halves. Insert a waiter's corkscrew into the pit with the blade of a sharp kitchen knife to embed the blade in the pit. Wiggle the knife to free the pit. Tip: If you don't have time to let the soup chill in the refrigerator, ladle the soup into serving bowls and place them in the freezer for 20 minutes.",https://recipes.heart.org/en/recipes/chilled-zucchini-and-avocado-soup-with-cucumber-salsa,AHA
Slow Cooker Borracho Beans,"Main Dishes, Soups","Translated from Spanish, “borracho” means drunken, so beer is an essential ingredient. While a Mexican beer like a lager is more traditional, feel free to use your favorite type of beer. Note that the beans need to soak at least 6 hours before placing in the slow cooker. Use less jalapenos and chili powder if you prefer it less spicy.",,459,"1 pound dried pinto beans, sorted for stones and shriveled beans, rinsed and drained
3 cups water
1 (14.5-ounce) can no-salt-added diced tomatoes, undrained
1 (12-ounce) beer (regular or nonalcoholic)
1 medium bell pepper (any color), chopped
1/2 medium onion (yellow preferred), finely chopped
1 to 2 medium fresh jalapeños, seeds and ribs discarded, finely chopped (optional)
1 teaspoon minced garlic OR
1/4 teaspoon garlic powder
1 tablespoon chili powder
3/4 teaspoon salt","Soak the beans using the package directions. Drain well in a colander.
Transfer to a 5- to 7-quart slow cooker. Stir in the water, tomatoes, beer, bell pepper, onion, jalapeños, garlic, chili powder and salt.
Cook, covered, on high for 8 hours, or until the beans are softened.","Servings 4 | Total Time 8 hr 5 min | Quick Tips: Cooking Tip: Won't be home in 8 hours to turn the slow cooker off? Don't worry. The beans can cook on high for up to 10 hours. Cooking Tip: If you want to skip the soaking time, you can use 4 15.5-ounce cans no-salt-added beans, which is the equivalent of 1 pound of dried beans. Cooking Tip: If you prefer the dish to be less spicy, use less jalapeños and chili powder. Tip: Cook once, eat twice! If you don't plan on eating the remaining beans later in the week, you can freeze them for a later use. Drain some of the cooking liquid, leaving enough to cover the beans in an airtight freezer container. Freeze for up to 3 months. When ready to use the beans, thaw them in the refrigerator overnight.",https://recipes.heart.org/en/recipes/slow-cooker-borracho-beans,AHA
Tofu Banh Mi Noodle Bowls,Main Dishes,"Banh mi, a traditional Vietnamese street food, is a submarine-style sandwich filled with meat and vegetables. In this version, we use tofu for the protein and pair it with rice noodles rather than bread to keep the sodium and carbs lower. This bowl is packed with goodness: soft noodles, crispy tofu, and pickled vegetables, topped with a creamy sriracha mayo.",,286,"1 cup matchstick-size carrot strips
1/2 medium hothouse, or English, cucumber, peeled and thinly sliced into strips
1/2 cup thinly sliced radishes, such as watermelon or daikon
1/4 cup unseasoned rice vinegar
3 tablespoons light mayonnaise OR
3 tablespoons fat-free Greek yogurt
3 tablespoons fat-free sour cream OR
1 1/2 teaspoons fresh lime juice
1 1/2 teaspoons hot chili sauce (sriracha preferred)
2 garlic cloves, minced
1 tablespoon grated peeled ginger
1 1/2 teaspoons soy sauce (lowest sodium available)
1 teaspoon toasted sesame oil
4 ounces dried rice noodles
14 ounces extra-firm tofu, drained, patted dry, cut into 1-inch cubes
1 1/2 tablespoons brown rice flour
1/2 medium fresh jalapeño, seeds and ribs discarded, thinly sliced","Preheat the oven to 425°F. Line a baking sheet with aluminum foil.
Put the carrots, cucumber, radishes, and rice vinegar in a medium nonmetallic bowl. Cover and refrigerate for at least 20 minutes to 4 hours.
Meanwhile, in a small bowl, whisk together the sauce ingredients. Cover and refrigerate.
In a separate medium bowl, whisk together the gingerroot, soy sauce, and sesame oil. Add the tofu, gently tossing to coat. Let stand for at least 10 minutes.
Prepare the noodles following the package directions.
Sprinkle the tofu with the brown rice flour, tossing to coat. Transfer to the baking sheet. Bake for 12 minutes, or until browned and crispy.
Transfer the noodles to the bowls. In order, layer as follows: the carrot mixture, tofu, and jalapeño. Spoon the sauce over all.","Servings 4 | Total Time 1 hr 10 min | Quick Tips: Tip: If you prefer a more traditional dish, skip the noodles and put the tofu and vegetables in a small whole-wheat baguette. Cooking Tip: To prep ahead, you can prepare the tofu the day before you plan to serve this meal. Refrigerate the tofu in the gingerroot mixture in an airtight container overnight.",https://recipes.heart.org/en/recipes/tofu-banh-mi-noodle-bowls,AHA
Warm Cinnamon-Raisin Apples - Delicious Decisions,"Desserts, Breakfast","The wok isn't just for savory dishes. For this sweet stir-fried dessert, sizzling apples are combined with a sauce that’s fragrant with cinnamon and nutmeg. Serve this on its own or atop a scoop of fat-free frozen vanilla yogurt.",,172,"1 tablespoon light or dark brown sugar
2 teaspoons cornstarch
1 teaspoon ground cinnamon
1/4 teaspoon ground nutmeg (freshly grated preferred)
1 cup 100% apple juice, divided use
2 teaspoons canola or corn oil
2 medium Braeburn, Rome Beauty, or Golden Delicious apples, peeled if desired, thinly sliced, and patted dry
2 tablespoons raisins (golden preferred)
1/4 cup dry-roasted chopped walnuts","In a small bowl, stir together the brown sugar, cornstarch, cinnamon, and nutmeg. Stir in 1/3 cup apple juice. Set aside.
Heat a large skillet or wok over high heat. Pour in the oil, swirling to coat the bottom. Cook the apples for 2 to 3 minutes, or until tender and lightly browned, stirring constantly.
Stir in the raisins and the remaining 2/3 cup apple juice. Stir in the brown sugar mixture. Cook for 4 to 6 minutes, or until the sauce is thickened, stirring constantly. Just before serving, sprinkle with the walnuts.",Servings 4 | Total Time 20 min,https://recipes.heart.org/en/recipes/warm-cinnamon-raisin-apples---delicious-decisions,AHA
Vegetable Gumbo,"Side Dishes, Soups, Main Dishes","Soy sausage links stand in for the traditional Andouille sausage, adding smoky flavor to this Louisiana stew built around okra and the “holy trinity” of Cajun cooking (onion, celery, and bell pepper). It’s served over brown rice to soak up all the delicious sauce.",,161,"2 tablespoons all-purpose flour
1 teaspoon olive oil
1 medium onion, chopped
1 medium green bell pepper, chopped
1 medium rib of celery, thinly sliced
1 (14.5-ounce) can no-salt-added diced tomatoes, undrained
1 cup frozen sliced okra
4 ounces soy sausage links, browned, sliced (optional)
1 teaspoon reduced-sodium seafood seasoning blend
2 medium dried bay leaves
1/2 teaspoon dried thyme, crumbled
1 1/2 cups water
1/4 teaspoon salt
6 to 8 drops or, to taste red hot pepper sauce
1 cup uncooked instant brown rice","Heat a large saucepan over medium-high heat. Cook the flour for 1 1/2 to 2 minutes, or until just beginning to turn light golden, stirring constantly. Transfer to a small plate.
In the same saucepan, heat the oil, swirling to coat the bottom. Cook the onion, bell pepper, and celery for 3 minutes, or until the onion is soft, and the other vegetables are tender, stirring frequently. Stir in the tomatoes with liquid, okra, soy sausage, seasoning blend, bay leaves, and thyme. Stir in the flour until well blended. Stir in the water. Increase the heat to high and bring to a boil. Reduce the heat and simmer, covered, for 25 minutes, or until the okra is very tender and the mixture has thickened, stirring frequently. Remove from the heat.
Stir in the salt and hot-pepper sauce. Let stand, covered, for 15 minutes so the flavors blend. Discard the bay leaves.
Meanwhile, prepare the rice using the package directions, omitting the salt and margarine. Spoon the rice into bowls. Ladle the gumbo over the rice.",Servings 4 | Total Time 30 min | Quick Tips: Tip: Serving size 3/4 cup gumbo and 1/2 cup rice,https://recipes.heart.org/en/recipes/vegetable-gumbo,AHA
Blue Smoothie,"Beverages, Snacks, Main Dishes, Breakfast",Keeping the freezer stocked with frozen fruit means a smoothie is never that far out of reach for the morning.,,179,"2 cups frozen unsweetened peach slices
2 cups tightly packed fresh spinach
1 cup frozen unsweetened blueberries
1 cup fat-free milk
1 teaspoon honey","In a food processor or blender, process all the ingredients until smooth, about 1 to 2 minutes, stopping to scrape down the mixture if necessary.
Pour into glasses.","Servings 2 | Total Time 5 min | Quick Tips: Cooking Tip: You can substitute ½ cup frozen spinach for the fresh spinach. Just add a few more splashes of milk if necessary. Tip: Using frozen fruit eliminates the need for ice in a smoothie. You can easily use fresh fruit, however, by using the same quantities of fruit and adding 1½ cups of ice cubes.",https://recipes.heart.org/en/recipes/blue-smoothie,AHA
Homemade Frozen Yogurt Pops with Peaches,"Desserts, Snacks","Two cups of chopped fresh or frozen fruit can be subbed for the peaches, so you can constantly experiment with these refreshing frozen yogurt pops from the Simple Cooking with Heart program.",,66,"1 (16-ounce) package frozen unsweetened peach slices, thawed, divided use
1 cup fat-free plain yogurt
1 tablespoon honey","Put 1½ cups peaches, the yogurt and honey in the bowl of a food processor. Process for about 1 minute, or until the mixture is pureed. (You can also put the ingredients in a large bowl and use an immersion blender to puree.)
Transfer the puree to a bowl or large liquid measuring cup with a spout. Chop the remaining peaches into bite-size pieces. Stir into the puree, along with any liquid from the package.
Pour the mixture into ice pop molds, filling each one almost to the top. Freeze overnight.
At serving time, hold the ice pop molds under warm running water to loosen the ice pops.","Servings 6 | Total Time 8 hr 10 min | Quick Tips: Cooking Tip: This recipe yields about 3 cups. The size of your yogurt pops may vary depending on the size of your mold. Keep it Healthy: Reduce the amount of fruit by ½ cup and stir in ½ cup low-fat granola to make breakfast yogurt pops! Tip: Don’t have ice pop molds or sticks? Pour the mixture into an ice cube tray. Cover it with plastic wrap. Push a toothpick through the wrap and into the center of each cube. When the cubes are frozen, pull off the plastic wrap, and you'll have bite-size yogurt pops. Tip: You can replace the package of frozen peach slices with one 15-ounce can of peach slices, packed in their own juice.",https://recipes.heart.org/en/recipes/homemade-frozen-yogurt-pops-with-peaches,AHA
Oatmeal Zucchini Cookie Bars,"Desserts, Snacks","Vegetables in cookies? Absolutely delicious! Bursting with flavor, these bars are a healthy way to satisfy a sweet tooth craving. Don’t be surprised when you open the cookie jar and find only crumbs!",,61,"Cooking spray
1/2 cup light brown sugar
2 tablespoons light tub margarine, softened to room temperature
1 medium very ripe banana, mashed
1 large egg
1 cup grated, unpeeled zucchini, squeezed dry
1/2 teaspoon ground cinnamon
1/2 teaspoon grated lemon peel OR
1/2 teaspoon grated orange peel
1/2 teaspoon vanilla extract
1/4 teaspoon ground nutmeg
1 cup all-purpose flour
1/2 cup uncooked, quick-cooking rolled oats
1 teaspoon baking powder
1/4 cup slivered almonds, chopped","Preheat the oven to 350°F. Lightly spray an 11 x 7 x 2-inch baking dish with cooking spray.
Meanwhile, in a large bowl, using an electric mixer on medium speed, cream the brown sugar and margarine until fluffy. Add the banana and egg. Beat well. Stir in the zucchini, cinnamon, lemon zest, vanilla, and nutmeg.
In a medium bowl, stir together the flour, oats, and baking powder. Stir the dry mixture into the zucchini mixture until moistened but no flour is visible. Stir in the almonds. Pour the batter into the baking dish.
Bake for 20 to 25 minutes, or until the top is lightly golden. Transfer to a cooling rack. Let cool completely before cutting into bars.","Servings 24 | Total Time 45 min | Quick Tips: Cooking Tip: Store the bars in an airtight container for up to three days or freeze for up to three months. To defrost, transfer the bars to a cooling rack for 1 to 2 hours.",https://recipes.heart.org/en/recipes/oatmeal-zucchini-cookie-bars,AHA
Creole Red Bean Ratatouille,"Soups, Main Dishes, Side Dishes",Ratatouille is a classic vegetable dish from the Provence region of France. Our Creole-inspired version includes red kidney beans and whole-grain penne to add protein and fiber.,,280,"4 ounces dried whole-grain penne pasta (1/2 box)
1 tablespoon olive oil (extra virgin preferred), divided use
1 medium onion, chopped
1 medium green bell pepper, chopped
2 garlic cloves, minced
4 medium tomatoes, chopped
1 cup frozen cut okra
1/2 (15.5-ounce) can no-salt-added kidney beans, drained and rinsed
3 medium dried bay leaves
1 teaspoon dried oregano, crumbled
1/2 teaspoon dried thyme, crumbled
1/8 to 1/4 teaspoon crushed red pepper flakes
1/4 cup chopped fresh parsley
1/2 teaspoon salt
2 ounces shredded low-fat mozzarella cheese
2 tablespoons shredded or grated Parmesan cheese","Prepare the pasta using the package directions, omitting the salt. Drain well in a colander. Set aside.
Meanwhile, in a large nonstick skillet, heat 1 teaspoon oil over medium-high heat, swirling to coat the bottom. Cook the onion and bell pepper for 3-4 minutes, or until soft, stirring frequently. Stir in the garlic. Cook for 10 seconds, stirring constantly. Stir in the tomatoes, okra, beans, bay leaves, oregano, thyme, and red pepper flakes. Bring to a simmer. Reduce the heat and simmer, covered, for 20 minutes, or until the okra is tender. Remove from the heat. Discard the bay leaves.
Stir the parsley, salt, and the remaining 2 teaspoons oil into the ratatouille. Serve over the pasta. Sprinkle with the mozzarella and Parmesan.",Servings 4 | Total Time 1 hr,https://recipes.heart.org/en/recipes/creole-red-bean-ratatouille,AHA
Air Fryer Plantains with Cilantro Crema,"Appetizers, Snacks, Side Dishes","Plantains, also known as the “cooking banana,” are popular in Latin America countries, as well as in parts of Asia, Africa, and India. The air fryer cooks the plantains not only quickly and easily but also makes them crispy on the outside, leaving them with a soft chewy center. They are delicious on their own, but the tangy cilantro crema makes for a perfect pairing.",,160,"1/2 cup fat-free Greek yogurt
1/2 cup chopped fresh cilantro
2 tablespoons lime juice
1 tablespoon light mayonnaise
1 teaspoon garlic powder
2 medium ripe plantains, peeled and cut crosswise each into 12 or 16 pieces (about 1-inch) (see Cooking Tip)
1 teaspoon canola or corn oil and 1 teaspoon canola or corn oil, divided use
1/4 teaspoon salt","If using a basket-style air fryer, preheat the air fryer to 350°F. If using a toaster-style air fryer, preheat the air fryer to 325°F.
In a food processor or blender, process the crema ingredients until smooth. Set aside.
Put the plantains in a medium bowl. Stir in 1 teaspoon oil, tossing to coat.
Arrange the plantains in a single layer in the air fryer basket or on the air fryer rack. (Don’t overcrowd; work in batches as needed.) If using a basket-style air fryer, cook for 10 minutes. If using a toaster-style air fryer, cook for 5 minutes.
Do not turn off the air fryer. Transfer the plantains to a cutting board. Using a flat-bottomed cup, pastry cutter, or spatula, flatten the plantains to 1/2 inch thick. Return the plantains to the bowl. Add the salt and remaining 1 teaspoon oil, gently tossing to coat.
Return the plantains to the air fryer basket or rack. Cook for 5 minutes, or until the plantains are golden brown.
Serve with the cilantro crema.","Servings 4 | Total Time 30 min | Quick Tips: Cooking Tip: To peel a plantain, you will need a cutting board and a sharp paring knife. (The peel comes off easiest if the plantain is at room temperature.) Cut off the ends of the plantain and discard the tips. Using the tip of the knife, slit the peel along the length of the plantain. Cut only as deep as the peel is thick. Working in sections, use the knife to loosen the peel from the flesh, moving it from side to side. Cooking Tip: Ripe plantains will have mostly black skin with a few yellow patches. When you press the peel, the plantain should feel soft but still have some firmness. Fully ripe plantains are sweet and almost creamy in texture when cooked. If you’re looking for a sweeter flavor, let the plantains ripen until the peel is almost entirely black. If you cannot find ripe plantains in the store, put the green plantains in a brown paper bag and seal the bag tightly, placing it on the kitchen counter. To ripen plantains faster, add an apple or banana to the bag. The plantains will ripen within a few days.",https://recipes.heart.org/en/recipes/air-fryer-plantains-with-cilantro-crema,AHA
Southwestern Three-Bean Dense Salad,"Salads, Main Dishes","This no-cook salad is packed with flavor and protein. Plus, it’s so easy to put together that it’ll be your go-to for lunchboxes, potlucks, barbecues, and more!",,321,"1 (15.5-ounce) can no-salt-added or low-sodium black beans, drained and rinsed
1 (15.5-ounce) can no-salt-added or low-sodium kidney beans, drained and rinsed
1 (15.5-ounce) can no-salt-added or low-sodium pinto beans,, drained and rinsed
3/4 cup chopped tomato
1/3 medium red bell pepper, chopped
1/3 medium yellow bell pepper, chopped
3 medium green onions, thinly sliced
1/4 cup salsa (lowest sodium available)
1/4 cup chopped fresh cilantro
1 tablespoon olive oil (extra virgin preferred)
1/8 teaspoon pepper
1 (4-ounce) package mixed salad greens (about 4 cups), torn into bite-size pieces
1 medium lime, cut into 4 wedges (optional)","In a large bowl, stir together all the ingredients except the salad greens, tossing gently. (For best flavor, cover and refrigerate for 4 hours, stirring occasionally.) Spoon over the salad greens.
Serve with the lime wedges.","Servings 4 | Total Time 10 min | Quick Tips: Cooking Tip: For a quick lunch, wrap any leftovers minus the salad greens in whole-wheat or corn tortillas (lowest sodium available). Zap the wrap in the microwave until warm. Tip: Substitute canned lentils (lowest sodium available), frozen edamame, thawed, or other varieties of no-salt-added or low-sodium beans, such as great northern or chickpeas for the canned beans listed in the recipe.",https://recipes.heart.org/en/recipes/southwestern-three-bean-dense-salad,AHA
Korean Cucumber Salad,"Side Dishes, Salads","This no-cook crunchy, refreshing salad imparts notes of saltiness, spiciness, and sweetness. The tangy flavor of the dressing adds a punch to round out the flavors. It&rsquo;s not only a delight for the taste buds but also a quick and easy side dish for any night of the week.",,32,"1 tablespoon unseasoned rice vinegar
2 teaspoons soy sauce (lowest sodium available)
1 teaspoon toasted sesame oil
1/2 teaspoon sugar
1/4 teaspoon crushed red pepper flakes (gochugaru, Korean red pepper flakes, preferred)
2 cups hinly sliced cucumber (see Cooking Tip) (about 1/2 medium cucumber), peeled, seeded, and patted dry with paper towels
1/2 cup sliced green onions (about 2 medium green onions)
1 teaspoon sesame seeds","In a medium bowl, whisk together the dressing ingredients. Add the cucumber and green onion, tossing to coat.
Sprinkle with the sesame seeds.","Servings 4 | Total Time 10 min | Quick Tips: Cooking Tip: Coconut aminos are a gluten-free alternative to soy sauce. Be sure to look for the lowest sodium available. Cooking Tip: Any thin-skinned cucumber variety that has few seeds, such as Korean, Japanese, Persian, mini, and hothouse, or English, will work well in this recipe.",https://recipes.heart.org/en/recipes/korean-cucumber-salad,AHA
Enchiladas Sauce,,"This heart-healthy, homemade enchilada sauce is easy to make and will make any type of enchilada a family favorite.",,131,"2 tablespoons vegetable or canola oil
1 tablespoon whole-wheat flour
1 (6-ounce) can no-salt-added tomato paste
1 cup low-sodium chicken or vegetable broth
1 tablespoon chili powder
1 teaspoon cumin
1/2 teaspoon onion powder
1/2 teaspoon garlic powder
1 tablespoon brown sugar blend","In medium saucepan, heat oil over medium heat. Stir flour in and stir until smooth.
Gradually, stir in tomato paste, broth, chili powder, cumin, onion powder, garlic powder and brown sugar blend.
Bring to a boil, stirring occasionally. Reduce heat and simmer until thickened, approximately 5-10 minutes. Serve.",Servings 4 | Total Time 15 min,https://recipes.heart.org/en/recipes/enchiladas-sauce,AHA
Roasted Beet and Citrus Salad,"Salads, Side Dishes","This magnificent magenta salad is filled with the tartness of ruby red grapefruit and the earthiness of beets. It isn’t just gorgeous to look at, but also tasty to eat. Pair with grilled or broiled fish, if desired.",,170,"Cooking spray
3 medium beets, peeled, ends trimmed, diced into 1-inch pieces (about 4 cups)
2 tablespoons canola or corn oil, divided use
2 cups tightly packed spinach
2 cups ruby red grapefruit segments, canned in water, drained
1 cup mandarin orange segments, canned in water, drained
2 tablespoons chopped fresh parsley
1 tablespoon chopped red onion
2 tablespoons red wine vinegar
1/8 teaspoon salt","Preheat the oven to 400˚F. Line a large baking sheet with aluminum foil. Lightly spray the foil with cooking spray.
Place the beets on the baking sheet. Drizzle 1 tablespoon oil over the beets. Roast for 45 to 55 minutes, or until the beets are softened (can easily be pierced with the tip of a sharp knife).
Place the spinach in a serving bowl or on a large platter. Top with the grapefruit and mandarin oranges. Sprinkle with the parsley and onion.
In a small bowl, whisk together the vinegar, salt, and remaining 1 tablespoon oil. Pour the dressing over the salad. Using tongs, gently toss to coat.
Spoon the roasted beets over the salad.","Servings 8 | Total Time 1 hr 15 min | Quick Tips: Cooking Tip: To slow cook beets, wrap each beet in aluminum foil. Arrange the beets in a single layer in the slow cooker. Cook, covered, on high for 4 to 5 hours, or until the beets are tender when pierced with the tip of a sharp knife. When the beets are done cooking and are cool enough to handle, trim, peel, and chop them. Keep it Healthy: Grapefruit can interact with a number of medications, including many heart medicines. Be sure to check with your doctor or pharmacist it you take any medication. If necessary, omit the grapefruit. Instead use 1 15-ounce can mandarin orange segments, canned in water and drained, or 1 20-ounce can pineapple chunks packed in their own juice. Tip: It's best to wear disposable kitchen gloves when peeling and dicing raw beets. Or, peel beets under running water. Both will help you avoid having the beet juice stain your hands.",https://recipes.heart.org/en/recipes/roasted-beet-and-citrus-salad,AHA
Raspberry-Lemonade Slushie,"Beverages, Desserts, Snacks",Chill out when the weather’s warm and treat yourself to this frozen drink that’s a blend of seasonal fresh raspberries and fresh lemon juice.,,86,"12 ounces fresh raspberries (about 2 cups)
1 cup sugar substitute
1/2 cup fresh lemon juice
5 cups ice cubes","In a food processor or blender, process the raspberries, sugar substitute, and lemon juice until the raspberries are puréed.
Add the ice cubes. Process until the mixture is mostly smooth and has a slushie-like consistency. (It’s okay if there are a few ice chunks. Don’t overmix.)
Divide the slushie into cups. Serve immediately.","Servings 4 | Total Time 5 min | Quick Tips: Tip: Add Color Swap: You can vary this recipe by using blueberries and lime juice, mangos and pineapple juice, or strawberries and orange juice instead of the raspberries and lemon juice. Cooking Tip: If your blender is too small for the entire recipe, split the recipe into two batches, adding half the ingredients at a time.",https://recipes.heart.org/en/recipes/raspberry-lemonade-slushie,AHA
Red Lentils with Vegetables and Brown Rice,"One-Dish Meals, Main Dishes","This hearty, one-pot vegetarian meal is bursting with flavor and fiber.",,216,"1 tablespoon canola, corn, or olive oil
2 medium carrots, chopped
1 teaspoon jarred minced garlic OR
2 garlic cloves, minced
4 cups water
3 cups fat-free, low-sodium chicken or vegetable broth
1 (14.5-ounce ) can no-salt-added stewed tomatoes, undrained, large pieces coarsely chopped
1 cup uncooked red lentils, sorted for stones and rinsed
1 teaspoon dried basil
1 teaspoon dried oregano
3/4 teaspoon salt
1/8 teaspoon pepper
2 cups uncooked instant brown rice OR
2 cups uncooked quinoa","In a stockpot, heat the oil over medium-high heat. Cook the carrots and garlic for 2 minutes, stirring frequently.
Stir in the remaining ingredients except the brown rice. Increase the heat to high. Bring to a boil.
Reduce the heat and simmer, covered, for 30 minutes.
Stir in the rice. Cook, covered, for 12 to 15 minutes.",Servings 8 | Total Time 50 min,https://recipes.heart.org/en/recipes/red-lentils-with-vegetables-and-brown-rice,AHA
Sweet and Fiery Roasted Nuts,Snacks,Jazz up plain nuts with this sweet and spicy mixture for a warm coating of baked-on goodness.,,208,"2 teaspoons olive oil
1/2 teaspoon stevia sweetener OR
1 stevia sweetener packet
10 drops cinnamon-flavored liquid stevia sweetener
1/2 teaspoon ground cumin
1/8 teaspoon cayenne
1/3 cup walnut halves
1/3 cup pecan halves
1/3 cup almonds","Preheat the oven to 350°F.
In a small bowl, stir together the oil, stevia sweetener, liquid stevia sweetener, cumin, and cayenne. Add the walnuts, pecans, and almonds, stirring to coat.
Pour the nut mixture into an 8-inch square baking pan (no cooking spraying needed). Bake for 5 minutes. Remove the pan from the oven. Stir the nut mixture. Bake for 2 to 3 minutes, or until the nuts are golden brown. Transfer to a bowl. Let cool for 5 minutes. Serve warm or at room temperature.","Servings 4 | Total Time 12 min | Quick Tips: Tip: To dry-roast the nut mixture on the stovetop, cook the nuts in a nonstick skillet over medium heat, stirring occasionally, for 5 to 7 minutes, or until golden brown. Tip: Store the nuts in a covered container for up to 2 weeks. Tip: If you like spicier foods, increase the cayenne to your taste preference.",https://recipes.heart.org/en/recipes/sweet-and-fiery-roasted-nuts,AHA
Romano Baked Tomatoes,"Appetizers, Side Dishes, Snacks",This vegetarian dish will have you coming back for seconds with the tasty Italian seasoning and heart-healthy ingredients.,,57,"2 medium halved tomatoes, sliced in half horizontally
2 tablespoons grated, low-fat Romano cheese (can substitute low-fat Parmesan, Mozzarella or Ricotta)
1 tablespoon chopped fresh oregano, basil or parsley OR
1 teaspoon dried Italian seasoning
1/4 teaspoon pepper
1/4 teaspoon garlic powder
1 tablespoon extra virgin olive oil
fresh whole oregano, basil or parsley leaves for garnish (optional)","Preheat oven to 400 degrees. Place tomatoes cut side up on a baking sheet. Top with cheese, oregano/parsley/basil, pepper and garlic powder.
Drizzle oil equally over the tops and bake 20 minutes, until tomatoes are tender and cheese is lightly browned. Garnish with fresh herb leaves (optional).",Servings 4 | Total Time 25 min,https://recipes.heart.org/en/recipes/romano-baked-tomatoes,AHA
Raspberry Streusel Muffins,"Snacks, Breakfast","Whole grain sorghum is an excellent source of fiber and protein. Experience the mild, nutty flavor that whole grain sorghum flour brings to these muffins.",,167,"Cooking spray
1 1/2 cups whole grain sorghum flour
1 teaspoon ground cinnamon
3/4 teaspoon baking soda
3/4 cup low-fat buttermilk
1/3 cup firmly packed light brown sugar
3 large egg whites
1/4 cup canola or corn oil
2 teaspoons grated lemon peel (from 1 medium lemon)
1 teaspoon vanilla extract
1 cup fresh or frozen unsweetened raspberries (thawed if frozen)
2 tablespoons whole grain sorghum flour
2 tablespoons light brown sugar
2 tablespoons uncooked quick-cooking rolled oats
2 tablespoons chopped pecans
2 tablespoons light tub margarine
1/2 teaspoon ground cinnamon","Preheat the oven to 400˚F. Lightly spray a standard 12-cup muffin pan with cooking spray.
In a large bowl, stir together the sorghum flour, 1 teaspoon cinnamon and the baking soda.
In a medium bowl, whisk together the buttermilk, 1/3 cup brown sugar, egg whites, oil, lemon zest and vanilla. Stir into the flour mixture until the batter is just moistened but no flour is visible. (Don’t overmix; the batter may be slightly lumpy.) Spoon the batter into the muffin cups. Top each muffin with the raspberries.
In a small bowl, stir together the streusel ingredients until the texture of coarse crumbs. Sprinkle over the muffins, gently pushing into the batter. Bake for 16 minutes, or until a wooden toothpick inserted in the center comes out clean. (Do not overbake or they will be dry.) (The USDA recommends cooking egg dishes to 160˚F.)
Transfer the pan to a cooling rack. Let stand for 5 minutes. Carefully transfer the muffins to the rack. Let cool completely, about 20 minutes.",Servings 12 | Total Time 30 min,https://recipes.heart.org/en/recipes/raspberry-streusel-muffins,AHA
Red and Green Bell Pepper Bites,"Appetizers, Side Dishes","This quick and easy vegetarian appetizer is sweet, salty, smooth and crunchy!",,39,"1 medium green bell pepper
1 medium red bell pepper
1/4 cup unsalted sliced almonds
4 ounces fat-free or low-fat cream cheese, softened
1 teaspoon no-salt-added lemon pepper seasoning blend
1 teaspoon fresh lemon juice","Cut both peppers in half lengthwise. Discard the stems, ribs, and seeds. Cut each half into six pieces. Arrange the pieces with the skin side down on a decorative serving platter. Set aside.
In a medium skillet, dry-roast the almonds over medium heat for 3 to 4 minutes, or until golden brown, stirring occasionally. Transfer 1 tablespoon of the almonds to a small plate, reserving for garnishing. Process the remaining almonds in a food processor or blender for 15 to 20 seconds, or until finely ground.
In a medium mixing bowl, beat the cream cheese, lemon pepper seasoning blend, and lemon juice with an electric mixer for 1 to 2 minutes, or until creamy. Add the ground almonds and beat for 10 seconds, or until combined.
Spoon the mixture into a piping bag fitted with a wide star or round tip. Or snip the corner off a resealable plastic bag (a plastic freezer bag works well) and spoon in the mixture. Pipe about 1 teaspoon of the mixture on each bell pepper piece. Garnish with the reserved 1 tablespoon almonds.",Servings 8 | Total Time 20 min | Quick Tips: Cooking Tip: Flavorful toasted almonds and zesty lemon pepper contrast nicely with crisp bell pepper pieces in this festive appetizer.,https://recipes.heart.org/en/recipes/red-and-green-bell-pepper-bites,AHA
Raspberry-Mango Breakfast Parfaits,"Appetizers, Desserts, Snacks, Breakfast","For breakfast or dessert, this parfait makes delicious use of seasonal fruits. For information on women and heart disease, visit Go Red for Women.",,163,"2 cups fresh or frozen unsweetened raspberries, thawed if frozen
1 medium mango, diced
24 ounces fat-free plain yogurt
1 tablespoon sugar
1/2 teaspoon ground cinnamon","In each of four parfait glasses or wine goblets, spoon 2 tablespoons raspberries, 2 tablespoons mango, and a heaping 1/3 cup yogurt. Repeat the layers, using all the remaining yogurt.
In a food processor or blender, process the remaining raspberries and mango with the sugar and cinnamon until smooth. Spoon over each serving.",Servings 4 | Total Time 5 min,https://recipes.heart.org/en/recipes/raspberry-mango-breakfast-parfaits,AHA
Raspberry Chocolate Mini Macarons,"Snacks, Desserts","Our version of these French cookies gets their traditional nutty flavor from almond flour and their sweetness from stevia rather than sugar. The tart smooth filling is the perfect complement to the sweet, chewy cookies.",,192,"¼ cup stevia sugar blend
1 teaspoon cornstarch
3 egg whites
1/4 teaspoon cream of tartar
3/4 cup almond flour
2 tablespoons unsweetened cocoa powder
10 drops chocolate-flavored liquid stevia sweetener
1 cup raspberries (or) OR
1 cup unsweetened, frozen raspberries
1/2 cup fat-free plain Greek yogurt
½ teaspoon stevia sweetener or 1 packet stevia sweetener","Preheat the oven to 325˚F. Line a large baking sheet with parchment paper.
In a food processor, process the stevia sugar blend and cornstarch for 40 to 50 seconds, or until the mixture has a powdery texture (like confectioners’ sugar).
Place the egg whites in a medium bowl. With an electric or hand mixer on medium-high speed, beat the egg whites for 1 minute, or until frothy. Add the cream of tartar. Beat for 2 to 3 minutes, or until soft peaks form. Gradually add the stevia sugar blend mixture, beating for one minute, or until stiff peaks form (the peaks don’t fall when the beaters are lifted).
In a second medium bowl, sift together the flour and cocoa powder. Sift again. Pour the flour mixture into the egg whites. Add the liquid stevia sweetener. With a rubber spatula, gently fold the flour mixture into the egg whites, using about 30 strokes, or until no flour is visible.
Spoon the mixture into a piping bag fitted with a round tip (between ¼-inch and ½-inch wide), or if using a disposable piping bag, cut a ½-inch hole at the pointed tip. Pipe the batter on the parchment paper into 1-tablespoon round portions (about 1-inch in diameter), leaving 2 inches between each, piping a total of 20 macarons.
Lift the baking sheet about two inches from the counter and drop it. Repeat four times. (This will help release any air bubbles that may be in the batter.) Let stand at room temperature for 15 to 30 minutes (depending on the humidity of the room). The batter should form a thin skin and feel slightly tacky.
Bake for 25 to 30 minutes, or until the tops are set. Let the macarons cool thoroughly (about 1 hour).
Meanwhile, in a small bowl, mash the raspberries with a fork. Stir in the yogurt and stevia sweetener.
Once the macarons have cooled, place ten of them flat-side up on a cutting board or sheet of wax paper. Spread 1 tablespoon of the filling on each. Top with the remaining macarons.","Servings 5 | Total Time 50 min | Quick Tips: Cooking Tip: This fresh filling is moist, so it’s best to fill the macarons just before serving. Cooking Tip: You can download an online macaron template to use as a guide to space out the macarons. If you use a template, be sure to place it under the parchment paper.",https://recipes.heart.org/en/recipes/raspberry-chocolate-mini-macarons,AHA
"Roasted Carrots, Beets, and Red Onion Wedges","Salads, Side Dishes","This colorful side dish couldn't be easier to make. For information on women and heart disease, visit Go Red for Women.",,78,"Cooking spray
2 beets (about 5 ounces each), peeled, cut into 1/2-inch wedges, and patted dry with paper towels
3 small carrots (about 2 ounces each), cut crosswise into 2-inch pieces (not baby carrots)
1 medium red onion, cut into 12-inch wedges
2 teaspoons olive oil (extra virgin preferred)
1/2 teaspoon dried oregano, crumbled
1/8 teaspoon salt","Preheat the oven to 425°F. Line a large baking sheet with aluminum foil to keep it from getting stained. Lightly spray the foil with cooking spray.
Put the beets, carrots, and onion wedges on the foil. Drizzle the oil and sprinkle the oregano and salt over the vegetables, stirring gently to coat. Arrange the vegetables in a single layer so they don’t touch.
Roast for 15 minutes. Stir. Roast for 10 minutes, or until the vegetables are just tender when pierced with a fork.",Servings 4 | Total Time 30 min | Quick Tips: Cooking Tip: Avoid getting beet stains on your hands by peeling the beets under cold running water.,https://recipes.heart.org/en/recipes/roasted-carrots-beets-and-red-onion-wedges,AHA
Roasted Vegetables with Chipotle Ranch Sauce,Side Dishes,"These roasted vegetables are cooked in 30 minutes, half the time of most roasted root vegetables making this a great weeknight dinner option to pair with sautéed chicken breasts or pork chops. The warm heat of canned chipotle peppers adds a hit of spice to traditional ranch dressing.",,140,"1 teaspoon minced, canned chipotle pepper
1 teaspoon adobo sauce
1/4 cup low-fat buttermilk
1/4 cup fat-free sour cream
2 teaspoons dried chives
1/2 teaspoon Italian seasoning blend
1/8 teaspoon ground black pepper
1 small head of broccoli, cut into florets (about 4 cups of florets)
1 (8-ounce) container white button mushrooms, cleaned and cut into quarters
1 pint container grape tomatoes
4 cups diced zucchini (about 1 large zucchini)
1 small red onion, finely diced
1 tablespoon canola oil
1/8 teaspoon salt
1/4 teaspoon ground black pepper","From a can of chipotle peppers in adobo sauce, mince a part of 1 pepper to have 1 teaspoon. Add into a small bowl, along with 1 teaspoon of adobo sauce and the other ingredients: buttermilk, sour cream, chives, Italian seasoning, and black pepper.
Use a fork to combine ingredients together. Taste, adding more chipotle depending on taste.
When the vegetables are cooked, drizzle sauce over them. Serve.
Preheat the oven to 450 degrees F.
Onto a large foil-lined rimmed baking sheet (or two medium ones), add all the vegetables. Drizzle with oil, salt, and pepper; use a spatula to gently toss vegetables to coat.
Roast vegetables in oven until fully cooked, around 30 minutes, shaking the pan once midway through the cooking process.","Servings 4 | Total Time 45 min | Quick Tips: Cooking Tip: There will be a lot of leftover canned chipotle pepper. Consider pureeing the entire can and portion into a few Ziploc bags in the freezer to bring out when in need. Keep it Healthy: Low-fat buttermilk is a great tool in your healthy cooking toolkit. Add to mashed potatoes in place of regular milk for a low-fat and tangy addition. Tip: This chipotle ranch sauce doesn't just bring a wow factor to roasted veggies. It's also great with meat like chicken breasts, pork chops, or even fish like tilapia fillets.",https://recipes.heart.org/en/recipes/roasted-vegetables-with-chipotle-ranch-sauce,AHA
Rosemary Balsamic Roasted Vegetables,Side Dishes,"Roasting vegetables, like Brussels sprouts, cauliflower, carrots, turnips, etc. with a favorite herb like rosemary and a sweet hint of balsamic brings out the nutty flavors.",,98,"Cooking spray
1/2 pound Brussels sprouts, brown ends trimmed and cut in half
1/2 medium cauliflower, cut into florets
4 medium carrots, sliced
1/2 pound turnips, peeled, cut into 12 (1-inch) cubes
1/2 pound beets, peeled, cut into 12 (1-inch) cubes
1/3 pound sweet potatoes, peeled, cut into 12 (1-inch) cubes
3 tablespoons balsamic vinegar
3 teaspoons extra-virgin olive oil
2 teaspoons no-calorie sweetener (granulated)
2 to 3 tablespoons chopped fresh rosemary OR
2 to 3 teaspoons dried rosemary
2 garlic cloves, minced
1 teaspoon onion powder
1/2 teaspoon pepper
1/4 teaspoon salt","Preheat the oven to 375˚F.
Lightly spray 13 x 9 x 2-inch baking dish with cooking spray.
Place all the vegetables in a large bowl.
In a small bowl, whisk together the vinegar, oil, no-calorie sweetener, rosemary, garlic, onion powder, pepper and salt. Pour over the vegetable mixture, tossing to coat.
Pour the vegetable mixture into the baking dish. Bake for 30 to 35 minutes, stirring once, or until all the vegetables are tender when easily pierced with a fork.",Servings 8 | Total Time 35 min,https://recipes.heart.org/en/recipes/rosemary-balsamic-roasted-vegetables,AHA
Roman-Style Artichokes,"Appetizers, Main Dishes, One-Dish Meals, Side Dishes",This Italian-inspired dish pairs perfectly with risotto or pasta dishes. This recipe is reprinted with permission from American Heart Association Instant & Healthy cookbook.,,64,"2 whole artichokes
1/2 cup ry white wine (regular or nonalcoholic), fat-free low-sodium chicken broth, or water
1/2 cup water
2 tablespoons chopped fresh Italian (flat-leaf) parsley
2 garlic cloves, minced
1/2 teaspoon dried oregano, crumbled
1/4 teaspoon salt
1 tablespoon olive oil (extra virgin preferred)","Working with one artichoke at a time, peel off and discard the tough outer leaves. Trim 1 inch from the top. Discard. Trim off any fibrous parts. Discard. Halve each artichoke lengthwise. Using a spoon, scrape out the fuzzy choke portion. Discard.
Pour the wine and water into the pressure cooker. Place the steaming rack in the cooker. Arrange the artichoke halves with the cut side up on the rack.
In a small bowl, stir together the parsley, garlic, oregano, and salt. Sprinkle over the artichokes. Secure the lid. Cook on high pressure for 10 minutes. Quickly release the pressure.
Transfer the artichokes to a platter. Drizzle with the oil.",Servings 4 | Total Time 25 min,https://recipes.heart.org/en/recipes/roman-style-artichokes,AHA
Raspberry Basil Iced Tea,Beverages,Refresh with this simple and deliciously fruity tea.,,2,"8 cups unsweetened decaffeinated iced tea
2 1/2 cups raspberries, divided use
1/4 cup low-calorie sweetener
24 fresh basil leaves (or more), divided use
4 cup ice cubes (optional)","In a 2-quart water pitcher, gently stir together the tea, 2 cups raspberries, sweetener, and 8 basil leaves. Refrigerate for several hours or overnight.
To serve, using a slotted spoon, remove and discard the raspberries and basil leaves.
Garnish each glass with 1 tablespoon raspberries and 2 basil leaves (or more). Pour the infused tea into glasses over ice.",Servings 8 | Total Time 5 min,https://recipes.heart.org/en/recipes/raspberry-basil-iced-tea,AHA
Red Beans and Rice with Corn on the Cob,"Appetizers, Side Dishes, One-Dish Meals","Simple Cooking with Heart helps you whip up an authentic Southern favorite in your own kitchen. This classic dish is full of Cajun seasoning. Including prep time, it only takes 25 minutes!",,413,"4 large ears of corn, husks and silks discarded
Butter-flavor cooking spray
Pepper to taste (freshly ground preferred)
1 cup uncooked long-grain brown rice
2 teaspoons olive oil (extra virgin preferred)
1/2 slices white onion, thinly sliced OR
4 medium green onions, thinly sliced
4 garlic cloves, chopped OR
2 teaspoons jarred minced garlic
1 1/2 cups cooked red beans, cooked without salt, or 1 (15.5-ounce) can no-salt-added red beans, kidney beans, black beans, pinto beans, or black-eyed peas, drained and rinsed
1/2 teaspoon salt-free Creole or Cajun seasoning blend
1/4 teaspoon pepper (freshly ground preferred)","Bring a large pot of water to a boil over high heat. Cook the corn, covered, for 5 minutes. Drain and rinse under cold water.
Transfer the corn to a baking sheet. Gently pat dry with paper towels. Lightly spray the corn with cooking spray. Sprinkle with the pepper. Serve the corn with the red bean and rice mixture.
Prepare the rice using the package directions, omitting the salt and margarine.
Meanwhile, in a large skillet, heat the oil over medium heat, swirling to coat the bottom. Cook the onions for 2 minutes, or until soft, stirring occasionally. Stir in the garlic. Cook for 1 minute. Stir in the beans, seasoning blend, and pepper. Cook for 3 to 5 minutes, or until heated through, stirring occasionally.
Stir the rice into the bean mixture.",Servings 4 | Total Time 25 min,https://recipes.heart.org/en/recipes/red-beans-and-rice-with-corn-on-the-cob,AHA
Roasted Red Bell Pepper and Artichoke Tapenade,"Appetizers, Snacks","This ""tapenade"" can be a tasty appetizer or a healthy sandwich spread. For information on women and heart disease, visit Go Red for Women.",,30,"1 (12-ounce) jar roasted red bell peppers, drained and rinsed
1 (7-ounce) jar or frozen package of quartered artichoke hearts, drained and rinsed if jarred
2 ounces sliced button mushrooms (about 1/4 to 1/3 cup)
3 tablespoon chopped fresh basil OR
1 tablespoon dried basil, crumbled
2 to 3 tablespoons fresh lemon juice OR
2 to 3 tablespoons cider vinegar
2 tablespoons chopped red onion
2 garlic cloves, halved
2 tablespoons olive oil (extra virgin preferred)
1/4 teaspoon salt","In a food processor or blender, pulse the bell peppers, artichokes, mushrooms, basil, lemon juice, onion, and garlic until coarse. Pour the mixture into a medium bowl. Stir in the oil and salt until well blended.","Servings 14 | Total Time 5 min | Quick Tips: Keep it Healthy: Try this tapenade as a healthy sandwich spread. Cooking Tip: Serve the tapenade on unsalted melba toast rounds, which have little to no sodium. When buying crackers, bagel chips, or pita chips, look for the whole-grain varieties. Also, check the amount of sodium on the Nutrition Facts labels and choose the lowest sodium option available.",https://recipes.heart.org/en/recipes/roasted-red-bell-pepper-and-artichoke-tapenade,AHA
Roasted Root Vegetables with Tomatoes and Kale,Side Dishes,"The sweet caramelization of roasted vegetables get a hit of acidity from tomatoes and a touch of bitterness from kale. Baby kale is used in this recipe; if using regular kale, remove the stems or chop the stems very well to incorporate.",,245,"2 cups peeled and finely chopped carrots (about 6 to 7 medium)
2 cups peeled and finely chopped parsnips (about 3)
2 cups chopped turnips (about 1 1/3 medium)
2 tablespoons canola oil, divided use
1 head garlic
2 (5-ounce) containers baby kale
1 (14.5-ounce) can no-salt-added diced tomatoes
1/2 cup water
1/4 teaspoon salt
1/4 teaspoon ground black pepper","Preheat the oven to 450 degrees F.
Prepare the vegetables: peel and finely chop the carrots; peel and finely chop the parsnips; and chop the turnips.
Prepare a large rimmed baking sheet (or two medium ones) by lining it with foil and coating with cooking spray. Break the garlic head into cloves; leave garlic cloves unpeeled and add to a corner of the baking pan. Add all the vegetables to the remainder of the sheet. Drizzle vegetables with 1 tablespoon oil and use a spatula to gently toss vegetables to coat.
Roast vegetables in oven until soft and fully cooked, around 40 minutes, shaking the pan once midway through the cooking process. (Cooking time will vary depending on the size of the vegetable pieces.)
When the vegetables are out of the oven, prepare the tomato mixture. Warm remaining 1 tablespoon oil in a large Dutch oven over medium-high heat. Add half of 1 container of kale into the pot, stirring until wilted, 1 to 2 minutes. Repeat with remaining kale until all of it is wilted.
Stir in the diced tomatoes, water, salt, and pepper. Bring to a simmer and let the tomatoes warm; stir in the roasted vegetables.
Squeeze out the roasted garlic pulp from the garlic (make sure to use pot holders or paper towels if too hot), discarding any small cloves that blackened. Roughly chop the roasted garlic and stir into the tomato mixture. Let cook another minute or 2 before removing from heat to serve.","Servings 4 | Total Time 55 min | Quick Tips: Cooking Tip: Roasting vegetables can have a variety of different uses. They can be mixed into greens for a winter take on salad, stirred into scrambled eggs, or even puréed together to turn into a dip. Keep it Healthy: Rutabagas, celery root, and potatoes are other root vegetables that can be diced and used in the recipe, as long as the raw vegetables total 7 cups. Tip: Roasting a head of garlic mellows out the garlic flavor and is a great trick to add flavor to any dish.",https://recipes.heart.org/en/recipes/roasted-root-vegetables-with-tomatoes-and-kale,AHA
Quinoa and Asian Pear Salad - Delicious Decisions,"Main Dishes, Salads, Side Dishes, Snacks, One-Dish Meals","Crisp Asian pear, snow peas, and red bell pepper contrast with fluffy quinoa in this pecan-studded salad. The simple dressing, with a touch of lemon and toasted sesame oil, makes this an ideal accompaniment for grilled fish or chicken.",,198,"1 cup uncooked quinoa, drained and rinsed
4 ounces snow peas, trimmed (about 1 1/4 cups)
1 Asian pear, peeled, chopped into 1/2-inch pieces
1/4 cup diced eed bell pepper
1/4 cup dry-roasted chopped pecans
1 medium green onion, chopped (green part only)
1 teaspoon dry-roasted sesame seeds
2 tablespoons fresh lemon juice
1 tablespoon olive oil (extra virgin preferred)
1 teaspoon toasted sesame oil
1/4 teaspoon salt
1/4 teaspoon pepper","Prepare the quinoa using the package directions, omitting the salt. Transfer to a medium bowl. Fluff with a fork. Let cool.
Meanwhile, fill a small saucepan halfway with water. Bring to a boil over high heat. Cook the snow peas for about 45 seconds, or until bright green and tender-crisp. Drain in a colander. Plunge into a bowl of cold water to stop the cooking process. Drain well in a colander. Cut the snow peas into 1/2-inch pieces.
Stir the snow peas, pear, bell pepper, pecans, green onion, and sesame seeds into the quinoa.
In a small bowl, whisk together the remaining ingredients. Stir into the quinoa mixture, tossing gently to coat. Let stand for 15 minutes so the flavors blend. Serve at room temperature or cover and refrigerate for 1 hour to serve chilled.","Servings 6 | Total Time 35 min | Quick Tips: Cooking Tip: To prevent the Asian pear from browning, place the chopped pieces in cold water until you’re ready to use them. If Asian pears aren’t available, you can substitute a sweet eating apple, such as a Gala, or another crisp pear, such as a Bosc.",https://recipes.heart.org/en/recipes/quinoa-and-asian-pear-salad---delicious-decisions,AHA
Quick-Pickled Vegetable Sushi Rolls with Avocado,"One-Dish Meals, Main Dishes","Who says that making your own sushi rolls needs to be complicated? These rolls, filled with avocado and lightly pickled veggies, are both easy and nutritious—and perfect for an afternoon snack.",,213,"1 1/2 cups uncooked sushi rice
1 cup plain rice vinegar OR
1 cup white vinegar
1 tablespoon sugar
1/2 cup grated carrots
1/2 cup grated daikon radish
1 1/2 medium avocados, halved, pitted, thinly sliced
2 medium green onions, coarsely chopped
1/2 medium English, or hothouse, cucumber, cut into thin strips
4 sheets roasted nori
2 tablespoons soy sauce (lowest sodium available)","Prepare the sushi rice using the package directions.
Meanwhile, in a medium bowl, stir together the vinegar and sugar until the sugar is dissolved. Stir in the carrots and daikon. Let the vegetables stand for 15 to 30 minutes.
Transfer the vegetables to a colander. Drain well. Blot with paper towels to absorb the remaining liquid.
To make the sushi rolls, line a bamboo sushi mat with plastic wrap. (You can also use 3 or 4 sheets of aluminum foil.) Place 1 nori sheet on the bamboo mat. Spread 1 cup of rice over the sheet, leaving about 1/2 inch at the top. Next, arrange the avocado, green onions, and cucumber in a single layer on the rice. Top with 2 tablespoons of the quick-pickled vegetables. (Note that there will be pickled vegetables left over.) Lift the mat and roll up the nori sheet with its layers of rice and vegetables halfway, pressing down once. Continue rolling until the entire sheet is rolled up. Using a sharp, wet knife, cut the sushi into 6 pieces.
Repeat this process with the remaining 3 nori sheets (makes 24 sushi rolls total).
Serve with the soy sauce.","Servings 8 | Total Time 1 hr | Quick Tips: Cooking Tip: Can’t find daikon? Use jícama or red radishes — or even extra carrots — instead. Keep it Healthy: Enjoy soy sauce with your sushi? It’s a popular ingredient in Asian cuisine, but it packs a lot of sodium. Always shop for the lower sodium varieties. To consume less sodium, sprinkle just a few drops of soy sauce over the sushi rolls instead of flooding them. Tip: Make it kid-friendly by letting the kids use clean, wet hands to spread the rice over each nori sheet. They can also help arrange the fillings on the rice and even roll the sushi. Tip: Get creative by experimenting with different sushi fillings. Try crab meat and avocado or cooked mushrooms.",https://recipes.heart.org/en/recipes/quick-pickled-vegetable-sushi-rolls-with-avocado,AHA
Zucchini Noodle Greek Salad,"Side Dishes, Snacks",Grated zucchini subs for the noodles in this take on a Greek salad from Simple Cooking with Heart.,,90,"5 cups grated zucchini (from approximately 2 medium-large zucchini)
2 medium cucumbers, peeled and chopped (about 4 cups)
3 medium tomatoes, chopped (about 4 cups)
1/4 small red onion, thinly sliced
1/4 cup finely chopped pitted black olives (like Kalamata)
1/2 teaspoon dried oregano
1/8 teaspoon freshly ground black pepper
2 1/2 tablespoons red wine vinegar
2 tablespoons canola oil OR
2 tablespoons safflower oil
2 tablespoons reduced-fat feta cheese crumbles","Place a box grater into a large bowl and grate enough zucchini for 5 cups.
Prepare the remaining vegetables: Peel the cucumbers and chop into bite-size pieces; add to the bowl. Chop the tomatoes into bite-size pieces, slice the red onion, and finely chop the olives. Add everything into the bowl.
In a small bowl, add the dressing ingredients: dried oregano, black pepper, vinegar, and oil. Whisk together with a fork. Pour dressing onto the salad and use a spatula or tongs to toss to combine together.
Serve and sprinkle feta cheese on top of each salad portion.","Servings 6 | Total Time 15 min | Quick Tips: Tip: Serving size 1 2/3 cups Cooking Tip: Any food that is naturally salty, like olives and feta cheese in this recipe, bring enough sodium to a dish than extra salt isn’t needed. Keep it Healthy: A new delicious trend is substituting zucchini for noodles, called “zoodles.” For this salad, a grater is used to turn the zucchini into small pieces. If you enjoy this, consider investing in a spiralizer, which turns the zucchini into long noodles that can be used in place of pasta for recipes like spaghetti. Tip: When using a small quantity of olives like 1/3 cup, it’s cheaper to first look at your grocery store’s salad bar or even olive bar versus buying an entire jar. Compare the prices of both and choose the cheaper option.",https://recipes.heart.org/en/recipes/zucchini-noodle-greek-salad,AHA
Zucchini Salad,"Side Dishes, Salads","This Simple Cooking with Heart Zucchini Salad has a Greek slant to it as it includes lemon, olive oil, onion and low fat feta cheese -- all heart healthy staples found in the typical Greek diet!",,65,"Juice of 1 lemon
2 teaspoons extra-virgin olive oil
1 garlic clove, minced OR
1/2 teaspoon jarred minced garlic
1/4 teaspoon pepper
4 large zucchini, grated, spiralized, or cut into ribbons
1 tablespoon chopped fresh parsley OR
1 teaspoon dried parsley
2 tablespoons chopped fresh dill OR
2 teaspoons dried dill
2 tablespoons chopped red onion
1/4 cup crumbled low-fat or fat-free feta cheese
1/4 cup fat-free plain Greek yogurt (optional)","In a small bowl, whisk together the lemon juice, oil, garlic, and pepper.
In a medium bowl, stir together the zucchini, parsley, dill, onion, and feta. Fold in the yogurt.
Pour the dressing over the salad, tossing to coat.
Refrigerate, covered, at least 2 hours.",Servings 6 | Total Time 10 min | Quick Tips: Cooking Tip: Add the Greek yogurt if you prefer a creamy dressing.,https://recipes.heart.org/en/recipes/zucchini-salad,AHA
Yellow Squash Soup (Ogwissimanabo),"Main Dishes, One-Dish Meals, Soups",Simple Cooking with Heart brings you this great simple vegetable soup with a unique name -- Ogwissimanabo! This is a traditional Native American soup featuring yellow squash.,,30,"4 cups water
2 medium yellow squash, chopped
1 small onion, chopped
1/8 teaspoon salt
1 tablespoon honey
1 medium cucumber, peeled and thinly sliced
1/4 teaspoon garlic powder
1/2 teaspoon black pepper","In a medium pot, bring water to a boil.
Add squash, onion, salt, and honey.
Reduce heat to medium, cover, and simmer for 25 minutes.
Transfer the mixture to a bowl, add cucumbers and mash into a paste.
Return past to pot, add garlic and pepper and simmer over medium heat for 10-15 minutes.",Servings 4 | Total Time 45 min | Quick Tips: Tip: Engage the kids--mashing the squash mixture and cucumbers into a paste is a great way to get the kids involved--consider letting the mixture cool slightly before letting small children mash.,https://recipes.heart.org/en/recipes/yellow-squash-soup-ogwissimanabo,AHA
Zesty Avocado and Wild Blueberry Smoothie Bowl,"Main Dishes, Desserts, Snacks, Breakfast","Whip out your spoon and savor this smoothie in a bowl! Slices of avocado and tangerine are bright, beautiful, and healthy garnishes.",,152,"1 medium ripe avocado (about 8 ounces), peeled and halved, divided use
1 cup ice
3/4 cup unsweetened vanilla almond milk
3/4 cup frozen unsweetened wild blueberries, thawed, 1 tablespoon reserved for topping
1/2 cup plus 9 slices unpeeled English (seedless or hothouse) cucumber, divided use
2 tangerines, peels finely grated, then peeled and separated into segments
2 teaspoons finely grated peeled ginger
1 1/2 teaspoons chia seeds
2 tablespoons unsalted almond slices
8 small fresh basil leaves","In a food processor or high-speed blender, process half the avocado, ice, almond milk, blueberries, 1/2 cup cucumber slices, tangerine zest, gingerroot, and chia seeds for 2 minutes, or until the mixture is creamy.
Pour the smoothie into serving bowls.
Cut the remaining avocado half into thin slices. Arrange the slices in a fan shape on top of each smoothie bowl.
Decoratively arrange the tangerine segments, almonds, and the remaining cucumber slices around the avocado fan. Garnish with the basil.",Servings 4 | Total Time 5 min,https://recipes.heart.org/en/recipes/zesty-avocado-and-wild-blueberry-smoothie-bowl,AHA
White Bean Hummus Wraps with Avocado and Bell Pepper,"Main Dishes, One-Dish Meals",The silkiness of the white beans combined with the rich avocado and crunchy cucumbers and bell peppers make this Simple Cooking with Heart vegetarian recipe a winner of a lunch or dinner.,,345,"1 (15.5-ounce) can no-salt-added or low-sodium white beans (like cannellini), drained and rinsed
1 tablespoon lemon juice
3 tablespoons water
1/4 teaspoon ground, sweet paprika
1/4 teaspoon ground black pepper
1 medium tomato, thinly sliced
1 medium cucumber, thinly sliced
1 bell pepper, seeded, thinly sliced
1 avocado, peeled, pit removed, sliced
4 handfuls shredded lettuce
4 (10-inch) whole-grain, low-fat wraps","Drain and rinse the beans; add into the bowl of a food processor, along with remaining ingredients.
Puree until the mixture is smooth, about 1 minute.
Spread about 1/3 cup white bean hummus over each wrap, leaving about a 1/2-inch border around the edges. Divide vegetables onto each wrap, placing over the hummus-not all the vegetables will be used.
Fold each side of the wrap up and then roll. Cut in half, if desired. Serve wraps with any extra vegetables and dip that is leftover.","Servings 4 | Total Time 5 min | Quick Tips: Cooking Tip: Any type of beans can be magically turned into hummus. Just follow the instructions above using whatever bean you want – chickpeas, black bean, kidney beans, etc. Layer onto a wrap like in this recipe or use as a dip with veggies. Keep it Healthy: When choosing lettuce, remember than the darker the color of the greens, the more nutrients and vitamins packed into it. For example, Romaine lettuce is more nutritious than iceberg lettuce. Tip: Packing this for a work lunch? Place the wrap in foil for easy transport and make sure to drizzle a little lemon juice over the avocado slices to prevent browning.",https://recipes.heart.org/en/recipes/white-bean-hummus-wraps-with-avocado-and-bell-pepper,AHA
Valencia Orange Vanilla Frozen Yogurt,Desserts,"This dreamy, creamy citrus-based dessert is refreshing on a hot summer’s evening.",,80,"1 cup fat-free plain Greek yogurt
1 small banana, sliced
2 teaspoons grated orange peel, divided use
1 tablespoon fresh lemon juice
1/4 teaspoon grated fresh nutmeg or ground nutmeg, divided use
1 teaspoon stevia sweetener OR
2 stevia sweetener packets
5 drops vanilla crème-flavored liquid stevia sweetener
5 drops Valencia orange-flavored liquid stevia sweetener
2 small oranges, halved and squeezed (about 1/2 cup juice)","In a food processor or blender, process the yogurt, banana, 1 teaspoon orange zest, orange juice, lemon juice, and 1/8 teaspoon nutmeg for 1 to 2 minutes, or until smooth, scraping the sides as needed. Add the stevia sweetener and both flavors of the liquid stevia sweetener. Process the mixture for 30 seconds, or until all the ingredients are well blended.
Pour the mixture into an electric ice cream maker. Freeze according to the manufacturer’s directions. Or, put the mixture in a 1-quart bowl. Freeze, covered, for 4 to 6 hours, or until frozen, stirring every hour.
Garnish with the remaining 1 teaspoon orange zest and 1/8 teaspoon nutmeg.","Servings 4 | Total Time 10 min | Quick Tips: Tip: For an attractive presentation, scoop each serving of the frozen yogurt into an “orange bowl.” To do this, start by cutting off both ends of an orange. Using a spoon, separate the flesh from the rind. Remove the flesh from the orange rind. Using one of the cutoff ends, place it inside the orange rind to cover the hole in the bottom, providing a sturdy base and creating a bowl. Scoop the frozen mixture into the “bowl.” Garnish with grated orange zest and nutmeg. Squeeze the remaining flesh for orange juice.",https://recipes.heart.org/en/recipes/valencia-orange-vanilla-frozen-yogurt,AHA
White Bean and Quinoa Burgers with Avocado,"Main Dishes, One-Dish Meals","These burgers get protein from quinoa and beans without falling short on flavor. In fact, they’ll be your new weeknight staple and perfect for Meatless Mondays. Consider making a double batch so there’s extra to freeze. On a busy night, just remove them from the freezer and thaw them.",,343,"Cooking spray
1 (15.5-ounce) can no-salt-added cannellini beans, drained and rinsed
1 medium avocado, halved, and 1/2 avocado, cut into 5 slices, divided use
1 large egg
1 teaspoon garlic powder
1 teaspoon smoked paprika OR
1 teaspoon sweet paprika
1 teaspoon salt-free chili powder
1/2 teaspoon ground cumin
1/8 teaspoon pepper (freshly ground preferred)
1 cup cooked quinoa
1/4 cup fat-free or low-fat mayonnaise
1 1/2 teaspoons hot chili sauce (sriracha preferred)
5 whole-wheat hamburger buns (lowest sodium available)
2 medium tomatoes, sliced
10 lettuce leaves
10 slices red onion (optional)","Preheat the oven to 375°F. Line a baking sheet with aluminum foil. Lightly spray the foil with cooking spray.
Put the beans in a medium bowl. Using a potato masher, mash them well. Add one half of the whole avocado. Mash well. Add the egg, garlic powder, paprika, chili powder, cumin, and pepper, stirring well to combine.
Dice the remaining half of the whole avocado. Gently fold it and the quinoa into the bean mixture.
Using your hands, form the bean mixture into five patties. Place the patties on the baking sheet. Bake for 30 minutes, or until browned.
Meanwhile, in a small bowl, whisk together the mayonnaise and chili sauce.
Toast the buns.
Place the burger patties on the bottom buns. Spread the patties with the mayo mixture. Top with, in order, the tomato slices, lettuce, onion slices, and the remaining avocado slices. Put the top buns on the burgers.","Servings 5 | Total Time 40 min | Quick Tips: Cooking Tip: One cup of uncooked quinoa will make 4 cups of cooked quinoa. Use the remaining 3 cups of cooked quinoa for a side dish or freeze it in 1-cup portions to use when you make this recipe again. Keep it Healthy: Try to have a meatless meal at least once a week. It’s not only easier on the wallet, it’s also healthier. Tip: In a hurry? You can cook these quinoa burgers on the stovetop. In a large nonstick skillet, heat 2 tablespoons canola or corn oil over medium-high heat, swirling to coat the bottom. Cook the patties for 3 to 4 minutes on each side, or until browned. (The burgers tend to be more fragile when cooked on the stovetop, so baking them is preferred.)",https://recipes.heart.org/en/recipes/white-bean-and-quinoa-burger-with-avocado,AHA
Vegetable Migas,"Main Dishes, Breakfast","A Tex-Mex dish that can be served for any meal, migas are corn tortilla strips that are gently fried and then stirred into scrambled eggs. This twist on a classic has a colorful array of vegetables.",,136,"3 extra-large egg whites
2 extra-large eggs
1/4 cup water
1/8 teaspoon pepper (freshly ground preferred)
1/16 teaspoon salt (a pinch)
3 teaspoons canola or corn oil, divided use
1 small red onion, finely chopped
1 medium red bell pepper, finely chopped
1/2 cup grated carrots
1/2 cup grated zucchini
1/2 cup finely chopped tomatoes
1/4 cup finely chopped green onions
1 medium fresh jalapeño, seeds and ribs discarded, finely chopped
3 (6-inch) corn tortillas, cut into 1-inch strips
2 tablespoons salsa (lowest sodium available)","In a small bowl, using a fork, whisk together the egg whites, eggs, water, pepper, and salt. Set aside.
In a medium skillet, heat 1 teaspoon oil over medium-high heat, swirling to coat the bottom. Cook the red onion, bell pepper, carrot, and zucchini for 4 to 5 minutes, stirring frequently. Stir in the tomatoes, green onions, and jalapeño. Cook for 1 to 2 minutes. Transfer the mixture to a plate.
In the same skillet, still over medium-high heat, heat the remaining 2 teaspoons oil, swirling to coat the bottom. Cook the tortilla strips for 3 to 4 minutes, or until golden, stirring constantly. Stir in the salsa. Cook for 1 minute. Stir in the egg mixture. Cook for 2 minutes, or until the eggs are set, stirring constantly. Remove from the heat.
Stir in the vegetable mixture.","Servings 4 | Total Time 25 min | Quick Tips: Cooking Tip: To easily grate vegetables, use a box grater or the grater attachment on a food processor. You can also use a spiralizer or a peeler and then chop the zucchini into smaller pieces. Keep it Healthy: Serve with a side of no-salt-added black beans. Tip: If you don't have the vegetables listed on hand, swap in the same amount of others, such as sliced mushrooms, chopped asparagus, or leftover roasted potatoes or sweet potatoes.",https://recipes.heart.org/en/recipes/vegetable-migas,AHA
White Bean and Tomato Bruschetta Salad,"Appetizers, One-Dish Meals, Side Dishes, Salads",Simple Cooking with Heart shows you how to take an Italian bread topping and turn it into a salad with this delicious bean and vegetable recipe!,,123,"2 small tomatoes, diced OR
1 (14.5-ounce) can no-salt-added diced tomatoes, drained and rinsed
1 fresh garlic clove, minced OR
1 teaspoon jarred minced garlic
1 green onion, chopped (green part only)
1/2 (15.5-ounce) can low-sodium white beans (such as Cannellini beans), drained and rinsed
2 tablespoons chopped fresh basil OR
1 teaspoon dried basil
1 tablespoon balsamic vinegar
2 teaspoons extra virgin olive oil
1/8 teaspoon black pepper to taste
1/4 cup low-moisture, part-skim, shredded mozzarella
4 cups mixed greens or arugula","Combine all ingredients except salad greens and marinate 5-10 minutes.
Toss with salad greens. Serve chilled.",Servings 4 | Total Time 10 min,https://recipes.heart.org/en/recipes/white-bean-and-tomato-bruschetta-salad,AHA
Vegetable and Goat Cheese Phyllo Pie,"Main Dishes, One-Dish Meals, Side Dishes","Try this satisfying vegetable pie as a vegetarian main course or a side dish for your favorite meal. For information on women and heart disease, visit Go Red for Women.",,230,"Cooking spray
1 tablespoon olive oil (extra virgin preferred)
4 to 5 medium green onions, chopped (about 1 cup)
2 medium zucchini, thinly sliced
1 (10-ounce) package frozen chopped spinach, thawed, squeezed dry
1/4 cup chopped fresh parsley
2 tablespoons chopped fresh mint
2 garlic cloves, minced
1 cup fat-free evaporated milk
1/2 cup egg substitute
1/4 teaspoon pepper
1/8 teaspoon ground nutmeg
6 phyllo dough sheets (each 14 x 9 inches), thawed
1 1/2 ounces soft goat cheese","Preheat the oven to 375°F. Lightly spray a 9-inch pie pan with cooking spray. Set aside.
In a large nonstick skillet, heat the oil over medium heat, swirling to coat the bottom. Cook the green onions for 2 minutes, or until softened, stirring frequently.
Stir in the zucchini. Cook for 4 minutes, or until beginning to brown, stirring frequently.
Stir in the spinach, parsley, mint, and garlic. Cook for 2 minutes, stirring frequently.
In a small bowl, whisk together the evaporated milk, egg substitute, pepper, and nutmeg. Set aside.
Working quickly and keeping the unused phyllo covered with damp paper towels to prevent drying, place one sheet of phyllo in the pie pan, gently pressing on the bottom and side of the pan, letting the ends overhang the pan. Repeat with the remaining phyllo, placing the sheets in a crisscross pattern.
Spoon the green onion mixture over the phyllo. Pour in the milk mixture, swirling if needed to cover the surface. Dot with the cheese.
Fold the ends of the phyllo toward the center of the pan, leaving a circle of the filling showing. Lightly spray the phyllo with cooking spray. Gently press the phyllo on the filling so the phyllo will hold its shape.
Bake for 30 to 40 minutes, or until golden. Transfer to a cooling rack and let cool for 15 minutes. Cut into wedges. Serve warm.",Servings 4 | Total Time 1 hr | Quick Tips: Tip: Serving size 1 wedge,https://recipes.heart.org/en/recipes/vegetable-and-goat-cheese-phyllo-pie,AHA
"Warm Millet, Mushroom, and Spinach Salad","Salads, Side Dishes",Adding a whole grain to a green salad is unexpected but so delicious as it soaks up a fresh citrus vinaigrette.,,212,"3/4 cup uncooked millet OR
3/4 cup uncooked barley
2 tablespoons 100 Percent orange juice
1 1/2 tablespoons fresh lemon juice
1 1/2 tablespoons canola, corn, or olive oil, divided use
1/4 teaspoon salt
Pepper to taste
8 ounces button mushrooms, thinly sliced
1 teaspoon jarred minced garlic OR
2 garlic cloves, chopped
1 (6-ounce) package baby spinach (about 4 cups)","Prepare the millet using the package directions, omitting the salt. Transfer to a bowl. Fluff with a fork.
Meanwhile, in a small bowl, whisk together both juices, 1 tablespoon oil, the salt, and pepper. Set aside.
In a large nonstick skillet, heat the remaining 1 1/2 teaspoons oil over medium-high heat.
Cook the mushrooms for 5 minutes, stirring occasionally.
Stir in the garlic. Cook for 5 minutes, stirring frequently. Remove from the heat.
Stir in the spinach. Transfer to a large bowl. Stir in the millet.
Pour in the dressing. Toss to coat. Let stand for at least 10 minutes.",Servings 4 | Total Time 20 min,https://recipes.heart.org/en/recipes/warm-millet-mushroom-and-spinach-salad,AHA
Whole Wheat Pancakes with Strawberries,"Main Dishes, One-Dish Meals, Breakfast","These whole wheat pancakes are light, fluffy and delicious!",,120,"Cooking spray
2/3 cup whole-wheat flour
1/4 cup oats
1 teaspoon baking powder
2/3 cup fat-free milk
1 large egg lightly beaten
2 teaspoons canola oil
3 hulled, sliced strawberries","In a large bowl, combine flour, oats and baking powder; mix well. In a medium bowl combine milk, egg and oil; blend well.
Add dry ingredients all at once; stir just until dry ingredients are moistened.
Coat skillet with spray and heat to medium high. For each pancake, spoon 1/4 cup of batter into skillet.
Flip with batter bubbles and edges begin to set. Remove from heat and top with the strawberries.",Servings 6 | Total Time 15 min,https://recipes.heart.org/en/recipes/whole-wheat-pancakes-with-strawberries,AHA
Whole-Wheat Cranberry Muffins,"Snacks, Breakfast","Get some fiber with these tasty muffins. Great as a breakfast or a quick snack on the go. For information on women and heart disease, visit Go Red for Women.",,143,"Cooking spray (optional)
3/4 cup uncooked, quick-cooking oatmeal
1/2 cup whole-wheat flour
1/2 cup all-purpose flour
1/2 cup firmly packed light brown sugar
1/2 cup dried unsweetened cranberries
1/4 cup toasted wheat germ
2 teaspoons baking powder
1/4 teaspoon baking soda
3/4 cup 100 Percent pineapple juice
Egg substitute equivalent to 1 egg
1 tablespoon canola oil OR
1 tablespoon corn oil
2 tablespoons unsalted sunflower seeds","Preheat the oven to 400°F. Lightly spray a 12-cup muffin pan with cooking spray or put paper muffin cups in the pan.
In a medium bowl, stir together the oatmeal, flours, brown sugar, cranberries, wheat germ, baking powder, and baking soda. Make a well in the center. Pour the pineapple juice, egg substitute, and oil into the well, stirring until just moistened. Do not overmix; the batter should be slightly lumpy. Spoon the batter evenly into the muffin cups. Sprinkle with the sunflower seeds.
Bake for 11 to 12 minutes, or until a wooden toothpick inserted in the center of a muffin comes out clean. These muffins don’t need a cooling time before removing from the pan.",Servings 12 | Total Time 20 min | Quick Tips: Tip: Serving size 1 muffin,https://recipes.heart.org/en/recipes/whole-wheat-cranberry-muffins,AHA
Tropical Fruit Smoothie Bowl,"Desserts, Snacks, Main Dishes, Breakfast","You’ll snack on this smoothie with a spoon rather than a straw. This version lets you enjoy the texture of the blended fruit and the whole fruit. The bowl gets topped with sweet, crunchy goodness, too!",,134,"1 cup fat-free plain yogurt
1 small banana, sliced crosswise, divided use
1/2 cup chopped fresh or frozen papaya, divided use
1/2 cup chopped fresh or frozen mango, divided use
1/2 cup chopped fresh or frozen pineapple, divided use
1/2 teaspoon stevia sweetener or 1 packet stevia sweetener
1 squeeze coconut-flavored liquid stevia sweetener
1 squeeze tropical punch-flavored stevia water enhancer
1 tablespoon chopped fresh mint
1/4 cup dry-roasted chopped pecans
4 sprigs fresh mint leaves","In a food processor or blender, process the yogurt, 1/2 of the banana slices, ¼ cup of the papaya, ¼ cup of the mango, ¼ cup of the pineapple, the stevia sweetener, and liquid stevia sweetener in the order listed, for 1 to 2 minutes, scraping the sides as needed. Pour or spoon the mixture into four small serving bowls.
In a separate small bowl, stir together the stevia water enhancer, chopped mint, and remaining banana, papaya, mango, and pineapple. Spoon about ¼ cup of the fruit mixture on top of the yogurt mixture in each bowl. Top with 1 tablespoon pecans. Garnish each bowl with a sprig of mint.","Servings 4 | Total Time 5 min | Quick Tips: Cooking Tip: To freeze fresh papaya, remove the peel from the papaya with a vegetable peeler. Cut the papaya in half lengthwise. Using a spoon, scrape out the seeds. Slice the halves of papaya into 1-inch lengthwise slices. Cut the slices crosswise into 1-inch cubes. Place the papaya cubes on a cookie sheet. Freeze for 2 hours, or until frozen. Transfer the papaya to a resealable plastic bag or a covered plastic freezer container. Freeze for up to two months.",https://recipes.heart.org/en/recipes/tropical-fruit-smoothie-bowl,AHA
Tropical Green Smoothie,"Beverages, Desserts, Main Dishes, One-Dish Meals, Snacks, Breakfast","This sweet, delicious smoothie includes both fruit and vegetables.",,168,"2 handfuls spinach
1 cup coconut water
1 tablespoon flax seeds
1 teaspoon honey
1 medium orange
3/4 cup frozen mango chunks
1/2 medium banana
2 cups ice","In a food processor or blender, process the spinach, water, and honey until blended.
Add the orange, mango, and banana. Process until smooth.
Add the ice, 1/4 cup at a time, until the desired consistency.",Servings 2 | Total Time 5 min,https://recipes.heart.org/en/recipes/tropical-green-smoothie,AHA
Texas Caviar,"Side Dishes, One-Dish Meals",This recipe is a classic and traditional Southern-American black-eyed pea salad that's full of flavor and fresh vegetables.,,150,"2 (15 to 15.5-ounce) cans reduced-sodium black-eyed peas, drained and rinsed
2 green onions, thinly sliced (green part only)
1 ear of corn, cut off cob OR
1 cup fresh or frozen corn, thawed
1 small bell pepper, yellow or red, seeded, stems discarded, diced
1/2 cup chopped fresh cilantro
3 fresh jalapeño peppers, seeded, diced
2 cups diced tomatoes OR
1 (14.5-ounce) can no-salt-added diced tomatoes
3 fresh garlic cloves, minced OR
3 teaspoons jarred minced garlic
2 tablespoons extra virgin olive oil
2 tablespoons lime juice
1/2 teaspoon grated lime peel
1 teaspoon ground cumin
1/8 teaspoon salt
fresh ground black pepper, to taste","In a medium bowl, combine the black-eyed peas, green onions, corn, bell pepper, cilantro, jalapenos, tomatoes, and garlic.
In a separate bowl whisk together the olive oil, lime juice, zest, and cumin. Pour over vegetables, add salt and pepper and toss together until vegetables are coated completely oil blend. Best if chilled for 2-3 hours.
Serve as a side dish or with whole grain pita chips.",Servings 8 | Total Time 20 min,https://recipes.heart.org/en/recipes/texas-caviar,AHA
Tomato Basil Soup,Soups,"For just a little longer than it takes to bring a can of tomato soup to a boil, whip up this tomato soup that is much lower in sodium—and much tastier too. The addition of fresh basil bumps the flavor of this soup up a notch.",,79,"3 (14.5-ounce) cans no-salt-added diced tomatoes
2 cups fat-free milk
1/2 teaspoon garlic powder
1/2 teaspoon pepper
1/8 teaspoon salt
1 1/2 cups fresh basil leaves, coarsely chopped, plus 2 tablespoons minced fresh basil leaves, divided use
1/2 teaspoon baking soda","In a medium saucepan, stir together the tomatoes, milk, garlic powder, pepper, and salt.
Bring to a boil over high heat. Reduce the heat to low. Simmer for 15 minutes. Stir in the 1 1/2 cups basil leaves. Cook for 5 minutes.
Remove the pan from the heat. Stir in the baking soda (which will make the soup foam for a minute). Using a handheld immersion blender, carefully puree the mixture until smooth. Alternatively, carefully pour the mixture into a food processor or blender, venting the lid to allow steam to escape. Working in batches, puree the soup. Ladle into bowls. Sprinkle each with 1 teaspoon minced basil.","Servings 6 | Total Time 30 min | Quick Tips: Cooking Tip: Don’t have fresh basil? Stir in 2 teaspoons dried basil when you add the garlic powder. Keep it Healthy: Many canned tomatoes are packed with extra sodium, so be sure to look for the no-salt-added variety. Tip: Stirring in a touch of baking soda once the soup is off the heat helps reduce the acidity from the tomatoes — a small step that makes a big impact on the soup’s flavor.",https://recipes.heart.org/en/recipes/tomato-basil-soup,AHA
Tuscan Bean Soup,"Main Dishes, Side Dishes, Soups","Healthy greens and beans add a flavorful punch to this easy soup recipe. For information on women and heart disease, visit Go Red for Women.",,100,"1 teaspoon olive oil (extra virgin preferred)
1/2 small red onion, chopped
1 medium rib of celery, chopped
1 garlic clove, minced
2 cups fat-free low-sodium chicken broth
1 (15.5-ounce) can no-salt-added Great Northern beans, drained and rinsed
1 (14.5-ounce) can no-salt-added diced tomatoes, undrained
1 teaspoon dried oregano, crumbled
1/2 teaspoon dried thyme, crumbled
1/4 teaspoon crushed red pepper flakes
2 cups spinach
1/3 cup grated Parmesan cheese","In a large saucepan or Dutch oven, heat the oil over medium heat, swirling to coat the bottom. Cook the onion, celery, and garlic for 4 to 5 minutes, or until the onion and celery are soft.
Stir in the broth, beans, tomatoes with liquid, oregano, thyme, and red pepper flakes. Increase the heat to medium high and bring to a simmer, stirring occasionally. Reduce the heat and simmer, covered, for 20 minutes so the flavors blend.
Stir in the spinach. Simmer, covered, for 2 to 3 minutes, or until the spinach is wilted.
Just before serving, sprinkle the soup with the Parmesan.",Servings 6 | Total Time 40 min,https://recipes.heart.org/en/recipes/tuscan-bean-soup,AHA
Tomato & Ricotta Toast,"Appetizers, Snacks, Breakfast","Have you heard? Toast is trending, and it’s not just for breakfast anymore! Shake up your breakfast routine with this easy Simple Cooking with Heart toast recipe or devour as an afternoon snack. For any leftover ricotta cheese in the container, consider smearing it over tomato slices. Top with breadcrumbs and broil for a couple minutes.",,127,"1 cup fat-free ricotta cheese
2 tablespoons chopped green onions, chives, or red onion
3/4 teaspoon dried Italian seasoning, crumbled
1/8 teaspoon pepper (freshly ground preferred)
4 slices whole-grain or whole-wheat bread , toasted (lowest sodium available)
2 to 3 medium tomatoes, thickly sliced","In a small bowl, using a spoon or spatula, stir together the ricotta cheese, green onions, Italian seasoning, and pepper.
Spread 1/4 cup of the ricotta mixture over each slice of toast. Top with the tomato slices.","Servings 4 | Total Time 5 min | Quick Tips: Tip: Prefer to turn this toast into a hot open-face sandwich for lunch? Simply place the toast on a baking sheet lined with aluminum foil and pop it under the broiler for 1 to 2 minutes, or until the ricotta cheese is melted.",https://recipes.heart.org/en/recipes/tomato--ricotta-toast,AHA
Trail Mix with Cocoa-Dusted Almonds - Delicious Decisions,"Appetizers, Desserts, Snacks",Need an energy boost before your workout? Just grab a handful of this sweet-and-crunchy fuel on your way to the gym or soccer practice.,,166,"2 tablespoons unsweetened cocoa powder
2 teaspoons brown sugar
1/2 cup whole almonds
1 teaspoon honey
1/2 teaspoon vanilla extract
1/2 cup dried apricots, quartered
1/2 cup dates, halved
1/2 cup dry-roasted unsalted walnut halves
1/2 cup dry-roasted unsalted peanuts
1/4 cup dry-roasted unsalted sunflower seeds
1/4 cup raisins","In a small bowl, stir together the cocoa powder and brown sugar. In a small skillet, heat the almonds, honey, and vanilla over very low heat for 1 to 2 minutes, or until the honey has melted and the almonds are sticky, stirring constantly. Add the almonds to the cocoa powder mixture, stirring to coat well. Pour the almonds into a fine-mesh sieve, shaking gently to remove the excess coating.
In a large bowl, stir together the almonds and the remaining ingredients. Transfer to a tightly covered container. Store in a cool, dry place at room temperature for up to one week.","Servings 12 | Total Time 10 min | Quick Tips: Cooking Tip: To dry-roast a large amount of nuts or seeds at one time, place them in a shallow baking dish. Roast them at 350°F for 10 to 15 minutes, stirring occasionally. You can freeze them in an airtight container or resealable plastic freezer bag so they can be ready at a moment’s notice. You don’t even need to thaw them before using them.",https://recipes.heart.org/en/recipes/trail-mix-with-cocoa-dusted-almonds---delicious-decisions,AHA
Triple Berry Protein Smoothie,"Beverages, Breakfast",This trio of berry flavors with a hint of nuttiness will brighten your day. It’s a super simple shake to make and chock full of powerhouse nutrients.,,78,"1 cup unsweetened almond milk
1/2 cup fat-free plain Greek yogurt
1 teaspoon stevia sweetener OR
2 stevia sweetener packets
1 squeeze mixed berry-flavored stevia water enhancer
1/4 cup fresh or frozen unsweetened blueberries
1/4 cup fresh or frozen unsweetened raspberries
1/4 cup fresh or frozen unsweetened strawberries","In a food processor or blender, process all the ingredients for 1 to 2 minutes, or until the desired texture. Pour into glasses.",Servings 2 | Total Time 5 min | Quick Tips: Tip: You can substitute 3 ounces (3/4 cup) of a frozen berry mix in place of the three types of berries.,https://recipes.heart.org/en/recipes/triple-berry-protein-smoothie,AHA
Three Sisters Soup,"Main Dishes, One-Dish Meals, Soups","Simple Cooking with Heart brings you this interesting vegetable and bean soup called Three Sisters Soup. This is actually a Native American recipe and the three ""sisters"" refer to corn, beans and squash!",,145,"6 cups fat-free low-sodium chicken broth or vegetable broth
1 (15.25-ounce) can no-salt-added whole-kernel corn, drained and rinsed
1 (15.25-ounce) can no-salt-added kidney beans, drained and rinsed
1 small onion, chopped
1 rib of celery, chopped
1 (15-ounce) can solid-pack pumpkin (not pie filling)
5 medium fresh sage leaves OR
1/2 teaspoon dried sage
1/2 teaspoon curry powder","Pour the broth into a large stockpot. Bring to a boil over medium-high heat.
Stir in the corn, beans, onion, and celery. Boil, still over medium-high heat, for 10 minutes.
Stir in the pumpkin, sage, and curry. Reduce the heat and simmer on medium-low heat for 20 minutes.",Servings 6 | Total Time 30 min,https://recipes.heart.org/en/recipes/three-sisters-soup,AHA
Tomatillo and Chile Pepper Salsa Salad - Delicious Decisions,"Main Dishes, Salads, Side Dishes","Try this fresh-tasting, crunchy salsa-style salad with fajitas or grilled chicken or pork. You’ll be surprised at how such a little bit of cheese adds such a big flavor change.",,48,"1 cup finely chopped peeled cucumber
3 ounces tomatillos, finely chopped (about 2 to 3 medium)
1 1/2 ounces reduced-fat Monterey Jack or mozzarella cheese, cut into 1/4 cubes
1 medium Anaheim pepper, seeded, ribs discarded, finely chopped
1/4 cup snipped, fresh cilantro
2 tablespoons finely chopped green onions, green and white parts
3 to 4 teaspoons fresh lime juice
1/8 teaspoon salt","In a medium bowl, combine all the ingredients. Let stand for 10 minutes to allow the flavors to blend. Serve immediately or cover and refrigerate for up to 2 hours.","Servings 4 | Total Time 10 min | Quick Tips: Tip: Serving size 1/2 cup Tip: Rich in vitamin A and a good source of vitamin C, tomatillos resemble small green tomatoes with thin, parchment-like coverings. They have a green tomato/lemon-herb-apple taste. When selecting tomatillos, choose firm ones and pull back the papery skin to make sure there are no blemishes or bruises. Tomatillos are available in the produce section of major supermarkets and in Hispanic markets.",https://recipes.heart.org/en/recipes/tomatillo-and-chile-pepper-salsa-salad---delicious-decisions,AHA
Strawberry-Lemonade Italian Ice,Beverages,"This fruit-centric, healthy dessert is a great frozen treat that can be made without the use of an ice cream machine.",,54,"3 tablespoons fresh lemon juice
2 tablespoons sugar
1 1/2 pounds ripe strawberries, hulled and halved
5 cups ice","In a small bowl, whisk together the lemon juice and sugar until the sugar is almost dissolved.
In a food processor or blender, process the strawberries and the lemon juice mixture until the strawberries are pureed.
Add the ice. Process until the mixture is completely smooth.
Pour into a 13 X 9 X 2-inch baking dish. Freeze for 30 minutes. Using a spoon, scrape along the edge of the dish, pushing the outer frozen chunks into the middle of the dish. Using the back of the spoon, spread the ice into an even layer. Freeze for 30 minutes. Repeat the scraping process. Freeze for 1 hour.
Using a spoon, scoop the ice into serving cups.","Servings 6 | Total Time 5 min | Quick Tips: Cooking Tip: For variety, substitute the strawberries with other fruits, such as mango, peaches, or pineapple. Keep it Healthy: The riper and sweeter the strawberries are, the less sugar will be needed. Before whisking the lemon juice and sugar together, taste a strawberry to determine its sweetness. If it's super sweet, you can decrease the amount of sugar called for in the recipe. Tip: To store leftovers, spoon the Italian ice into a large resealable bag. Place the bag flat in the freezer. To eat, let the Italian ice thaw on the countertop for at least 15 minutes. Using a spoon, break up the Italian ice into bite-size chunks.",https://recipes.heart.org/en/recipes/strawberry-lemonade-italian-ice,AHA
Simplest Squash Salad,"Appetizers, Salads, Side Dishes, Snacks",This simple salad will have you coming back for seconds with its tasty heart-healthy ingredients.,,54,"1 pound yellow squash or zucchini, or mix of both (about 4 small)
1 tablespoon extra virgin olive oil
1 tablespoon fresh lemon juice (if available), if needed
1/4 teaspoon pepper
1/4 teaspoon garlic or onion powder
1 tablespoon chopped fresh parsley OR
1 teaspoon dried parsley
1 tablespoon grated fat-free Parmesan cheese","Slice the squash into extremely thin slices (you can use a vegetable peeler to make ribbons, use a mandolin to make thin slices or julienne with a knife). Set aside in a medium bowl.
In a small bowl, combine oil, lemon juice, pepper, garlic or onion powder, and parsley and whisk thoroughly. Whisk in Parmesan. Add to squash and toss to coat. Let stand 10 minutes and serve.",Servings 4 | Total Time 15 min,https://recipes.heart.org/en/recipes/simplest-squash-salad,AHA
How to Make Cauliflower Pizza Crust (Recipe and Video),Main Dishes,"Cauliflower will become your new favorite vegetable as it is used to create a pizza crust brimming with more fiber and nutrients than dough. With this creation or any of the other ideas in the tips, pizza is turned from an indulgence into a healthy option.",,190,"Cooking spray
1 large head cauliflower, coarsely chopped
4 large egg whites
1/4 cup shredded fat-free mozzarella cheese
1/4 cup shredded or grated reduced-fat Parmesan cheese
1/4 teaspoon garlic powder
1/4 teaspoon pepper (freshly ground preferred)
1/2 to 1 cup no-salt-added tomato puree
1 teaspoon dried basil, crumbled
1 teaspoon dried oregano, crumbled
1/2 teaspoon garlic powder
2 teaspoons canola oil OR
2 teaspoons corn oil
2 cups chopped button mushrooms
1 cup chopped zucchini
1 cup chopped red or green bell pepper
1/2 cup finely chopped red onion
1/4 cup basil leaves, coarsely torn","Preheat the oven to 450˚F. Line a baking sheet with parchment paper. Lightly spray with cooking spray.
Working in batches, put the cauliflower in a food processor. Pulse until the mixture resembles couscous. (The key to achieving the desired consistency is not overloading the food processor.) Measure out 4 cups of the processed cauliflower. Transfer it to a medium bowl. Stir in the egg whites, 1/4 cup mozzarella, the Parmesan, 1/4 teaspoon garlic powder, and the pepper until combined.
Using your hands, spread the mixture on the baking sheet, forming an oval or circle. Bake the crust for 30 minutes, or until the edges are completely golden brown. Remove from the oven.
Reduce the oven temperature to 425°F.
In a small bowl, whisk together the sauce ingredients. Set aside.
In a medium nonstick saucepan, heat the oil over medium-high heat, swirling to coat the botom. Cook the mushrooms, zucchini, bell peppers, and onion for 5 to 7 minutes, or until the mushrooms and onion are soft and the zucchini and bell peppers are tender, stirring constantly.
Using the back of a spoon, spread the sauce over the crust. Top with, in order: the basil leaves and the cooked vegetables. Sprinkle with the remaining 1/4 cup mozzarella. Bake for 5 to 7 minutes, or until the mozzarella has melted.
Remove from the oven. Using a large spatula, carefully lift the pizza off the parchment paper. Transfer to a large cutting board. Cut the pizza into eight slices.","Servings 4 | Total Time 45 min | Quick Tips: Cooking Tip: For another quick, healthy pizza crust option, substitute four small whole-wheat pita breads (lowest sodium available) for the cauliflower crust ingredients. Preheat the oven to 425°F. Line a baking sheet with aluminum foil. Lightly spray with cooking spray. Place the pitas on the baking sheet. Spread the tomato puree mixture over the pitas. Top with the cooked vegetables and cheese as directed. Bake for 15 to 20 minutes, or until the pitas are crispy and the cheese has melted. Transfer to a cutting board. Cut the pitas in half. Keep it Healthy: Making a cauliflower crust can save you hundreds and hundreds — even up to 1,000 — miligrams of sodium, which is what the dough crust from an individual or personal-size pizza served by many national pizza chains can contain. Tip: Use any remaining cauliflower puree to toss in with whole-grain pasta for a quick and easy dinner during the week or to sprinkle over salads.",https://recipes.heart.org/en/recipes/summer-veggie-pizza-with-cauliflower-crust,AHA
Spicy Pumpkin Burritos,"Main Dishes, One-Dish Meals","Try this hearty vegetarian burrito using seasonal Fall vegetables. For information on women and heart disease, visit Go Red for Women.",,259,"1 teaspoon olive oil (extra virgin preferred)
1/2 cup frozen whole-kernel corn
1 (15.5-ounce) can no-salt-added black beans, drained and rinsed
1 (15-ounce) can solid-pack pumpkin (not pie filling)
1 cup cooked brown rice, cooked without salt and margarine
1/4 cup water
1 teaspoon ground cumin
1 teaspoon chile powder (made with ancho chiles preferred)
1/2 teaspoon dried oregano, crumbled
1/4 teaspoon cayenne
8 (8-inch) whole-grain tortillas (lowest sodium available)
1/2 cup sliced green onions
1/2 cup fat-free sour cream
1/2 cup shredded lettuce, such as romaine or spinach
1/2 cup chopped tomato","In a medium saucepan, heat the oil over medium heat, swirling to coat the bottom. Cook the corn for 4 to 5 minutes, or until slightly browned, stirring occasionally.
Stir in the beans, pumpkin, rice, water, cumin, chile powder, oregano, and cayenne. Bring to a simmer. Reduce the heat and simmer for 4 to 5 minutes, or until heated through.
Warm the tortillas using the package directions.
Spoon the filling down the center of each tortilla. Sprinkle the green onions over the filling. For each burrito, fold two sides of the tortilla toward the center. Starting from the unfolded side closest to you, roll the burrito toward the remaining unfolded side to enclose the filling. Transfer with the seam side down to plates. Top with the sour cream. Sprinkle with the lettuce and tomato.",Servings 8 | Total Time 30 min,https://recipes.heart.org/en/recipes/spicy-pumpkin-burritos,AHA
Sweet Potato Nachos,"Appetizers, Main Dishes, One-Dish Meals, Side Dishes, Snacks",Who won’t want to try orange nachos? The seasoned sweet potatoes with the mellow cheese create a wonderful combination for a snack or healthier game-day appetizer!,,209,"Cooking spray
3 medium sweet potatoes (about 1 pound), peeled and thinly sliced into 1/4-inch thick rounds
1 tablespoon olive oil
1 1/2 teaspoons paprika
1 teaspoon chili powder
1 teaspoon garlic powder
1/3 cup canned no-salt-added black beans, drained and rinsed
1/3 cup low-fat shredded Cheddar cheese
1/3 cup chopped tomato (1 medium Italian plum [Roma] tomato) OR
1/3 cup canned no-salt-added diced tomatoes,, drained and rinsed
1/3 cup chopped avocado","Preheat the oven to 425°F. Line two medium baking pans with aluminum foil. Lightly spray the foil with cooking spray.
In a large bowl, toss together the sweet potatoes, oil, paprika, chili powder, and garlic powder. Spread the sweet potato mixture in a single layer in the baking pans.
Bake for 10 minutes. Using a spatula, turn over the sweet potatoes. Bake for 5 to 10 minutes, or until crisp.
Remove the pans from the oven. Sprinkle the beans and Cheddar over the sweet potatoes. Bake for 2 minutes, or until the Cheddar melts.
Sprinkle with the tomato and avocado.",Servings 6 | Total Time 30 min,https://recipes.heart.org/en/recipes/sweet-potato-nachos,AHA
Sweet and Crunchy Trail Mix - Delicious Decisions,Snacks,"Just combine and shake to fix this quick, portable snack. The mix provides complex carbs and protein for both short- and long-term energy.",,140,"2 cups crunchy, high-protein cereal
1/4 cup sweetened dried cranberries
1/2 cup dry-roasted slivered almonds
1 to 2 teaspoons grated orange peel","In a large resealable plastic bag, combine the ingredients. Seal the bag tightly. Shake until well blended.","Servings 6 | Total Time 5 min | Quick Tips: Tip: Serving size 1/2 cup trail mix Tip: Have the kids measure everything, seal the bag, and shake it. Go one step further and have them fill snack-size resealable plastic bags with single portions to take to school or to have on hand so they can grab a quick snack during the week.",https://recipes.heart.org/en/recipes/sweet-and-crunchy-trail-mix---delicious-decisions,AHA
Sweet & Spicy Mustard Dip with Veggie Dippers,"Appetizers, Side Dishes, Snacks",This six-ingredient dip is so easy to throw together — just measure a handful of ingredients and stir. It's a perfect snack for watching a big game or serving the kids while they do their homework.,,132,"1/3 cup fat-free cream cheese, softened
1/2 cup fat-free sour cream
1 tablespoon honey
1 tablespoon cider vinegar
2 teaspoons ground mustard
1/4 teaspoon crushed red pepper flakes (optional)
1 pint grape tomatoes or cherry tomatoes
2 cups baby carrots","In a medium bowl, stir together the cream cheese and sour cream.
Stir in the honey, vinegar, mustard, and red pepper flakes until smooth.
Serve with the tomatoes and carrots.","Servings 4 | Total Time 5 min | Quick Tips: Cooking Tip: To quickly soften cream cheese, place the cream cheese on a microwaveable dish. Microwave, covered, on 100% power (high) for 15 to 20 seconds, or until softened. Keep it Healthy: Did you know you can make your own mustard? In a small bowl, stir together ¼ cup ground mustard with ¼ cup cold water. Let stand for 10 minutes. This homemade version contains much less sodium than the store-bought varieties. Tip: Try cucumber slices and bite-size broccoli or cauliflower florets for dipping, too.",https://recipes.heart.org/en/recipes/sweet--spicy-mustard-dip-with-veggie-dippers,AHA
Sweet Potato Hash with Eggs,"Main Dishes, One-Dish Meals, Breakfast",Get out the pressure cooker and enjoy this one-pot meal for dinner tonight!,,285,"2 teaspoons canola or corn oil
1/2 medium onion, chopped
4 medium sweet potatoes, peeled, cut into 1/2-inch cubes
1/2 medium green or red bell pepper, chopped
2/3 cup can fat-free, low-sodium vegetable broth
2 teaspoons minced garlic
2 teaspoons smoked paprika
1 teaspoon ground cumin
1/2 dried teaspoon thyme, crumbled
1/2 teaspoon pepper (coarsely ground preferred)
1/8 teaspoon salt
4 large eggs
Red hot pepper sauce, to taste (optional)","Heat the oil in the pressure cooker on sauté. Cook the onion for 3 minutes, or until soft, stirring frequently. Turn off the pressure cooker.
Stir in the potatoes, bell peppers, broth, garlic, paprika, cumin, thyme, pepper, and salt. Secure the lid. Cook on high pressure for 3 minutes. Quickly release the pressure. Turn off the pressure cooker.
Remove the lid of the pressure cooker. Crack one egg into a small bowl. Using the back of a spoon, make a small well in the potatoes, pushing the potatoes aside. Slip the egg into the well. Repeat with the remaining 3 eggs, making a separate well for each. Secure the lid with the pressure vent open. Cook on sauté for 2 minutes. If the eggs are not cooked to the desired consistency, re-cover the pressure cooker. Let stand on keep warm for 2 minutes, or until the eggs are cooked to the desired consistency. Serve the hash sprinkled with a dash of hot-pepper sauce.",Servings 4 | Total Time 20 min,https://recipes.heart.org/en/recipes/sweet-potato-hash-with-eggs,AHA
Strawberry Jicama Cucumber Salad,"Main Dishes, Salads, Side Dishes, One-Dish Meals","A refreshing citrus picnic salad with a mixture of strawberries, jicama, cucumber, jalapeno, and cilantro topped with a light dressing of lime juice, no-calorie sweetener, olive oil, and poppy seeds.",,130,"2 cups strawberries, hulled and chopped
1 medium jicama, peeled and chopped
1 medium cucumber, peeled and, peeled and chopped
1 small jalapeño, seeds and ribs discarded, finely chopped
1 tablespoon finely chopped fresh cilantro
2 tablespoons fresh lime juice
1 tablespoon extra-virgin olive oil
1 tablespoon no-calorie sweetener (about 1 1/2 packets)
1 teaspoon poppy seeds","In a medium bowl, gently stir together the strawberries, jicama, cucumber, jalapeño, and cilantro.
In a small bowl, whisk together the lime juice, oil, and sweetener until the sweetener is dissolved.
Pour the dressing over the strawberry mixture, gently tossing to coat.
Sprinkle with the poppy seeds.","Servings 4 | Total Time 10 min | Quick Tips: Tip: For a spicier salad, do not discard the jalapeño seeds and ribs. Finely chop the ribs and add them along with the seeds to the strawberry mixture.",https://recipes.heart.org/en/recipes/strawberry-jicama-cucumber-salad,AHA
Sweet Country Coleslaw,"Appetizers, Salads, Snacks, Side Dishes","This recipe is reprinted with permission from Favorite Family Recipes: 43 Dishes for a Healthy Soul. Copyright © 2014 by the American Heart Association. Published by Publications International, Ltd. Look for Favorite Family Recipes at ShopHeart.org, while supplies last.",,50,"2 tablespoons fat-free sour cream
1 tablespoon sugar
1 teaspoon sugar
1 tablespoon light mayonnaise
1 teaspoon cider vinegar
1/4 teaspoon celery seeds (optional)
1/8 teaspoon salt
1/8 teaspoon pepper
4 cups packaged, shredded cabbage and carrot mix","In a medium bowl, whisk together all the ingredients except the cabbage and carrot mix.
Stir in the cabbage and carrot mix until well coated. The mixture will be very thick. Let stand for 15 minutes before serving. The coleslaw will shrink in volume by about half during the standing time.",Servings 4 | Total Time 5 min | Quick Tips: Tip: Serving size 1/2 cup,https://recipes.heart.org/en/recipes/sweet-country-coleslaw,AHA
Slow Cooker Turkey and Black Bean Chili or Vegetarian 3-Bean Chili,"Main Dishes, Soups",Trade in the usual ground beef chili for this ground turkey version. You can skip the turkey all together and go vegetarian—an excellent option for Meatless Mondays.,,406,"2 pounds ground skinless turkey breast OR
2 (15-ounce) cans no-salt-added red kidney beans, drained and rinsed, and 2 (15.5-ounce) cans no-salt-added pinto beans, drained and rinsed
2 (15-ounce) cans no-salt-added black beans, drained and rinsed
1 (28-ounce) can no-salt-added diced tomatoes, undrained
2 (15-ounce) cans no-salt-added tomato sauce
1 cup frozen whole-kernel corn
1 tablespoon ground cumin
1 tablespoon chili powder
2 teaspoons dried oregano, crumbled
2 teaspoon ground coriander
4 garlic cloves, minced
1/2 teaspoon crushed red pepper flakes","In a large bowl, stir together all the ingredients.
Add the bean mixture to a 3 1/2- to 4-quart slow cooker. Cook, covered, on low for 6 to 8 hours, or until the beans are tender.","Servings 6 | Total Time 6 hr 10 min | Quick Tips: Cooking Tip: To make ahead, divide the chili between two 1-gallon resealable plastic freezer bags. Place the bags flat in the freezer. Thaw the bags overnight in the refrigerator. Cook as directed.",https://recipes.heart.org/en/recipes/slow-cooker-turkey-and-black-bean-chili-or-vegetarian-3-bean-chili,AHA
Summer Limeade,Beverages,"One of America's favorite summer drinks is limeade. Making a refreshing batch for a party? Put a raspberry, blueberry, or even an edible flower in each compartment of an ice cube tray. Gently fill the tray with water and freeze it to create beautiful cubes. Refrigerate the limeade for a day before serving to allow the lime zest to pump up the citrusy flavor.",,9,"2 teaspoons grated lime peel (about 2 medium limes)
1/3 cup fresh lime juice (about 3 medium limes)
1 1/2 teaspoons low-calorie sweetener
5 cups cold water
2 1/2 cups ice
4 lime slices (optional)","In a large pitcher, stir together the lime zest, lime juice, sweetener, and water until the sweetener is dissolved.
Refrigerate the limeade for several hours before serving to chill and allow the lime zest to infuse the water.
When ready to serve, put the ice into glasses. Pour one cup limeade into each glass.
Garnish with the lime slices.","Servings 5 | Total Time 5 min | Quick Tips: Cooking Tip: To easily get juice from a lime, microwave it on 100% power (high) for 10 to 20 seconds, or until just warmed. Alternatively, roll the lime back and forth on a cutting board under the palm on your hand. Tip: For your next summer party or gathering, make a batch of limeade with a fun, attractive presentation. Put a fresh raspberry, blueberry, or small, edible flower in each compartment of an ice cube tray. Gently fill the tray with water. Freeze it. When ready to serve the limeade, add the decorative ice cubes to the glasses. Tip: If you have fruit, such as berries, pineapple, or mango, you can add it to the limeade for extra flavor. Using a muddler or wooden spoon, gently mash about 1/4 cup fruit in a small bowl or mug. Add to the pitcher with the limeade. Stir well to combine.",https://recipes.heart.org/en/recipes/summer-limeade,AHA
Sweet and Spicy Edamame,"Appetizers, Side Dishes, Snacks",Need a little pick-me-up during the afternoons? These delicious protein-packed pods will deliver.,,136,"2 cups water
1/2 teaspoon stevia sweetener OR
1 stevia sweetener packet
10 drops clear-flavored liquid stevia sweetener
2 cups frozen shelled edamame (green soybeans) OR
4 1/2 cups frozen edamame pods
1 tablespoon soy sauce (lowest sodium available)
2 teaspoons Sriracha hot sauce
1 teaspoon toasted sesame oil
1 teaspoon grated peeled ginger
1 garlic clove, minced
1/8 teaspoon black pepper
1 tablespoon plus 1 teaspoon sesame seeds
1 tablespoon plain rice vinegar","Put the water, stevia sweetener, and liquid stevia sweetener in a medium saucepan. Stir together. Bring to a boil over high heat, stirring occasionally. Stir in the edamame. Cook for 3 to 5 minutes, or until tender, stirring occasionally. Drain the edamame in a colander, discarding the water mixture. Set aside.
In the same saucepan, heat the soy sauce, rice vinegar, Sriracha, sesame oil, gingerroot, garlic, and pepper over low heat for 1 to 2 minutes, stirring occasionally. Add the edamame, tossing to coat.
Sprinkle the sesame seeds over the edamame.","Servings 4 | Total Time 15 min | Quick Tips: To eat edamame that’s still in the pod, bring the pod to your lips, then squeeze or bite the beans into your mouth. You don't eat the pod, just the edamame beans inside, which will easily pop out.",https://recipes.heart.org/en/recipes/sweet-and-spicy-edamame,AHA
Spinach Bean Soup,Side Dishes,This meatless soup is an easy weeknight meal for the whole family or as a vegetable side dish.,,139,"Cooking spray
1 small onion, chopped
2 tablespoon jarred minced garlic OR
2 garlic cloves, minced
1 (15.5-ounce) can no-salt-added navy beans, chickpeas, or pinto beans, undrained
1 (14.5-ounce) can no-salt-added diced tomatoes, undrained
1 (14.5-ounce) can fat-free, low-sodium chicken or vegetable broth
1 teaspoon ground cumin
1/4 teaspoon pepper
4 cups tightly packed spinach, large leaves torn or chopped","Lightly spray a large pot with cooking spray.
Cook the onion and garlic over medium-high heat for 5 minutes, or until the onion is very soft, stirring frequently.
Stir in the beans with liquid, tomatoes with liquid, broth, cumin, and pepper. Bring to a boil. Reduce the heat to medium. Stir in the spinach. Cook for 10 to 15 minutes, stirring occasionally.","Servings 4 | Total Time 30 min | Quick Tips: Tip: To cook once and eat twice, double the ingredients and freeze the extra for a later use. Transfer the extra into an airtight freezer container. Be sure to cool it in the refrigerator before freezing. When ready to eat, thaw the container in the refrigerator. For best results, serve the soup within three months of freezing it. Keep it Healthy: If you can't find no-salt-added canned beans, look for ""reduced-sodium"" beans. Compare the sodium values on the back of the cans. To reduce the sodium even more, rinse and drain the beans. For this recipe, add 1/4 cup plus 2 tablespoons fat-free, low-sodium broth to make up for the discarded liquid.",https://recipes.heart.org/en/recipes/spinach-bean-soup,AHA
Sliced Fruit with Honey-Vanilla Yogurt Dip,"Appetizers, Side Dishes, Snacks, Breakfast","Any fruit can be dunked into this American, no-cook yogurt dip – blueberries, strawberries, clementine segments, pear slices, etc. from the Simple Cooking with Heart program.",,194,"2 cups green or red grapes
2 medium bananas, sliced (about 2 cups)
1 medium red or green apple, cored and thinly sliced
1 1/2 cups fat-free plain Greek yogurt
1 tablespoon honey
1 teaspoon vanilla extract","Arrange the grapes and banana and apple slices on a large plate or platter.
In a small bowl, stir together the yogurt, honey, and vanilla extract. Serve with the fruit.","Servings 4 | Total Time 10 min | Quick Tips: Cooking Tip: Because Greek yogurt has a thicker consistency than regular yogurt, it makes for the better choice for a dip. However, plain yogurt can be substituted—just expect a slightly thinner dip. Keep it Healthy: Flavored yogurts are often packed with added sugar, so skip those and make your own. Stir a handful of your favorite fruit into fat-free, plain yogurt. If you need a touch of extra sweetness, try adding a dash of vanilla extract or a sprinkle of cinnamon.",https://recipes.heart.org/en/recipes/sliced-fruit-with-honey-vanilla-yogurt-dip,AHA
"Sautéed Zucchini, Tomato and Chickpea Ragout","Main Dishes, One-Dish Meals","This Simple Cooking with Heart, Italian recipe is a delicious way to get more vegetables and beans into your eating routine.",,273,"2 medium zucchini, chopped OR
3 yellow squash, chopped
1 (28-ounce) can no-salt-added, or, low-sodium crushed tomatoes
6 cups Chickpea Salad with Tomatoes and Cucumber (see related recipes)
1 teaspoon ground cumin
1/4 teaspoon ground black pepper
3 cups whole-wheat couscous","Spray a large sauté pan with cooking spray. Add chopped zucchini and cook over medium-high heat. Stirring occasionally with spatula, cook until zucchini are soft, about 5 minutes.
Add tomatoes, Chickpea Salad, cumin, and black pepper. Stir and bring to a boil. Once boiling, cover with lid or foil. Reduce heat to low so mixture is simmering. Let ragout simmer 15 minutes.
Meanwhile, make couscous according to package directions (omitting the salt and fat).
Serve ragout over couscous.",Servings 6 | Total Time 25 min | Quick Tips: Cooking Tip: 1 (16 oz.) package whole-wheat spaghetti can be used as a substitute for the couscous. Cooking Tip: Zucchini and yellow squash are both considered summer squash but are available year-round. Both cook quickly and are great to add into any sauces or stews from marinara to chili. Keep it Healthy: Beans like chickpeas are a great (and reasonably-priced!) source of protein for a meal. Just makes sure to drain and rinse no salt added or low sodium canned beans.,https://recipes.heart.org/en/recipes/sauted-zucchini-tomato-and-chickpea-ragout,AHA
Strawberry Orange Smoothie,"Beverages, Snacks, Breakfast","This fruit-filled, four-ingredient smoothie makes for a quick and easy satisfying snack, dessert, or breakfast. Frozen berries give it a frothy texture.",,116,"10 frozen unsweetened strawberries
1 cup fat-free plain yogurt
1/2 cup 100% orange juice
1/2 teaspoon stevia sweetener OR
1 stevia sweetener packet","In a food processor or blender, process all the ingredients until smooth.",Servings 2 | Total Time 5 min,https://recipes.heart.org/en/recipes/strawberry-orange-smoothie,AHA
Southern Cornbread,"Side Dishes, Snacks","This Southern side dish staple adds flavor to any meal. For information on women and heart disease, visit Go Red for Women.",,139,"Cooking spray
1 cup yellow cornmeal
1/2 cup all-purpose flour
1/2 cup whole-wheat flour
2 tablespoons sugar
1/2 teaspoon baking soda
1/2 teaspoon baking powder
1/8 teaspoon salt
1 cup no-salt-added cream-style corn, undrained
1/2 cup frozen whole kernel corn, thawed
1/2 cup low-fat buttermilk
1/4 cup fat-free milk
1 large egg
2 tablespoons canola oil OR
2 tablespoons corn oil","Preheat the oven to 425°F. Lightly spray a 9-inch square or round baking pan or pie pan with cooking spray.
In a large bowl, stir together the cornmeal, both flours, sugar, baking soda, baking powder, and salt. Make a well in the center.
In a medium bowl, stir together the remaining ingredients. Pour into the well in the flour mixture, stirring just until moistened. Spoon into the baking pan. Lightly spray the top of the batter with cooking spray.
Bake for 20 to 25 minutes, or until a wooden toothpick inserted in the center comes out clean. Transfer the pan to a cooling rack and let cool for 5 to 10 minutes before slicing.",Servings 12 | Total Time 30 min | Quick Tips: Tip: Serving size 1 piece,https://recipes.heart.org/en/recipes/southern-cornbread,AHA
Skillet Apples,Side Dishes,"These warm seasonal apples make a great side dish for breakfast, lunch or dinner. For information on women and heart disease, visit Go Red for Women.",,95,"1 large Granny Smith apple, cut into 1/2-inch wedges
1 large Gala, Jonathan, or Red Delicious apple, cut into 1/2-inch wedges
2 tablespoons firmly packed dark brown sugar
1 tablespoon light tub margarine","Heat a large nonstick skillet over medium-high heat. Immediately reduce the heat to medium. Put all the ingredients in the skillet and stir together.
Cook for 10 minutes, or until just tender, stirring gently and frequently.",Servings 4 | Total Time 15 min,https://recipes.heart.org/en/recipes/skillet-apples,AHA
Snickerdoodles,Desserts,"Soft, chewy, and rolled in cinnamon, these “sugar” cookies have far less added sugar than the traditional varieties.",,91,"1 cup trans fat free tub margarine
1/4 cup plus 1 tablespoon stevia sugar blend, divided use
1 large egg
1 teaspoon vanilla extract
2 cups all-purpose flour
3/4 teaspoon baking powder
3/4 teaspoon salt
1 1/2 teaspoons ground cinnamon","Preheat the oven to 400°F.
In a large bowl, using an electric mixer on medium speed, beat the margarine, ¼ cup stevia sugar blend, egg, and vanilla until smooth.
In a medium bowl, stir together the flour, baking powder, and salt.
Using the electric mixer on medium speed, gradually beat the flour mixture into the stevia sugar blend mixture just until moistened but no flour is visible.
In a small bowl, stir together the remaining 1 tablespoon stevia sugar blend and the cinnamon.
Using your hands, shape the dough into 1¼-inch balls to make 24 cookies. Gently roll in the stevia sugar blend cinnamon mixture, coating lightly. Place about 2 inches apart on a large baking sheet or two small baking sheets. With the palm of your hand or a fork, lightly flatten each ball.
Bake for 8 to 10 minutes, or until the bottoms are browned.",Servings 24 | Total Time 18 min,https://recipes.heart.org/en/recipes/snickerdoodles,AHA
Spanakopita,Main Dishes,"A traditional Greek entrée, spanakopita is a delicious, savory pie filled with spinach and onions mixed with feta cheese and eggs. The filling is enveloped between layers of light, flaky phyllo dough.",,234,"Cooking spray
2 tablespoons canola or corn oil, divided use
1 medium onion, chopped
1 garlic clove, minced OR
1/2 teaspoon jarred minced garlic
1/2 cup fat-free ricotta cheese
2 large eggs
1/4 cup crumbled fat-free feta
2 tablespoons fresh dillweed OR
1 teaspoon dillweed
1/8 teaspoon black pepper
5 9 x 14-inch sheets frozen phyllo, thawed in refrigerator
2 pounds fresh baby spinach OR
3 (10-ounce) packages frozen spinach, thawed and squeezed dry","Preheat the oven to 350°F. Lightly spray an 8- or 9-inch square baking dish with cooking spray.
In a large nonstick skillet, heat 1 teaspoon oil over medium heat, swirling to coat the bottom. Cook the onion for 3 minutes, or until almost soft, stirring frequently. Cook the garlic for 1 minute. Reduce the heat to low. Cook half the spinach for 1 minute, tossing with tongs. Cook the remaining spinach until all the spinach is wilted, tossing constantly. Remove from the heat. Drain well in a colander, using the back of a fork to press out any excess liquid.
In a medium bowl, stir together the ricotta, eggs, feta, dillweed, and pepper. Stir in the spinach until well combined. Transfer the spinach mixture to the baking dish.
Place the 5 sheets of phyllo dough on a cutting board. Working quickly, use a sharp knife to cut the sheets in half. Keep the unused phyllo covered with a damp cloth or damp paper towels to prevent drying. Place 1 sheet over the spinach mixture. Using a pastry brush, lightly brush with 1 teaspoon oil. Layer with a second sheet. Brush with 1 teaspoon oil. Repeat with the remaining sheets and oil.
Bake for 30 minutes. Increase the oven temperature to 375˚F. Bake for 10 minutes, or until the top is golden and crisp. Serve warm.","Servings 4 | Total Time 1 hr | Quick Tips: Cooking Tip: For quicker assembly, cook the spinach a day ahead. Refrigerate it, covered, until you need it.",https://recipes.heart.org/en/recipes/spanakopita,AHA
Spinach Soufflés,Main Dishes,"This classic French dish combines egg yolks and egg whites with savory spinach, herbs, and grated Parmesan. While baking, the egg mixture puffs up to form a golden crust on the outside, sealing in light, airy goodness.",,144,"Cooking spray
1 tablespoon plus 1 1/2 teaspoons whole-wheat bread crumbs (lowest sodium available)
4 large egg whites
1/4 teaspoon cream of tartar
6 ounces baby spinach
1 teaspoon minced garlic
1 tablespoon chopped fresh Italian (flat-leaf) parsley OR
1 teaspoon dried parsley, crumbled
2/3 cup fat-free milk
2 tablespoons all-purpose flour
1/8 teaspoon black pepper
2 ounces grated Parmesan cheese (about 1/2 cup)
2 large egg yolks","Preheat the oven to 425°F. Lightly spray four 6-ounce ramekins with cooking spray. Lightly sprinkle the bread crumbs in each, spreading to coat the bottom and sides completely.
In a medium bowl, whisk together the egg whites and cream of tartar. Set aside.
Lightly spray a small skillet with cooking spray. Cook the spinach and garlic over medium heat for 3 to 4 minutes, or until the spinach is wilted but still very green, stirring constantly. Remove from the heat. Stir in the parsley. Set aside.
In a medium saucepan, whisk together the milk, flour, and pepper. Bring to a boil over medium-high heat for 4 to 5 minutes, or until the mixture thickens, whisking constantly. Remove from the heat. Let cool for 10 minutes.
Meanwhile, using a hand mixer or stand mixer, beat the egg white mixture on high speed for 20 to 30 seconds, or until medium peaks form.
Stir the spinach mixture into the milk mixture. Stir in the Parmesan and egg yolks until well combined. Gently fold in one-third of the egg white mixture at a time until well combined.
Spoon 1/2 cup of the soufflé mixture into each of the ramekins. Gently tap the ramekins on the counter 2 or 3 times to level the mixture. Place the ramekins on a baking sheet.
Bake for 5 minutes. Reduce the oven temperature to 350˚F. Bake for 20 minutes, or until the soufflés are puffy and golden brown. Serve immediately.",Servings 4 | Total Time 55 min | Quick Tips: Cooking Tip: Don’t get excited and open the oven early to peek! Doing this may cause the soufflé fall.,https://recipes.heart.org/en/recipes/spinach-souffle,AHA
Sweet and Nutty Stir-Fry,"Main Dishes, One-Dish Meals","When you crave takeout, but don’t want to load up on saturated fat and sodium, try this quick, crunchy, meatless one-dish meal.",,305,"4 ounces dried vermicelli or spaghetti, broken in half
2 teaspoons curry powder
2 tablespoons sugar
2 tablespoons soy sauce (lowest sodium available)
2 tablespoons balsamic vinegar
1 teaspoon cornstarch
1/4 teaspoon crushed red pepper flakes
1/3 cup fresh orange juice
2 teaspoons grated orange peel
1 teaspoon canola oil OR
1 teaspoon corn oil
1/2 cup thinly sliced onion
2 cups bite-size broccoli florets (about 5 ounces)
1 cup thinly sliced red cabbage (not shredded)
1 cup matchstick-size carrot strips
1/2 cup dry roasted unsalted peanuts","Prepare the pasta using the package directions, omitting the salt and oil and adding the curry powder. Drain well in a colander.
Meanwhile, in a small saucepan, combine the sauce ingredients, stirring until the cornstarch is completely dissolved. Bring to a boil over medium-high heat and boil for 1 minute. Remove from the heat. Stir in the orange zest. Set aside.
In a large nonstick skillet, heat the oil over medium-high heat, swirling to coat the bottom. Cook the onion for 1 minute. Stir in the broccoli, cabbage, and carrots. Cook for 4 minutes, or until just tender-crisp, stirring frequently.
Transfer the pasta to a serving platter. Top with the broccoli mixture. Pour the sauce over all. Sprinkle with the peanuts.","Servings 4 | Total Time 25 min | Quick Tips: Cooking Tip: Adding curry powder to the pasta water not only imparts flavor, but also provides a bright yellow color. Tip: Taste nuts and seeds before using them. Their high fat content means they can become rancid over time if they aren't stored properly. It's best to store them in an airtight container at room temperature for up to one month, in the refrigerator for up to three months, or in the freezer for up to one year.",https://recipes.heart.org/en/recipes/sweet-and-nutty-stir-fry,AHA
Steamed Pumpkin Bread,"Appetizers, Snacks, Desserts, Breakfast","Pumpkin, dried cranberries, walnuts, and spices update a traditional steamed brown bread recipe. The result is moist and delicious.",,87,"Cooking spray
6 cups water
1/2 cup all-purpose flour
1/2 cup whole-wheat pastry flour
1/2 cup cornmeal
1 teaspoon baking soda
1 teaspoon ground cinnamon
1/2 teaspoon ground allspice
1/4 teaspoon salt
1/3 cup unsweetened dried cranberries
1/3 cup chopped walnuts
3/4 cup canned solid-pack pumpkin (not pie filling)
3/4 cup low-fat buttermilk
2 large egg whites
1/4 cup of dark or light molasses","Lightly spray a 9 x 5 x 3-inch ovenproof glass loaf pan with cooking spray. Place a metal rack with short legs, such as a pressure cooker rack, or three or four 12 x 6-inch sheets of aluminum foil crumpled into balls in the slow cooker.
In a large saucepan, bring the water to a boil over high heat.
Meanwhile, in a large bowl, stir together the flours, cornmeal, baking soda, cinnamon, allspice, and salt. Stir in the cranberries and walnuts. Make a well in the center.
In a medium bowl, whisk together the pumpkin, buttermilk, egg whites, and molasses. Pour into the well. Stir just until the flour mixture is moistened, but no flour is visible. Don’t overmix. Pour into the loaf pan, gently smoothing the top. Cover tightly with aluminum foil. Secure with kitchen twine.
Place the pan on the rack or crumpled foil in the slow cooker. Pour the boiling water down the side of the crock until the water reaches midway up the side of the pan. Cook, covered, on high for 2 to 2 1/2 hours, or until a wooden toothpick inserted in the center of the bread comes out clean. Carefully transfer the pan to a cooling rack. Discard the foil. Let the bread cool in the pan for 10 minutes. Turn out onto the cooling rack. Serve the bread warm.",Servings 16 | Total Time 2 hr 15 min,https://recipes.heart.org/en/recipes/steamed-pumpkin-bread,AHA
Spaghetti Pesto and Zucchini,"Main Dishes, One-Dish Meals","In this Simple Cooking with Heart recipe, zucchini not only tops the Italian pasta dish—it is also added into the pesto! It's a great way to take advantage of the abundance of zucchini we get in the summer months and certainly a delicious way to get some vegetables into your day.",,272,"Cooking spray
4 medium zucchini, chopped (about 8 cups)
12 ounces whole-wheat spaghetti
2 cups tightly packed fresh basil, spinach, arugula, or mint
1 garlic clove, minced OR
1 teaspoon jarred minced garlic
2 tablespoons unsalted walnuts or almonds
1/4 cup fat-free low-sodium chicken broth, divided use (as needed)
1 1/2 tablespoons extra-virgin olive oil or canola oil
1 1/2 tablespoons shredded or grated Parmesan cheese
1/4 teaspoon salt
1/8 teaspoon pepper","Lightly spray a large skillet with cooking spray. Cook the zucchini over medium-high heat for 10 to 12 minutes, or until tender.
Meanwhile, prepare the pasta using the package directions, omitting the salt. Drain in a colander, reserving 1/4 cup pasta water.
In a food processor or blender, process the basil, garlic, walnuts, 2 tablespoons broth, oil, Parmesan, salt, pepper, and 2 cups zucchini for 1 minute, or until well blended. Add 1/2 tablespoon broth for a thinner consistency. Process for 30 seconds. Repeat until the desired consistency.
In a large bowl, stir together the pasta, pesto, and 1 tablespoon reserved pasta water. One tablespoon at a time, add the remaining pasta water until the desired consistency.
Top with the remaining zucchini.",Servings 6 | Total Time 30 min,https://recipes.heart.org/en/recipes/spaghetti-pesto-sauce-and-zucchini,AHA
Spaghetti-Squash Spaghetti,"Main Dishes, One-Dish Meals","This Simple Cooking with Heart, creative Italian recipe has an interesting vegetable that the kids will think is fun to make and eat.",,172,"1 (3-pound) spaghetti squash
non-stick Cooking spray
1 small extra virgin olive oil
1 fresh garlic clove, minced OR
1 teaspoon jarred minced garlic
1/2 small onion, chopped
1 cup diced tomatoes OR
1/2 (14.5-ounce) can no-salt-added diced tomatoes (about 8 ounces or 1 cup)
1/4 teaspoon black pepper
1/4 teaspoon dried salt-free Italian seasoning blend
1/8 teaspoon crushed red pepper flakes
2 (8-ounce) cans no-salt-added tomato sauce
1/2 cup small bite size fresh mozzarella balls (can substitute fresh mozzarella), cut into bite-size pieces
1/4 cup coarsely chopped, or, torn basil OR
1 teaspoon dried basil","Preheat oven to 350° F.
Cut spaghetti squash in half. On a baking sheet coated with cooking spray, place halves of squash face down and bake for 1 hour or until tender.
Heat oil in medium saucepan over medium heat. Add garlic and onion and cook until soft, about 5-7 minutes. Add diced tomatoes, pepper, herbs and red pepper flakes. Cook until liquid is evaporated, about 2-3 minutes. Add tomato sauce and reduce heat to medium-low and simmer for 10 minutes.
Let squash sit at room temperature until just cool enough to handle. Take a fork and scrap flesh from outside working in, creating “spaghetti noodles”.
Add squash ""noodles"" to sauce and remove from heat. Toss with mozzarella balls and fresh basil and serve.",Servings 4 | Total Time 1 hr 10 min | Quick Tips: Tip: Scraping the spaghetti squash to make “noodles” and tossing all the ingredients together are safe and fun steps to involve kids in this recipe.,https://recipes.heart.org/en/recipes/spaghetti-squash-spaghetti,AHA
Southwestern Quinoa and Egg Breakfast Bowl,"Main Dishes, Breakfast","Liven up the breakfast routine with this Southwestern quinoa bowl. Quinoa contains a hefty amount of protein, making this a great morning option. Add other items to turn this into your own creation—cucumber, radishes, black beans, and more. The eggs can also be cooked however you prefer—over-easy, poached, or even scrambled.",,244,"1/4 cup uncooked quinoa, rinsed and drained
2 medium tomatoes, chopped (about 2 cups)
1 cup no-salt-added frozen corn, thawed
1/2 medium avocado, pitted and diced
1/4 cup chopped green onions
1/2 cup chopped fresh cilantro (optional)
Cooking spray
4 large eggs
1/8 teaspoon salt
1/4 teaspoon pepper
Red hot pepper sauce, to taste (optional)","Cook the quinoa according to the package directions. Remove from the heat.
Spoon the quinoa into four bowls. Top each with tomatoes, corn, avocado, green onions and cilantro.
Lightly spray a large skillet with cooking spray. Crack the eggs into the skillet. Sprinkle the salt and pepper over the eggs. Cook, uncovered, over medium-high heat for 3 to 4 minutes, or until the egg whites are set but the yolks are still runny. Using a spatula, carefully transfer one egg sunny side up into each of the bowls. Sprinkle with the hot sauce.","Servings 4 | Total Time 25 min | Quick Tips: Cooking Tip: For a quicker breakfast, substitute hard-boiled eggs that have been made in advance for the sunny side up eggs. Keep it Healthy: The sodium content of hot sauce varies among products so compare Nutrition Facts labels and choose the option with the lowest sodium. Tip: Because cooked quinoa freezes well, consider making a double batch and storing the remaining portion in an airtight freezer container. When ready to eat, transfer the quinoa to a microwaveable bowl, add a few teaspoons of water, and microwave it. Or let the frozen quinoa thaw in the refrigerator and enjoy it in a salad.",https://recipes.heart.org/en/recipes/southwestern-quinoa-and-egg-breakfast-bowl,AHA
Spicy Oven-Roasted Chickpeas - Hot Chicks,Side Dishes,"This Middle Eastern appetizer recipe is best served right out of the oven when the chickpeas are at the height of their crispiness. They make a great, fiber-friendly afternoon snack.",,192,"2 (15.5-ounce) cans no-salt-added chickpeas or cannellini beans, drained and rinsed
2 tablespoons canola or corn oil
2 teaspoons chili powder, or to taste
1/2 teaspoon paprika
1/4 teaspoon garlic powder
1/4 teaspoon salt
1/4 teaspoon pepper
1/8 teaspoon cayenne, or to taste","Lay a triple thickness of paper towels on a large plate. Spread the chickpeas on the paper towels. Gently roll the chickpeas around, blotting them lightly with a separate paper towel. Set aside to dry.
Preheat the oven to 425°F. Line a large rimmed baking sheet with aluminum foil.
In a small bowl, whisk together the oil, chili powder, paprika, garlic powder, salt, pepper, and cayenne.
Once the chickpeas are dried, transfer them to a medium bowl. Add the oil mixture, tossing to coat.
Roast for 35 minutes, or until crispy, rotating and shaking the pan halfway through the cooking process.",Servings 6 | Total Time 40 min,https://recipes.heart.org/en/recipes/spicy-oven-roasted-chickpeas---hot-chicks,AHA
Spinach Salad with Orange Vinaigrette,"Appetizers, Salads","Nuts add texture to this easy spinach salad recipe with a homemade dressing. For information on women and heart disease, visit Go Red for Women.",,105,"6 ounces fresh spinach (about 1 1/2 cups)
2 medium talian plum (Roma) tomatoes, sliced crosswise
1 ounce crumbled soft goat cheese (1/4 cup)
1 tablespoon imitation bacon bits
2 tablespoons dry-roasted sliced almonds
2 teaspoons olive oil (extra virgin preferred)
2 medium green onions, thinly sliced
1/4 cup fresh orange juice
2 tablespoons white wine vinegar
1 tablespoon light brown sugar
1/8 teaspoon pepper","In a large serving bowl, make one layer each, in order, of the spinach, tomatoes, goat cheese, bacon bits and almonds.
In a small skillet, heat the oil over medium heat, swirling to coat the bottom. Cook the green onions for 1 to 2 minutes, or until almost soft, stirring occasionally. Stir in the remaining dressing ingredients. Simmer for 1 to 2 minutes, or until the brown sugar is dissolved and the mixture is heated through, stirring occasionally. Pour over the salad.",Servings 4 | Total Time 10 min | Quick Tips: Tip: Serving size 2 cups salad and 2 tablespoons dressing,https://recipes.heart.org/en/recipes/spinach-salad-with-orange-vinaigrette,AHA
Poached Egg Tostadas with Avocado-Pico de Gallo Salsa,"One-Dish Meals, Main Dishes, Breakfast","Poaching is a simple way to prepare meals, especially delicate foods like eggs and fish. This method brings a liquid to a boil and then food gently simmers in it. While the water is coming to a boil, you’ll have plenty of time to put together a delicious salsa whose star is a tangy tomatillo. Tomatillos, which are commonly used in Mexican cuisine, have a slightly acidic taste with hints of lemon.",,185,"Cooking spray
4 (6-inch) corn tortillas
4 cups water
1 tablespoon white vinegar
4 large eggs
1 medium avocado, diced
1 medium Anaheim pepper, seeds and ribs discarded, diced OR
1 medium poblano pepper, seeds and ribs discarded, diced
1 medium tomatillo, papery husk discarded, diced
1/2 medium tomato, diced
1/4 cup diced red onion
1/4 cup chopped fresh cilantro
2 tablespoons fresh lime juice
1 garlic clove, minced
1/8 teaspoon salt","Preheat the oven to 400°F. Line a baking sheet with aluminum foil. Lightly spray the foil with cooking spray.
Arrange the tortillas in a single layer on the foil. Lightly spray the tortillas with cooking spray. Using a fork, pierce the tortillas a few times to prevent them from filling with air. Bake for 5 to 6 minutes on each side, or until golden brown. Transfer to serving plates.
Meanwhile, in a large skillet, bring the water and vinegar to a boil over high heat.
In a medium bowl, gently stir together all the salsa ingredients. Set aside.
Once the water has come to a boil, reduce the heat and simmer. Break an egg into a cup and then carefully slip the egg into the simmering water. Repeat with the remaining eggs, placing them in the water so they don’t touch. Simmer for 3 to 5 minutes, or until the whites are completely set and the yolks are beginning to set, but aren’t hard. Using a slotted spoon, drain the eggs well. Place each egg on a tostada. Serve with the salsa.","Servings 4 | Total Time 20 min | Quick Tips: Cooking Tip: The vinegar helps the egg whites firm up faster and prevents them from spreading too much. Cooking Tip: To boil water faster, use room temperature or warm/hot water from the kitchen faucet rather than cold water from the refrigerator. Tip: Choose hard-fleshed tomatillos, discard the husks just before use, and wash the tomatillos well. To store them, leave the husks on and refrigerate the tomatillos in a paper bag for up to one month. Roasting or grilling them tames the tartness and gives them a sweeter taste.",https://recipes.heart.org/en/recipes/poached-egg-tostadas-with-avocado-tomatillo-salsa,AHA
Peach Mango Italian Ice with Vanilla Frozen Yogurt,Desserts,No special ice cream machine is needed for this twice-as-nice delicious dessert. Two frozen treats are surely to satisfy your sweet tooth.,,94,"1 cup diced fresh or frozen (no-sugar-added) mango
1 cup diced fresh or frozen (no-sugar-added) peaches
½ teaspoon stevia sweetener or 1 packet stevia sweetener (Organic or Natural)
2 squeezes peach mango-flavored stevia water enhancer
1/2 cup water
1 teaspoon fresh lemon juice
1 cup fat-free plain Greek yogurt
2 small bananas (10 ounces), sliced
1 tablespoon fresh lemon juice
1 teaspoon stevia sweetener or 2 packets stevia sweetener (Organic or Natural)
5 drops vanilla crème-flavored stevia sweetener
1 medium peach, peeled and sliced into 8 slices
1 medium mango, peeled and sliced into 8 slices
8 fresh mint sprigs","In a food processor, process the Italian ice ingredients for 30 to 40 seconds, or until smooth. Pour the mixture into a medium bowl. Freeze, covered with plastic wrap, for 2 hours. Using a fork, scrape all the ice to create an icy-granular texture. Recover with plastic wrap. Re-freeze for 1 to 1 1/2 hours. Rinse the food processor.
In the food processor, process the frozen yogurt ingredients for 30 to 40 seconds, or until smooth. Pour the mixture into a medium bowl. Freeze, covered with plastic wrap, for at least 2 hours.
To serve, scoop ¼ cup of the frozen yogurt into 8 small bowls. (If the yogurt is frozen for 4 hours or more, it may be too hard to scoop. If it is, let the yogurt sit at room temperature for 10 to 15 minutes before scooping into bowls.)
Using a fork, scrape the Italian ice to create an icy-granular texture. (If the Italian ice is frozen for more than 2½ hours, it may be too hard to scrape. If it is, let the ice sit at room temperature for 10 to 15 minutes before scraping with a fork.) Scoop ¼ cup of the Italian ice on top of each scoop of yogurt.
Garnish each bowl with a peach slice, mango slice, and mint sprig.",Servings 8 | Total Time 5 min,https://recipes.heart.org/en/recipes/peach-mango-italian-ice-with-vanilla-frozen-yogurt,AHA
Pancakes with Blueberry Vanilla Sauce,"Main Dishes, One-Dish Meals, Breakfast",Whole grain sorghum flour &mdash; ground from 100% whole grain sorghum &mdash; is gluten-free. It&rsquo;s a great choice for baked goods and breakfast dishes like pancakes and muffins.,,244,"2 teaspoons cornstarch
1/3 cup water
1 cup blueberries
1 tablespoon sugar
1 1/2 teaspoons vanilla extract
1/2 cup quick-cooking rolled oats
1/2 cup whole grain sorghum flour
1 1/2 tablespoons firmly packed light brown sugar
1 1/2 teaspoons baking powder
1/2 teaspoon ground cinnamon
1/2 cup fat-free milk
1/2 cup unsweetened applesauce
1 large egg
1 tablespoon canola or corn oil
1/2 cup fat-free plain Greek yogurt","If your griddle isn’t large enough to cook 8 pancakes, preheat the oven to 200˚F. Place a cooling rack on a baking sheet. Set aside.
Put the cornstarch in a medium saucepan. Add the water, stirring to dissolve. Stir in the blueberries and 1 tablespoon sugar. Bring to a boil over medium-high heat. Boil for 1-2 minutes, or until the sauce has slightly thickened. Remove from the heat. Stir in the vanilla. Cover to keep warm. Set aside.
In a medium bowl, stir together the oats, sorghum flour, brown sugar, baking powder and cinnamon.
In a small bowl, whisk together the milk, applesauce, egg and oil. Stir into the flour mixture until the batter is just moistened but no flour is visible. (Don’t overmix or the pancakes will be tough.)
Heat a nonstick griddle over medium heat. Test the temperature by sprinkling a few drops of water on the griddle. If the water evaporates quickly, the griddle is ready. Pour ¼ cup batter for each pancake onto the griddle. Cook for 2 to 3 minutes, or until tiny bubbles appear on the surface and the bottoms are golden brown. Turn the pancakes over. Cook for 1 to 2 minutes, or until cooked through and golden brown on the bottoms. (The USDA recommends cooking egg dishes to 160˚F.) If you have more batter to use, place the pancakes in a single layer on the cooling rack, leaving some space between them. Transfer to the oven to keep warm. Repeat with the remaining batter (you should have a total of 8 pancakes).
Transfer the pancakes to plates. Spoon the sauce over the pancakes. Top each serving with 2 tablespoons yogurt.","Servings 4 | Total Time 25 min | Quick Tips: Cooking Tip: You can prepare the batter up to two days in advance, refrigerate it in an airtight container, cook just the amount you need and save the rest. The sauce, however, has the best texture and flavor on the day you make it.",https://recipes.heart.org/en/recipes/pancakes-with-blueberry-vanilla-sauce,AHA
Pumpkin Spice Smoothie,"Main Dishes, One-Dish Meals, Breakfast","This Simple Cooking with Heart recipe is the taste of American pumpkin pie in a glass, with fewer calories.",,199,"1/2 cup canned pumpkin (not pie filling)
1/3 cup fat-free plain yogurt
1/3 cup fat-free milk
2 tablespoons rolled oats
2 teaspoons honey
1/2 teaspoon pumpkin pie spice
3 to 4 ice cubes","In a food processor or blender, process all the ingredients for one minute, or until smooth and frothy.
Pour into a glass. Serve immediately.","Servings 1 | Total Time 5 min | Quick Tips: Cooking Tip: Keeping the can of pumpkin in the refrigerator before using it isn’t necessary, but it helps make a colder smoothie. Keep it Healthy: Make sure to buy 100% pure pumpkin and not pumpkin pie filling or mix, which looks similar but can have added sugar. Tip: Fat-free plain Greek yogurt, which has a more tangy taste and more protein than non-Greek yogurt, can be substituted for the fat-free plain yogurt.",https://recipes.heart.org/en/recipes/pumpkin-spice-smoothie,AHA
Poblano Frittata,"One-Dish Meals, Breakfast","Eggs definitely aren’t just for breakfast. For a fast weeknight dinner, enjoy this one-skillet meal, full of color, good nutrition, and deliciousness.",,244,"4 large eggs
1/4 cup fat-free milk
2 tablespoons chopped fresh cilantro
1 teaspoon olive oil
2 medium poblano peppers, seeds and ribs discarded, chopped
2 cups frozen whole kernel corn, thawed
2 medium green onions, chopped
1/4 cup finely shredded cotija cheese OR
1/4 cup crumbled queso fresco cheese
1 medium tomato, chopped
1/4 cup fat-free sour cream","In a medium bowl, whisk together the eggs, milk, and cilantro.
In a medium skillet, heat the oil over medium heat, swirling to coat the bottom. Cook the poblano for 3 minutes, or until beginning to brown on the edges, stirring frequently. Stir in the corn and green onion. Reduce the heat to medium low and carefully pour the egg mixture over all. Cook, covered, for 10 minutes, or until the mixture is just set on the edge and is still a bit soft in the center (don’t overcook or it will become tough and rubbery). Remove from the heat.
Sprinkle with the cheese. Cut into 8 wedges. Place 2 wedges on each plate. Top with the tomatoes and sour cream.",Servings 4 | Total Time 25 min,https://recipes.heart.org/en/recipes/poblano-frittata,AHA
Picnic Coleslaw,"Appetizers, Salads, Side Dishes","Perfect for a picnic or potluck, this colorful veggie will have guests asking for more. For information on women and heart disease, visit Go Red for Women.",,34,"1 (8-ounce) package coleslaw
1 cup matchstick-size carrot strips
1 medium green bell pepper, chopped
1/2 cup finely chopped onion
6 medium radishes, thinly sliced and halved
1/4 cup white wine vinegar OR
1/4 cup apple cider vinegar
3 tablespoons sugar
1/2 teaspoon salt
1/4 teaspoon pepper","In a large bowl, gently toss together all the ingredients. Cover with plastic wrap and refrigerate for 15 minutes to 1 hour for peak flavor and texture.","Servings 10 | Total Time 10 min | Quick Tips: Cooking Tip: To prepare ahead of time, put the packaged coleslaw, carrot strips, chopped bell pepper, chopped onion, and sliced radishes in a large bowl. Cover with plastic wrap and refrigerate for up to 24 hours. About 15 minutes before serving, gently toss together the coleslaw mixture, vinegar, sugar, salt, and pepper.",https://recipes.heart.org/en/recipes/picnic-coleslaw,AHA
Poached Eggs with Pesto Bulgur,"Main Dishes, Breakfast",This pesto replaces traditional olive oil with vegetable broth and trades the usual pine nuts for walnuts. It combines with a whole grain to create a hearty bed on which delicate poached eggs lie.,,190,"2/3 cup uncooked instant, or fine-grain, bulgur
1 1/3 cups plus 2 tablespoons fat-free, low-sodium vegetable broth, divided use
1 cup tightly packed fresh basil
2 tablespoon dry-roasted chopped walnuts
1 garlic clove, minced
1/8 teaspoon salt
dash of cayenne
1/2 cup finely chopped yellow bell pepper OR
1/2 cup red bell pepper, finely chopped
1/4 cup thinly sliced green onions
4 cups water
1 tablespoon white vinegar
4 large eggs
1 medium lemon, cut into 4 wedges","In a medium saucepan, prepare the bulgur using the package directions, omitting the salt and substituting 1 1/3 cups broth for the water. Fluff with a fork.
Meanwhile, in a food processor or blender, process the basil, walnuts, garlic, salt, cayenne, and the remaining 2 tablespoons broth until smooth. Stir the basil mixture, bell pepper, and green onions into the bulgur.
In a large skillet, bring the water and vinegar to a boil over high heat. Reduce the heat and simmer. Break an egg into a cup and then carefully slip the egg into the simmering water. Repeat with the remaining eggs, placing them in the water so they don’t touch. Simmer for 3 to 5 minutes, or until the whites are completely set and the yolks are beginning to set, but aren’t hard. Using a slotted spoon, drain the eggs well and place on the bulgur mixture. Serve with the lemon wedges.",Servings 4 | Total Time 25 min | Quick Tips: Cooking Tip: The vinegar helps the egg whites firm up faster and prevents them from spreading too much.,https://recipes.heart.org/en/recipes/poached-eggs-with-pesto-bulgur,AHA
Peach and Tomato Salad,"One-Dish Meals, Main Dishes, Salads, Side Dishes","This Simple Cooking with Heart recipe is inspired by the Italian panzanella salad, which combines tomatoes, bread, and basil—except in this version, peaches are a delicious stand-in for the bread.",,137,"4 medium peaches, halved, pitted, and sliced OR
1 (29-ounce) can sliced peaches, packed in light syrup or juice, drained
3 medium tomatoes, sliced into wedges
1 small red onion, chopped
3 tablespoons extra-virgin olive, corn, or canola oil
1 tablespoon red wine vinegar or balsamic vinegar
1/8 teaspoon salt
1/8 teaspoon pepper
1 cup fresh thinly sliced or coarsely torn basil","Put the peaches, tomatoes, and onion in a large bowl.
In a small bowl, whisk together the oil, vinegar, salt, and pepper.
Pour the dressing over the peach mixture, tossing gently to coat.
Gently stir in the basil.","Servings 4 | Total Time 10 min | Quick Tips: Cooking Tip: To cut herbs easily into thin slices (chiffonade), stack the leaves into a neat pile (no more than 8 leaves at a time). Roll up the pile lengthwise into a tight cylinder. Using a sharp knife, cut the cylinder crosswise to create thin strips. Keep it Healthy: Because the natural juices in both the tomatoes and peaches add liquid to any salad, this Peach and Tomato Salad is also good topped over lettuce—no dressing for the lettuce is required. Tip: During the summer when peaches are in season, buying fresh peaches can be cheaper. During the winter months, canned peaches are a better deal.",https://recipes.heart.org/en/recipes/peach-and-tomato-salad,AHA
Peach Bread Pudding with Bourbon Sauce,Desserts,"Our recipe for Southern-style Peach Bread Pudding with Bourbon Sauce is made of crunchy French bread and sweet summer peaches bathed in a warm, creamy bourbon sauce.",,163,"Cooking spray
2 tablespoons light tub margarine, softened
8 (1/2-inch) baguette-style French bread (preferably day old)
1/2 teaspoon ground cinnamon
3 medium fresh peaches, peeled and sliced OR
1 (20-ounce) package frozen unsweetened sliced peaches, thawed
2 tablespoons dried unsweetened cherries or blueberries or raisins (optional)
2 large eggs
1 cup fat-free milk
1/4 to 1/3 cup sugar (depending on the sweetness of the peaches)
1/2 (0.8-ounce) package fat-free, sugar-free vanilla cook-and-serve pudding mix (about 4 1/2 tablespoons)
1 tablespoon bourbon or rum or 1/4 teaspoon rum extract","Preheat the oven to 350˚F. Lightly spray eight 6-ounce ovenproof glass custard cups or porcelain ramekins. Set the custard cups on a large baking sheet.
Spread a thin layer of margarine on one side of each bread slice. Sprinkle with the cinnamon. Cut the bread into ½-inch cubes. Put the cubes in the custard cups. Top with the peaches. Sprinkle with the dried fruit.
In a medium bowl, whisk together the eggs, 1 cup milk and sugar. Pour over the fruit in the custard cups. Put the baking sheet in the oven.
Bake for 30 to 35 minutes, or until the center of the pudding is set.
About 10 minutes before the pudding is done, make the sauce. Put the remaining 1 cup milk and pudding mix in a medium saucepan. Whisk together for 30 to 60 seconds, or until well blended. Bring to a boil over medium-high heat, whisking occasionally.
Reduce the heat to medium low. Whisk in the bourbon. Cook for 1 to 2 minutes, or until almost the desired consistency. (The sauce will thicken more as it stands.) Keep the sauce warm over low heat until the pudding is done.
Spoon the sauce over the pudding.","Servings 8 | Total Time 45 min | Quick Tips: Tip: If you don’t have ovenproof glass custard cups or porcelain ramekins, use a 9-inch metal baking pan. Bake as directed but without the baking sheet.",https://recipes.heart.org/en/recipes/peach-bread-pudding,AHA
Peanut Butter Banana Protein Bars,"Snacks, Breakfast",These delicious HOMEMADE snack bars pack a punch of protein but don’t include the added sugars found in many packaged protein bars.,,220,"Cooking spray
2/3 cup uncooked quick-cooking oats
1/3 cup buckwheat flour
1/4 cup ground chia seeds
1/4 cup chopped walnuts
1/2 teaspoon ground cinnamon
2 medium bananas, mashed
¼ cup creamy low-sodium peanut butter
15 drops chocolate-flavored liquid stevia sweetener
2 teaspoons stevia sweetener OR
4 stevia sweetener packets","Preheat the oven to 350°F. Lightly spray a 13 x 9 x 2-inch baking pan with cooking spray.
In a small bowl, stir together the oats, flour, chia seeds, walnuts, and cinnamon.
In a medium bowl, stir together the banana, peanut butter, chocolate-flavored liquid stevia sweetener, and stevia sweetener. Pour the flour mixture into the bowl, stirring until the mixture is just moistened but no flour is visible.
Spread the mixture into the baking pan.
Bake for 12 to 17 minutes, or until a toothpick inserted in the center comes out clean.
Cool for 20 to 30 minutes before cutting into 6 bars.",Servings 6 | Total Time 17 min,https://recipes.heart.org/en/recipes/peanut-butter-banana-protein-bars,AHA
Peanut Butter Chocolate Cheesecake Dip,"Desserts, Appetizers, Snacks, Side Dishes","This four-ingredient sweet, creamy dip recipe will have you eating more than just one serving of fruits and vegetables.",,65,"4 ounces fat-free cream cheese, softened
4 ounces low-fat cream cheese, softened
1/4 cup low-sodium peanut butter
Chocolate-flavored liquid stevia sweetener, to taste","In a small bowl, stir together both cream cheeses and the peanut butter until smooth. Add the liquid stevia sweetener. Stir together until well blended.
Serve with celery sticks, baby carrots, apple and pear slices, and no-salt-added pretzels.",Servings 12 | Total Time 5 min,https://recipes.heart.org/en/recipes/peanut-butter-chocolate-cheesecake-dip,AHA
"Peach, Strawberry, and Cottage Cheese Protein Smoothie","Beverages, Breakfast, Snacks","Whip up this super smoothie for breakfast or after a workout. This four-fruit blended drink tastes like a creamy milkshake and provides your body with protein, calcium, and vitamins for a healthy start to your day or a pick-me-up snack in the afternoon.",,145,"10 ice cubes
1 (16-ounce) container low-fat cottage cheese (lowest sodium available)
1 (10-ounce) package unsweetened frozen sliced peaches OR
2 cups peeled and sliced peaches (3 to 4 medium peaches)
1 (10-ounce) package unsweetened frozen sliced strawberries OR
1 1/4 cups sliced strawberries, hulled
1/2 cup fresh orange juice or juice from 1 medium orange
1/2 cup fat-free milk
1 medium banana
2 tablespoons honey","In a food processor or blender, process all the ingredients until smooth and creamy.","Servings 6 | Total Time 10 min | Quick Tips: Cooking Tip: If using a small blender, process after adding the milk, allowing room for the remaining ingredients. Continue as directed Tip: Store any remaining servings in an airtight container in the refrigerator for up to 2 days or freeze for up to 3 months.",https://recipes.heart.org/en/recipes/peach-strawberry-and-cottage-cheese-protein-smoothie,AHA
Oatmeal Raisin Walnut Cookies,Desserts,"Soft, chewy, and studded with nuts, these cookies are a much healthier version of a classic cookie. Don’t be surprised when you open the cookie jar and find only crumbs!",,124,"1/2 cup raisins
1 cup trans fat free tub margarine
1/4 cup stevia sugar blend
1 large egg
1/2 cup unsweetened applesauce
2 cups all-purpose flour
1 teaspoon ground cinnamon
1 teaspoon vanilla extract
3/4 teaspoon salt
3/4 teaspoon baking powder
1/2 cup uncooked rolled oats
1/2 cup chopped walnuts","Preheat the oven to 350°F.
Put the raisins in a small microwaveable bowl. Cover them with water. Microwave on 100 percent (high) for 2 to 3 minutes. Let the raisins soak for 10 to 15 minutes. Drain well in a colander. Set aside.
In a large bowl, using an electric mixer on medium high, beat the margarine and stevia sugar blend until just blended. Beat in the egg and applesauce.
In a medium bowl, stir together the flour, cinnamon, vanilla, salt, and baking powder. Gradually beat the flour mixture into the stevia sugar blend mixture just until moistened but no flour is visible.
Gently fold in the oats, walnuts, and raisins.
Using 2 tablespoons, drop the dough about 2 inches apart on a large baking sheet or two small baking sheets to make 24 cookies. With the palm of your hand or a fork, lightly flatten each cookie.
Bake for 10 to 12 minutes, or until the bottoms are golden brown.","Servings 24 | Total Time 27 min | Quick Tips: Tip: Be sure to take the extra step to soak the raisins before folding them into the batter. Because raisins are dry, they tend to absorb the liquid from baked goods, making desserts less moist.",https://recipes.heart.org/en/recipes/oatmeal-raisin-walnut-cookies,AHA
Old-Fashioned Vegetable-Barley Soup,"Main Dishes, One-Dish Meals, Side Dishes, Soups","This quick and easy vegetarian soup, packed with vegetables and a whole grain, can be on your table in about 30 minutes on a chilly day.",,129,"Cooking spray
1 teaspoon olive oil
1/2 medium onion, chopped
1 medium rib of celery, chopped
1 garlic clove, minced
1 (14.5-ounce) can no-salt-added diced tomatoe, undrained
1 1/2 cups frozen mixed vegetables
1 1/2 cups low-sodium vegetable broth
1 cup chopped kale
1/2 cup water
1/4 cup uncooked quick-cooking barley
1/2 teaspoon dried basil, crumbled
1/2 teaspoon dried oregano, crumbled
1/8 teaspoon pepper
1 tablespoon plus 1 teaspoon shredded or grated Parmesan cheese","Lightly spray a large Dutch oven with cooking spray. Add the oil, swirling to coat the bottom. Cook the onion and celery over medium-high heat until golden, about 3 minutes, stirring occasionally. Add the garlic and cook for 10 seconds. Stir in the remaining ingredients except the Parmesan. Bring to a boil over medium-high heat. Reduce the heat and simmer, covered, for 10 to 12 minutes, or until the barley is cooked.
Ladle into soup bowls. Sprinkle with the Parmesan.",Servings 4 | Total Time 45 min | Quick Tips: Tip: Look for bags of washed and chopped kale in the produce section of your supermarket.,https://recipes.heart.org/en/recipes/old-fashioned-vegetable-barley-soup,AHA
Olive Oil Mashed Potatoes,Side Dishes,"Get your comfort from this creamy American side dish, which uses healthy olive oil instead of butter to add flavor and richness.",,134,"1 1/2 pounds small Yukon Gold potatoes, halved or cut into 2-inch pieces
6 garlic cloves
1/4 cup olive oil (extra virgin preferred)
1/2 teaspoon black pepper (freshly ground)
1/4 teaspoon salt
1 cup chopped green onions","Put the potatoes, garlic, and salt in a large saucepan. Pour in enough water to cover the potatoes. Bring to a boil over high heat. Boil for 15 to 20 minutes, or until the potatoes are soft. Transfer the potatoes and garlic to a colander. Drain well. Return them to the pan.
Using the tines of a fork, mash the potatoes and garlic, being sure to crush each piece of potato and each garlic clove.
Add the green onions, oil, and pepper, stirring until well combined.",Servings 8 | Total Time 30 min,https://recipes.heart.org/en/recipes/olive-oil-mashed-potatoes,AHA
Overnight No-Cook Banana Oatmeal,"Main Dishes, One-Dish Meals, Breakfast","For a weekday morning rush, you’ll be glad you prepared this American, Simple Cooking with Heart breakfast recipe the evening before. Or, let your child take the reins and mix the oatmeal together.",,443,"2 1/2 cups fat-free milk
1 tablespoon honey
1 teaspoon vanilla extract
3 1/2 cups uncooked oatmeal (not instant or quick-cooking)
2 medium bananas, peeled, halved lengthwise, and sliced crosswise
1/4 cup chopped unsalted pecans or walnuts","In a large, resealable container or bowl, stir together the milk, honey, and vanilla. Stir in the oatmeal. Cover and refrigerator overnight.
Remove the oatmeal from the refrigerator. Spoon it into bowls. Top each serving with the bananas and pecans.","Servings 4 | Total Time 5 min | Quick Tips: Cooking Tip: Prefer oatmeal with a thick consistency? If so, add another heap of oatmeal. Prefer it looser? Add a few more splashes of milk. Tip: To ripen green bananas, remove any plastic wrapping and store them at room temperature until ripe. Store ripe bananas in the refrigerator; their peel will darken, but the fruit will remain fresh. Peel and freeze overripe bananas to use in smoothies or baking. Tip: Baking raw, dry oats for 1 hour at 250˚F will destroy any bacteria that may cause a foodborne illness.",https://recipes.heart.org/en/recipes/overnight-no-cook-banana-oatmeal,AHA
Oat Avocado-Berry Breakfast Bars,"Snacks, Breakfast",This is the perfect breakfast bar for any busy morning. Make ahead and refrigerate to enjoy the next morning or individually wrap and freeze them for a grab-and-go breakfast later in the week.,,152,"Cooking spray
1 3/4 cups low-fat granola (lowest added sugar available)
1 1/2 cups whole-wheat flour
2 tablespoons firmly packed brown sugar
1 teaspoon ground cinnamon
1/4 teaspoon salt
1/2 cup fat-free sour cream
2 tablespoons canola or corn oil
1/2 cup pitted coarsely chopped dates
1/2 cup avocado
1 cup frozen unsweetened blueberries
1 tablespoon grated orange peel
1 teaspoon cornstarch","Preheat the oven to 350°F. Lightly spray a 13 x 9 x 2-inch baking pan with cooking spray.
Put the granola in a food processor. Pulse three times to break apart the large pieces (it should look like rolled oats). Transfer the granola to a large bowl. Stir in the flour, brown sugar, cinnamon, and salt until combined. Add the sour cream and oil.
Using a pastry blender or large fork, blend the mixture until it resembles pea-size crumbs.
Press half of the granola mixture into the baking pan to form a crust. Set aside the remaining half.
Bake for 20 minutes, or until slightly browned. Transfer to a cooling rack. Let cool to room temperature.
Meanwhile, in a food processor, process the dates until smooth. Add the avocado, processing until smooth. Add the blueberries, orange zest, and cornstarch, processing until smooth.
Spoon the filling onto the cooled crust. Use a spatula to spread it. Sprinkle the reserved granola mixture over the filling. Bake for 15 minutes, or until the topping is slightly browned and the filling is set.
Transfer the baking pan to a cooling rack. Let cool. Cut into 15 bars.",Servings 15 | Total Time 45 min | Quick Tips: Cooking Tip: Store these bars in an airtight container in the refrigerator for up to two days or wrap them individually and freeze them for up to three months.,https://recipes.heart.org/en/recipes/oat-avocado-berry-breakfast-bars,AHA
Oaxacan Avocado Jicama Appetizer,"Appetizers, Snacks","Try this unique avocado appetizer recipe using jicama, a Mexican root vegetable, for a crispy and healthy alternative to crackers.",,44,"12 large very thin slices jícama
1 large slightly firm but ripe avocado, peeled, pitted, and coarsely grated
1/3 cup diced slightly firm but ripe mango
1 tablespoon minced green onions
1 tablespoon shelled, unsalted pumpkin seeds
1 tablespoon chili verde (green salsa) (lowest sodium available)
Grated lime peel (from 1 or 2 medium limes)","Using a round cookie cutter, cut a 2-inch round from each slice of jícama.
In a small bowl, stir together the avocado, mango, green onions, pumpkin seeds, and chile verde until well combined. Top the jícama slices with the avocado mixture. Sprinkle with the lime zest.",Servings 12 | Total Time 10 min,https://recipes.heart.org/en/recipes/oaxacan-avocado-jicama-appetizer,AHA
Matcha Mini Cakes,Desserts,"Matcha, a brilliant green powdered tea full of antioxidants, is featured in these tiny, lightly sweetened cakes made with eggs. This dessert is ready in 1 hour.",,144,"Cooking spray
1/2 cup all-purpose flour
1 teaspoon matcha green tea powder
1/4 teaspoon baking powder
1/4 teaspoon baking soda
1/4 cup fat-free plain Greek yogurt
1 large egg
1 large egg white
2 tablespoons unsweetened applesauce
1 1/2 tablespoons sugar
1/2 teaspoon vanilla extract
3 ounces fat-free ricotta cheese
1 ounce fat-free cream cheese
1/2 teaspoon no-calorie sweetener OR
2 packets no-calorie sweetener
1/4 teaspoon matcha green tea powder
1 cup hulled, sliced strawberries","Preheat the oven to 350°F. Lightly spray 4 cups of a standard 12-cup muffin pan or 4 cavities of an 8-cavity mini loaf pan with cooking spray.
In a small bowl, stir together the flour, matcha powder, baking powder, and baking soda. Set aside.
In a medium bowl, whisk together the yogurt, egg, egg white, applesauce, sugar, and vanilla. Stir the flour mixture into the yogurt mixture until well combined and smooth. Spoon 1/4 cup batter into each of the 4 cups or cavities of the pan.
Bake for 14 minutes, or until a wooden toothpick inserted in the center of a cake comes out clean. Remove the pan from the oven. Let stand for 5 minutes. Turn out the cakes. Transfer to a cooling rack. Let cool for 30 minutes.
Meanwhile, in a microwaveable bowl, microwave the ricotta cheese and cream cheese on 100 percent power (high) for 15 seconds. Transfer the mixture to a food processor or blender. Process for 30 seconds, or until creamy. Add the sweetener and matcha powder. Pulse until well combined, scraping down the sides as needed. Refrigerate, covered, for 30 minutes, or until completely cooled.
Spread 2 tablespoons of frosting over each cake. Top each with the strawberries.",Servings 4 | Total Time 35 min,https://recipes.heart.org/en/recipes/matcha-mini-cakes,AHA
"Mango, Avocado, and Black Bean Salad","One-Dish Meals, Main Dishes, Salads, Side Dishes","This Simple Cooking with Heart recipe is a colorful, festive and flavorful vegetarian dish that’s easy to make!",,218,"1 head romaine, torn into bite-size pieces
1 (15.5-ounce) can no-salt-added black beans, drained and rinsed
1 (15.25-ounce) can no-salt-added or low-sodium whole-kernel corn, drained and rinsed
2 medium mangoes, cut into 1/2-inch cubes
1 medium avocado, cut into 1/2-inch cubes
2 medium green onions, cut into 1/2-inch pieces OR
1/2 small red or white onion, cut into 1/2-inch pieces
1 medium red or green bell pepper, cut into 1/2-inch pieces
1 small fresh jalapeño, seeds and ribs discarded, finely chopped (optional)
3 tablespoons fresh lime juice
2 tablespoons chopped fresh cilantro
1 tablespoon olive oil
1/2 teaspoon chili powder
1/4 teaspoon pepper
1/4 teaspoon salt","Put the romaine on plates or in bowls. Set aside.
In a medium bowl, stir together the beans, corn, mango, avocado, onions, bell peppers, and jalapeño.
In a small bowl, whisk together the lime juice, cilantro, oil, chili powder, pepper, and salt until well mixed. (You can also put the ingredients in a Mason jar with a secure lid and shake.) Pour over the bean mixture, gently tossing to coat.
Spoon over the romaine.","Servings 6 | Total Time 20 min | Quick Tips: Cooking Tip: Scoop up this salad with crunchy vegetables, such as cucumber or jicama sliced crosswise into rounds. Keep it Healthy: Rinsing and draining canned beans helps remove some of the extra sodium. Tip: To make this an entrée, put one serving on a 6-inch whole-wheat tortilla (lowest sodium available) or in a half whole-wheat pita pocket (lowest sodium available). Tip: Store this salad in the refrigerator, covered, up to 5 days.",https://recipes.heart.org/en/recipes/mango-avocado-and-black-bean-salad,AHA
Mixed Berry Ice Pops,Desserts,Enjoy these no-sugar-added sweet tart frozen treats. Five ingredients are all you need.,,56,"1 cup fat-free plain Greek yogurt
1/2 teaspoon stevia sweetener OR
1 stevia sweetener packet
5 drops unflavored liquid stevia sweetener
1 squeeze strawberry kiwi stevia water enhancer
1 1/2 cup frozen mixed berries","In a medium bowl, stir together the yogurt, stevia sweetener, liquid stevia sweetener, and stevia water enhancer. Gently fold in the berries.
Spoon the mixture into four ice pops molds. Secure the tops on the ice pop molds. Freeze for 4 hours, or until the ice pops are frozen solid.
If you don’t have ice pops molds, you can substitute four 6- to 8-ounce plastic or paper cups. Pour the mixture into the cups. Cut four 3- to 4-inch pieces of aluminum foil. Using one piece of foil for each cup, securely cover the top and sides of the cup. Poke a ice pop stick into each cup through the middle of the foil. (The foil will help the stick stay in place while freezing.)
To serve, dip the ice pop mold or plastic or paper cup quickly into warm water to help loosen the ice pop.",Servings 4 | Total Time 5 min | Quick Tips: Tip: Store the ice pops in the freezer for up to one month.,https://recipes.heart.org/en/recipes/mixed-berry-ice-pops,AHA
Maple-Glazed Sweet Potato Casserole,Side Dishes,"Slash the calories of a classic dish and welcome a new holiday favorite. Whipping up egg whites and folding into the mashed sweet potatoes is an easy, healthy way to create lightness in this recipe from the Simple Cooking with Heart program.",,249,"Cooking spray
1 (40-ounce) can chopped sweet potatoes or yams in light syrup, drained
1 1/4 teaspoon pumpkin pie spice, divided use
1 teaspoon vanilla extract
1/4 teaspoon salt
2 large egg whites
1/4 cup unsalted pumpkin seeds
2 tablespoons pure maple syrup
2 tablespoons all-purpose flour
1 tablespoon olive oil","Preheat the oven to 400°F. Lightly spray a 1 1/2-quart baking dish with cooking spray.
In a large bowl, using a potato masher or fork, mash the potatoes. (Alternatively, put the sweet potatoes in a large resealable plastic bag. Securely seal the bag. Using your hands mash the sweet potatoes. Transfer to a large bowl.) Stir in 1 teaspoon pumpkin pie spice, vanilla, and salt until well blended. Transfer the sweet potato mixture into the baking dish.
In a large metal or glass bowl, using an electric mixer on high speed, beat the egg whites for 3 to 4 minutes, or until stiff peaks form (the peaks don't fall when the beaters are lifted). (Alternatively, using a fork or hand whisk, whisk the eggs whites until frothy.) Using a spatula, gently fold the egg whites into the sweet potato mixture.
In a small bowl, stir together the pumpkin seeds, maple syrup, flour, oil, and remaining 1/4 teaspoon pumpkin pie spice. Sprinkle over the sweet potatoes.
Bake for 20 to 25 minutes, or until the sweet potatoes are fluffy and the topping is golden brown.","Servings 6 | Total Time 37 min | Quick Tips: Cooking Tip: Even a single drop of egg yolk will prevent egg whites from forming peaks when beaten, so separate eggs very carefully. If you're using more than one egg, crack just one egg and drain the white into a small bowl. Pour the yolk into a separate bowl. Pour the white into the mixing bowl. Repeat with the remaining eggs. That way you won't spoil the entire bowl of whites if a yolk breaks. If you do get a speck of yolk in the white, blot the yolk up with the corner of a paper towel. Tip: You can use replace the canned sweet potatoes with 40 ounces frozen chopped sweet potatoes, cooked, or 5 cups peeled, cooked, and chopped fresh sweet potatoes (1 1/2 to 2 pounds) if you prefer.",https://recipes.heart.org/en/recipes/maple-syrup-glazed-sweet-potato-casserole,AHA
Muesli,"Main Dishes, One-Dish Meals, Snacks","This Simple Cooking with Heart recipe is for a Swiss, no-cook dish called muesli that can be eaten with milk or yogurt for breakfast, it can also be portioned into storage bags as a portable snack. Also, this is a recipe that kids can do entirely on their own—measuring out the ingredients and then mixing together in a bag.",,323,"1 1/2 cups rolled oats
1 1/2 cups whole-wheat bran flakes
1/2 cup raisins OR
1/2 cup dried unsweetened cranberries
1/4 cup hulled sunflower seeds (dry-roasted preferred)
1/4 cup chopped unsalted walnuts (dry-roasted preferred) OR
1/4 cup chopped unsalted almonds (dry-roasted preferred)
4 cups fat-free milk or unsweetened almond milk OR
4 cups fat-free plain yogurt","In a medium bowl, stir together the oats, bran flakes, raisins, sunflower seeds, and nuts.
Put 1 cup of the oat mixture in each bowl. Pour 1 cup milk in each bowl. (If using the yogurt, spoon 1 cup on top of the mixture.) Stir to combine.","Servings 4 | Total Time 5 min | Quick Tips: Tip: Store the muesli in an airtight container for up to one month at room temperature. Tip: To keep nuts from spoiling, store them in an airtight container in the refrigerator for up to six months or in the freezer for up to one year.",https://recipes.heart.org/en/recipes/muesli,AHA
Mediterranean Bowl,One-Dish Meals,Discover the versatility of whole grain sorghum – a plant-based protein perfect for main dishes or sides.,,488,"1 cup uncooked whole grain sorghum
1/4 cup olive, canola or corn oil
2 tablespoons lime juice (from 1/2 medium lime)
1 tablespoon chopped cilantro
1 garlic clove, minced
1/2 to 1 teaspoon Dijon mustard (lowest sodium available)
1/4 to 1/2 teaspoon ground cumin
1/4 teaspoon salt
1/4 teaspoon pepper
1 cup grape or cherry tomatoes (about ½ pint), halved
1 (15.5-ounce) can no-salt-added chickpeas, cannellini beans, red kidney or black beans, drained and rinsed
1/2 cup jarred roasted red bell peppers
1/2 cup frozen shelled edamame, thawed
1/2 cup chopped cucumber
1/2 cup chopped green onions, green parts only (about 4 medium)
1/4 cup fat-free feta cheese
1/2 medium avocado, pitted and sliced into 8 slices","Prepare the sorghum using the package directions, omitting the salt.
Meanwhile, in a small bowl, whisk together the dressing ingredients. Set aside.
In a medium bowl, stir together the tomatoes, beans, bell peppers, edamame, cucumber and green onions. Stir in the cooked sorghum. Pour the dressing all over, stirring to coat.
Put the sorghum mixture into serving bowls. Sprinkle with the feta. Top with the avocado slices.",Servings 4 | Total Time 30 min,https://recipes.heart.org/en/recipes/mediterranean-bowl,AHA
Mediterranean Salad,"Salads, Side Dishes","Olive oil, low-fat feta cheese, dark leafy greens, beans, onions and tomatoes are all basic Mediterranean ingredients and are featured in this salad recipe.",,142,"1 medium head lettuce (green leaf, red leaf or romaine), cut into thin strips
1 medium cucumber, chopped
1/2 cup chopped tomatoes
1 (15.5-ounce) no-salt-added garbanzo beans (chickpeas), drained and rinsed
1/2 medium red onion, finely sliced
1/2 cup crumbled fat-free or low-fat feta cheese OR
1/2 cup shredded Parmesan cheese
2 tablespoons extra-virgin olive oil
2 tablespoons red wine vinegar OR
2 tablespoons cider vinegar
1/2 teaspoon garlic powder
1/2 teaspoon pepper","In a large bowl, gently toss the lettuce, cucumber, tomatoes, chickpeas, onion, and feta.
In a small bowl, whisk together the oil, vinegar, garlic powder, and pepper.
Pour the dressing over the salad, tossing to combine.",Servings 4 | Total Time 10 min,https://recipes.heart.org/en/recipes/mediterranean-salad,AHA
Minted Sugar Snap Peas,Side Dishes,"This minty seasonal side dish will bring freshness to any meal. For information on women and heart disease, visit Go Red for Women.",,40,"1 teaspoon olive oil (extra virgin preferred)
1 whole carrot, cut into matchstick-size strips, small
8 ounces sugar snap peas (about 2 cups)
1 tablespoon chopped fresh mint
1/4 teaspoon garlic powder
1/4 teaspoon salt
1/8 teaspoon pepper","In a medium skillet, heat the oil over medium-high heat, swirling to coat the bottom. Cook the carrot for 1 to 2 minutes, or until tender-crisp, stirring occasionally.
Stir in the peas. Cook for 30 seconds, or until tender-crisp, stirring occasionally.
Stir in the remaining ingredients. Cook for 10 to 15 seconds, or until the mint has wilted.",Servings 4 | Total Time 10 min,https://recipes.heart.org/en/recipes/minted-sugar-snap-peas,AHA
Mediterranean Couscous Salad with Chickpeas,"Main Dishes, One-Dish Meals, Salads","Grapes add sweetness to this easy, This Simple Cooking with Heart, no-cook dish that works easily for a packed lunch to work or for dinner.",,466,"1 cup uncooked whole-wheat couscous
2 medium cucumbers, peeled, cut into 1-inch pieces
1 1/2 cups green or purple grapes, halved
3 green onions, chopped (about 1/4 cup)
1 (15.5-ounce) can no-salt-added or low-sodium garbanzo beans (chickpeas), drained and rinsed
1/3 cup chopped kalamata olives
2 tablespoons dried parsley, crumbled OR
1/2 cup chopped fresh parsley
1 1/2 tablespoons olive oil
1 tablespoon fresh lemon juice
1/4 cup fat-free feta cheese, crumbled","Prepare the couscous using the package directions, omitting the salt.
Meanwhile, in a large bowl, stir together the cucumbers, grapes, and onions.
Using a fork, fluff the couscous. Stir into the cucumber mixture. Stir in the chickpeas, olives, parsley, oil, and lemon juice. Sprinkle with the feta.","Servings 4 | Quick Tips: Cooking Tip: When cooking with naturally salty ingredients, such as feta cheese and olives in this recipe, you can reduce or eliminate adding salt to the dish. Keep it Healthy: When using canned products, such as beans and vegetables, rinse and drain them to remove some of the excess sodium added during the canning process. Tip: An English cucumber can be substituted for two medium regular cucumbers. English cucumbers, however, are often more expensive.",https://recipes.heart.org/en/recipes/mediterranean-couscous-salad-with-chickpeas,AHA
Massaged Kale Salad,"Salads, Side Dishes, Snacks","Unlike other greens such as spinach or Swiss chard, kale is sturdier and tougher. To get raw kale tender, this recipe’s technique of massaging a salad dressing into the leaves works wonders, from Simple Cooking with Heart.",,184,"3 tablespoons fresh lemon juice
2 tablespoons canola or corn oil
1/2 teaspoon yellow or Dijon mustard (lowest sodium available)
1/8 teaspoon pepper (freshly ground preferred)
8 cups chopped kale (1/2-inch pieces), any large stems and ribs discarded (about 1 large bunch)
3 tablespoons unsalted shelled sunflower seeds OR
3 tablespoons unsalted shelled pumpkin seeds (pepitas)
2 tablespoons shredded or grated Parmesan cheese","In a large bowl, whisk together the lemon juice, oil, mustard, and pepper. Add the kale. Using your fingers, gently massage the dressing into the kale until the kale has wilted from 8 cups to 6 cups (this will take a few minutes).
Just before serving, sprinkle the salad with the sunflower seeds and Parmesan.",Servings 4 | Total Time 10 min | Quick Tips: Cooking Tip: Adding a dab of mustard to homemade vinaigrettes helps keep the oil and vinegar together. Keep it Healthy: Kale is a powerhouse with its profusion of vitamins and minerals. Consider keeping a bag in the freezer so you can toss a handful or two into soups or stews for added nutrition. Tip: Massaging the dressing into the kale leaves tenderizes them and mellows any bitter flavor.,https://recipes.heart.org/en/recipes/massaged-kale-salad,AHA
Moroccan Lentil Stew with Butternut Squash,"Soups, One-Dish Meals","The addition of cumin, coriander, and cinnamon herald Moroccan flavors from spices that are probably already hanging out in the spice cabinet.",,270,"1 teaspoon canola oil OR
1 teaspoon corn oil
1 medium onion (yellow preferred), diced
2 garlic cloves, minced or 1 teaspoon jarred minced garlic (optional)
1 1/2 teaspoons ground cumin
1 1/2 teaspoons ground coriander
1 teaspoon ground cinnamon
1/2 teaspoon salt
1/4 teaspoon pepper
1 (2-pound) butternut squash, peeled, seeds and strings discarded, chopped into 1-inch cubes (about 4 cups) OR
1 (20-ounce) package frozen butternut squash cubes
5 cups low-sodium vegetable broth
1 (28-ounce) can no-salt-added diced tomatoes
1 (15-ounce) can no-salt-added lentils OR
3/4 cup dried lentils, sorted for stones and shriveled lentils, rinsed, and drained
3/4 cup chopped fresh cilantro
1 teaspoon grated lemon peel","In a large pot or Dutch oven, heat the oil over medium-high heat, swirling to coat the bottom. Cook the onion for 3 minutes, or until soft, stirring frequently.
Stir in the garlic, cumin, coriander, cinnamon, salt, and pepper. Cook for 1 minute, or until the garlic and spices are fragrant. Stir in the butternut squash, broth, tomatoes, and lentils.
Bring to a boil. Reduce the heat to low. Simmer, covered, for 40 minutes, or until the lentils are tender. Sprinkle with the cilantro and lemon zest.","Servings 8 | Total Time 1 hr | Quick Tips: Cooking Tip: Ground cinnamon isn't just for desserts. Consider adding it to stews and chilis for a touch of earthiness. Keep it Healthy: If you can't find no-salt-added canned lentils, opt for the dried version. Tip: You can substitute cubed acorn squash or sweet potatoes for the butternut squash.",https://recipes.heart.org/en/recipes/moroccan-lentil-stew-with-butternut-squash,AHA
Linguine with Cannellini Beans and Summer Squash,"Main Dishes, One-Dish Meals","This one-dish heart-healthy pasta meal from Go Red includes fresh seasonal vegetables and protein-packed beans. For information on women and heart disease, visit Go Red for Women.",,346,"8 ounces dried whole-grain linguine
1 teaspoon olive oil
1/2 small red onion, thinly sliced
1 small zucchini, halved, thinly sliced crosswise
1 small yellow summer squash, halved, thinly sliced crosswise
2 tablespoons water
1/4 teaspoon pepper
1 (15.5-ounce) can cannellini beans, drained and rinsed
1 large tomato, chopped
2 tablespoons chopped fresh basil
1/4 cup shredded or grated Parmesan cheese
2 tablespoons balsamic vinegar
1/4 teaspoon salt","Prepare the pasta using the package directions, omitting the salt. Drain well in a colander.
Meanwhile, in a large nonstick skillet, heat the oil over medium heat, swirling to coat the bottom. Cook the onion for 3 to 4 minutes, or until tender-crisp.
Stir in the squashes, water, and pepper. Cook for 6 to 8 minutes, or until the squashes are tender-crisp, stirring occasionally.
Stir in the beans, tomato, basil, and vinegar. Cook for 3 minutes, or until heated through, stirring occasionally. Stir in the salt.
Serve the bean mixture over the pasta. Sprinkle with the Parmesan.",Servings 4 | Total Time 30 min | Quick Tips: Tip: Serving size 1 cup pasta and 1 cup bean and squash mixture,https://recipes.heart.org/en/recipes/linguine-with-cannellini-beans-and-summer-squash,AHA
Kid-Friendly Cottage Cheese Very Blueberry Pancakes,"Main Dishes, One-Dish Meals, Breakfast","Simple Cooking with Heart these American, good-for-you blueberry pancakes made with cottage cheese your kids can help make.",,248,"3 large egg whites OR
2 large eggs
3/4 cup low-fat, no-salt-added or low-sodium cottage cheese
1/2 cup fat-free milk
1 cup whole-wheat flour
1 teaspoon baking soda
2 teaspoons sugar
1 (12-ounce) package frozen blueberries (with liquid), thawed
Cooking spray","In a medium bowl, stir together the egg whites, cottage cheese, and milk.
In a large bowl, stir together the flour, baking soda, and sugar. Pour the egg mixture into the flour mixture. Stir just until moistened but no flour is visible. Do not overmix.
Gently fold the blueberries with the liquid into the batter.
Lightly spray a griddle or large skillet with cooking spray. Heat over medium-high heat. For each pancake, ladle a 1/4 cup of batter onto the griddle. Cook for 3 to 4 minutes, or just until bubbles begin to form on the top of the pancakes and the edges are a little dry. Reduce the heat to medium low. Gently turn over the pancakes. Cook for about 3 minutes, or until the second side is golden brown and the pancakes are fairly firm to the touch.
Transfer the pancakes to a cooling rack, placing them in a single layer and leaving space between. Repeat with the remaining batter.",Servings 4 | Total Time 25 min,https://recipes.heart.org/en/recipes/kid-friendly-cottage-cheese-very-blueberry-pancakes,AHA
Kid-Friendly Big Green Monster Smoothie,"Main Dishes, One-Dish Meals, Breakfast","This yummy smoothie is a great way to get a lot of fruits and vegetables in at one time! Smoothies are fun for kids and adults, so you can make a big one and share with the whole family.",,53,"1 large green apple, unpeeled, cored, and cut into pieces
1 to 2 handfuls of baby spinach
1/4 cucumber, peeled and cut into pieces, large
1 medium kiwifruit, peeled and cut into large pieces
2 tablespoons fresh lemon juice
1 cup fat-free milk
2 teaspoons honey
1 cup ice cubes","In a food processor or blender, process all the ingredients until thoroughly blended.","Servings 6 | Total Time 10 min | Quick Tips: Cooking Tip: For additional flavor options, try adding a sprinkle of ground cinnamon, dash of vanilla extract, or pinch of grated fresh gingerroot. Cooking Tip: Experiment with other green produce, such as parsley, pears, peas, kale, leaf lettuce, greens, or green beans. Tip: If ice cubes aren’t available, chill the ingredients before processing.",https://recipes.heart.org/en/recipes/kid-friendly-big-green-monster-smoothie,AHA
Korean Vegetable Pancakes,"Main Dishes, Breakfast","A unique twist on the traditional breakfast staple, these Korean pancakes are a good way to get vegetables into kids, or just a change of pace from more sugar-filled breakfast requests. These thin pancakes are almost a cross between a crepe and a typical pancake.",,183,"2 1/2 cups ice-cold water
1/2 cup roughly chopped carrots
1/2 cup roughly chopped zucchini
1/2 cup roughly chopped cauliflower
1/2 cup roughly chopped broccoli
1/4 cup roughly chopped scallions, \
1 1/4 cups all-purpose, whole-wheat flour
2 large eggs
1/4 teaspoon salt
1/4 teaspoon ground black pepper","Add enough ice cubes into 2 1/2 cups water to make water ice-cold.
In the bowl of a food processor, add carrots, zucchini, cauliflower, broccoli, and scallions. Pulse to puree vegetables until finely chopped-but be careful not to turn the vegetables into liquid.
Into a large bowl, add flour, eggs, salt, and pepper. Pour in 2 cups of cold water (without ice cubes). Use a fork to whisk mixture together until combined. Stir in the pureed vegetables. Aim for a pancake-like batter consistency, adding 1 to 2 tablespoons more water if needed.
Coat an 8-inch nonstick pan with cooking spray and warm over medium-high heat. Add 1/2 cup batter into the center of the pan. Cook until edges begin to get golden-about 2 to 3 minutes-and then use a spatula to carefully flip. Cook another 1 to 2 minutes until the side is golden. Transfer pancake to a plate. Spray pan with cooking spray and repeat continually until all 8 pancakes are made.","Servings 4 | Total Time 15 min | Quick Tips: Cooking Tip: 2 cups of any finely chopped vegetables can be used in this recipe, not just the ones listed—anything from green beans to peas to bell peppers to cabbage. Just purée in the food processor like instructed in recipe. Keep it Healthy: Pancakes aren’t just for breakfast. Smear a little fat-free cream cheese onto half the pancake, fold into quarters or roll up, and pack into a school lunchbox for a different sort of sandwich for your children. Tip: To make a dipping sauce for the pancakes, mix together 2 tablespoons less-sodium soy sauce, 1 tablespoon water, and 1 tablespoon white vinegar together with 1/2 teaspoon granulated sugar and 1/2 teaspoon (optional) hot red pepper flakes.",https://recipes.heart.org/en/recipes/korean-vegetable-pancakes,AHA
Kid-Friendly White Bean and Avocado Wrap,"Main Dishes, One-Dish Meals, Snacks","This kid-friendly favorite makes a delicious meal or snack that you can have again and again, and your kids can even make it themselves!",,339,"3 tablespoons vinegar (red wine, white, or apple cider)
1 1/2 teaspoons extra-virgin olive oil
1 teaspoon honey
1/8 teaspoon pepper
1 medium carrot, shredded
2 cups shredded green or purple cabbage OR
2 cups shredded romaine lettuce or torn baby spinach
1/2 cup cherry tomatoes, quartered
2 tablespoons coarsely chopped fresh cilantro, divided use
1 (15.5-ounce) can no-salt-added white beans, such as navy, cannellini, or Great Northern, drained and rinsed
1 medium ripe avocado, quartered
4 (8-inch) whole-wheat or corn tortillas (lowest sodium available)","In a medium bowl, whisk together the vinegar, oil, honey, and pepper.
Stir in the carrot, cabbage, tomatoes, and 1 tablespoon cilantro, tossing gently. Let stand for 15 minutes.
In a small bowl, gently stir together the beans and avocado. Using the back of a fork, mash the mixture until thoroughly blended and spreadable.
Place the tortillas on a cutting board or clean, flat surface. Spoon two heaping tablespoons of the mixture down the center of each, stopping about two inches from the edges.
Stir the cabbage mixture. Spoon two heaping tablespoons on top of the bean mixture.
Sprinkle with the remaining 1 tablespoon cilantro.
Fold the sides of the tortillas over the filling.","Servings 4 | Total Time 20 min | Quick Tips: Tip: You can substitute black, pinto, kidney, or garbanzo beans for the white beans if you prefer. Tip: When buying tortillas, compare nutrition labels and choose the product with the lowest amount of sodium. Tip: To get the kids involved in the kitchen, ask them to help with age-appropriate tasks, such as measuring, peeling, whisking, stirring, mashing, and assembling.",https://recipes.heart.org/en/recipes/kid-friendly-white-bean-and-avocado-wrap,AHA
Indian-Spiced Pumpkin-Apple Soup,"Main Dishes, One-Dish Meals, Soups","Garam masala, a blend of several dry-roasted ground spices often used in Indian cooking, adds warmth to this creamy autumnal soup — a perfect light lunch or side dish on a crisp fall day.",,129,"1 tablespoon garam masala
1 teaspoon canola or corn oil
2 peeled apples, such as Fuji or Gala, chopped into 1-inch pieces
1 medium onion, chopped into 1-inch pieces
1 cup water, divided use
2 cups canned can solid-pack pumpkin (not pie filling)
1 1/2 cups can fat-free, low-sodium vegetable broth
1/4 teaspoon ground cinnamon OR
1/4 teaspoon ground curry powder
1/2 cup fat-free milk
1/4 cup fat-free sour cream (optional)
1 tablespoon plus 1 teaspoon dry-roasted unsalted shelled pumpkin seeds","In a medium saucepan, heat the oil over medium-high heat, swirling to coat the bottom. Cook the apples and onion for 5 minutes, or until soft, stirring frequently.
Pour in 1/4 cup water. Cook, covered, for 7 minutes, or until the apples and onion are very soft, uncovering only once or twice to add 2 tablespoons of water as needed to prevent sticking (adding no more than 1/4 cup water total).
Gently stir in the pumpkin, broth, garam masala, cinnamon and remaining 1/2 cup water. Increase the heat to high and bring to a boil. Reduce the heat and simmer, covered, for 10 minutes.
In a food processor or blender (vent the blender lid), process the soup in batches for 10 to 15 seconds, or until slightly chunky. Carefully return to the pan.
Slowly pour in the milk, stirring until blended. Cook over medium heat for 30 seconds, or until heated through.
Garnish each serving with the sour cream and pumpkin seeds.","Servings 4 | Total Time 30 min | Quick Tips: Tip: This soup tastes even better the next day because the flavors blend. To make the soup the day before, prepare the recipe through the blender step and then cover and refrigerate for 8 to 12 hours. Just before reheating, stir in the milk. Cook over medium heat for 5 minutes, or until heated through, stirring gently. Don’t let the soup boil.",https://recipes.heart.org/en/recipes/indian-spiced-pumpkin-apple-soup,AHA
Italian Caprese Avocado Toast,"One-Dish Meals, Snacks, Appetizers","It’s understandable why avocado toasts are so popular; the spreadable avocado is both a delicious and simple breakfast solution. Slathering it on toast and topping with the simple ingredients of a Caprese salad is a healthy, quick start to the day.",,188,"1 medium avocado, coarsely chopped
1/4 cup fresh basil leaves, finely sliced
1/8 teaspoon pepper
4 slices whole-grain or whole-wheat bread, toasted
1 pint cherry tomatoes, halved
1/4 cup shredded fat-free mozzarella cheese
2 teaspoons balsamic vinegar","In a small bowl, using a fork, mash the avocado. Gently stir in the basil and pepper.
Spread the avocado mixture on each slice of toast. Top with the tomatoes cut side down.
Sprinkle the mozzarella over the tomatoes. Drizzle with the balsamic vinegar.","Servings 4 | Total Time 10 min | Quick Tips: Cooking Tip: To melt the mozzarella, place the bread slices with the avocado mixture, tomatoes, and cheese on top under the broiler for 1 to 2 minutes, or until the mozzarella has melted and browned. Tip: If the avocado is ripe but still a bit firm, process the flesh with the basil leaves in a food processor or blender.",https://recipes.heart.org/en/recipes/italian-caprese-avocado-toast,AHA
Honey and Spice Pears,"Desserts, Snacks","Enjoy a delicate dessert by cooking seasonal pears in a light homemade syrup. For information on women and heart disease, visit Go Red for Women.",,126,"1 cup 100% cranberry juice
1/2 to 3/4 teaspoon ground cinnamon
1/8 to 1/4 teaspoon ground allspice
4 small firm pears (about 6 ounces each), peeled, halved, and cored
2 tablespoons dried unsweetened cherries or cranberries
1 1/2 tablespoons honey","In a large nonstick skillet, stir together the cranberry juice, cinnamon, and allspice. Add the pears and cherries. Bring to a boil over medium-high heat. Cook, covered, for 5 minutes, or until the pears are just tender-crisp. Transfer the pears with the cut side down to a serving plate, leaving the liquid in the skillet.
Cook the liquid, still on medium high, for 2 1/2 to 3 minutes, or until reduced to a scant 1/4 cup, stirring frequently. Remove from the heat. Stir in the honey. Spoon over the pears. Let cool completely, about 20 minutes. Turn the pears several times to coat with the sauce or transfer them to plates and spoon the sauce on top.",Servings 4 | Total Time 30 min,https://recipes.heart.org/en/recipes/honey-and-spice-pears,AHA
Herbed Veggie Skillet,Side Dishes,"Savory herbs add full flavor to this easy mixed vegetable dish. For information on women and heart disease, visit Go Red for Women.",,69,"2 teaspoons canola or corn oil
8 ounces zucchini, sliced
1/4 cup sliced onion
1/4 cup diced green bell pepper
3/4 cup frozen whole kernel corn
1/3 cup diced tomato
2 tablespoons water, plus more if needed
1/8 teaspoon dried basil, crumbled
1/8 teaspoon dried marjoram, crumbled
1/8 teaspoon dried oregano, crumbled, to taste
pepper to taste","In a large nonstick skillet, heat the oil over medium-high heat, swirling to coat the bottom. Cook the zucchini, onion, and bell pepper for 3 minutes, or until the onion is soft, stirring frequently.
Stir in the remaining ingredients except the pepper. Cook, covered, for 5 minutes, or until the zucchini is tender, adding more water if necessary. Sprinkle with the pepper.",Servings 4 | Total Time 15 min,https://recipes.heart.org/en/recipes/herbed-veggie-skillet,AHA
Heart-Healthy Maple-Spiced Pecans,Snacks,"With their crunchy texture and rich flavor, pecans are a delicious way to make your food satisfying, and they’re good for your health. Like other nuts, pecans are a good source of fiber, protein and antioxidants. In this recipe, the combination of spices provide layers of sweetness without the need for excess added sugar.",,214,"1 large egg white
2 tablespoons pure maple syrup
2 teaspoons ground cinnamon
1 teaspoon ground ginger
1/2 teaspoon cayenne
1/4 teaspoon salt
1/2 pound pecan halves
Cooking spray (optional)","Preheat the oven to 325°F.
In a large glass or metal bowl, whisk the egg white until frothy.
Whisk in the maple syrup.
Whisk in the cinnamon, ginger, cayenne, and salt.
Using a spatula, gently fold the pecans into the egg whites, coating them evenly.
To prevent the nuts from sticking, line a baking sheet with a silicone baking mat, or lightly spray the baking sheet with cooking spray. Spread the pecans onto the baking sheet in a single layer, separating any nuts that stick together.
Bake for 8 minutes.
Remove the baking sheet from the oven. Using a spatula or spoon, break up any clumps. Bake for 7 minutes.
Remove the baking sheet from the oven. Stir the nuts so they do not stick together. Cool the nuts completely before storing them in an airtight container.","Servings 8 | Total Time 10 min | Quick Tips: Tip: Serve the nuts as a snack, or use them as a topping for yogurt or in your favorite salad.",https://recipes.heart.org/en/recipes/heart-healthy-maple-spiced-pecans,AHA
Hoppin' John,Side Dishes,"A traditional Southern dish that’s frequently served on New Year’s Day, Hoppin’ John is thought to bring great prosperity to those who eat it. The black-eyed peas symbolize coins, and the collard greens represent wealth. Regardless of what you believe, this dish will help you stick to your resolution to eat heart healthy.",,248,"1 teaspoon olive oil
1/2 cup chopped onion
1 medium rib of celery, chopped
1/2 medium red bell pepper, chopped
1/2 medium yellow bell pepper, chopped
2 garlic cloves, minced
4 cups can fat-free, low-sodium vegetable broth
3 cups coarsely chopped collard greens, any large stems discarded
1 (16-ounce) package frozen black-eyed peas (no need to thaw)
1 (14.5-ounce) can no-salt-added diced tomatoes, undrained
3/4 cup uncooked brown rice (short-grain preferred)
2 teaspoons salt-free Creole or Cajun seasoning blend
1/2 teaspoon salt
1/4 teaspoon crushed red pepper flakes","In a large stockpot or Dutch oven, heat the oil over medium-high heat, swirling to coat the bottom. Cook the onion, celery, bell peppers, and garlic for 5 to 6 minutes, or until the vegetables are soft, stirring occasionally.
Stir in the remaining ingredients and bring to a simmer. Reduce the heat and simmer, covered, for 40 to 45 minutes, or until the rice is tender, stirring once halfway through.",Servings 6 | Total Time 1 hr,https://recipes.heart.org/en/recipes/hoppin-john,AHA
Huevos Rancheros,"Main Dishes, One-Dish Meals, Breakfast","A classic Mexican breakfast, traditional huevos rancheros (translated as “rancher’s eggs” or “country-style eggs”) are fried eggs served on hot corn tortillas and smothered in cooked salsa. When you cut into this healthier version, the yolks of the sunny-side-up eggs meld deliciously with the mild salsa, hearty beans, melted cheese, and creamy avocado.",,334,"1 teaspoon canola oil, or OR
1 teaspoon corn oil
1/2 cup diced yellow onion (1 small)
1/2 cup diced poblano pepper, seeds and ribs discarded (1 large)
1 small fresh jalapeño pepper, seeds and ribs discarded, minced
1 1/2 teaspoons minced garlic
1 (14.5-ounce) can no-salt-added crushed tomatoes (fire-roasted preferred)
2 tablespoons water
1/4 teaspoon salt
1 teaspoon canola oil (or) OR
4 large eggs
4 (6-inch) corn tortillas, warmed
1 (15.5-ounce) can no-salt-added black beans, drained and rinsed
1/4 cup shredded low-fat 4-cheese Mexican blend
1 small avocado, quartered, sliced
2 tablespoons chopped fresh cilantro (optional)
1 medium lime, cut into 4 wedges (optional)","In a medium saucepan, heat 1 teaspoon oil over medium heat, swirling to coat the bottom. Cook the onion for 2 minutes, or until almost soft, stirring frequently. Cook the poblano and jalapeño peppers for 2 minutes, stirring frequently. Stir in the garlic. Cook for 1 minute. Stir in the tomatoes, water, and salt. Bring to a boil. Reduce the heat to low. Simmer for 5 minutes. Remove from the heat. Cover to keep warm.
In a medium nonstick skillet, heat the remaining 1 teaspoon oil over medium heat, swirling to coat the bottom. Cook the eggs for 3 to 4 minutes, or until the whites are set and the edges are fully cooked.
Place a tortilla on each plate. Top each tortilla with the beans and an egg. Being careful not to break the yolk, gently top each egg with the warm salsa, cheese, and avocado slices.
Sprinkle each serving with the cilantro. Serve with a lime wedge.","Servings 4 | Total Time 20 min | Quick Tips: Cooking Tip: Handling Hot Chiles: Hot chiles contain oils that can burn your skin, lips, and eyes. Wear disposable gloves or wash your hands thoroughly with warm, soapy water immediately after handling hot chiles. Examples of hot chiles are Anaheim, ancho, bhut jolokia (ghost), cascabel, cayenne, cherry, chipotle, habanero, Hungarian wax, jalapeño, poblano, Scotch bonnet, serrano, and Thai. A rule of thumb is that the smaller the pepper, the hotter it is.",https://recipes.heart.org/en/recipes/huevos-rancheros,AHA
Habichuelas Rosadas a la Caribeña (Caribbean Pink Beans),"Main Dishes, One-Dish Meals, Soups","Check out this Dominican inspired, Simple Cooking with Heart dish featuring pink beans called Habichuelas Rosadas a la Caribeña, which means Caribbean Pink Beans. Beans are one of the most economical and nutritious protein foods around. And dried beans cost just pennies per pound -- a terrific and versatile food to always have in your heart healthy pantry.",,117,"1 pound pink, pinto, or light red kidney beans, sorted for stones and shriveled beans, rinsed and drained
2 quarts water
1 (28-ounce) can no-salt-added crushed tomatoes, drained
1 medium red bell pepper, finely chopped
1 small white onion, finely chopped
2 tablespoons chopped fresh cilantro
2 tablespoons chopped fresh parsley OR
2 teaspoons dried parsley, crumbled
1 tablespoon jarred minced garlic OR
6 garlic cloves, minced","Soak the beans overnight using the package directions. Drain well in a colander.
Transfer the beans to a large stockpot. Pour in the water. Bring to a boil over medium heat. Cook for 1 hour and 30 minutes, or until the beans are soft, stirring occasionally.
Stir in the remaining ingredients. Cook for 20 minutes, still over medium heat, stirring occasionally.","Servings 16 | Total Time 1 hr 50 min | Quick Tips: Tip: Dried beans are one of the most inexpensive proteins you can buy. They are only pennies per pound, so be sure to stock up on them. They'll last for a year in an airtight container. Cooking Tip: Serve as a side dish or as an entrée to serve 8.",https://recipes.heart.org/en/recipes/habichuelas-rosadas-a-la-caribea-caribbean-pink-beans,AHA
Hot-and-Sour Soup,"One-Dish Meals, Main Dishes, Side Dishes, Soups","This Go Red recipe for a Chinese-favorite soup with tofu is a great vegetarian source of protein. For information on women and heart disease, visit Go Red for Women.",,47,"4 cups can fat-free, low-sodium vegetable broth
2 tablespoons cornstarch
1 1/2 tablespoons water
1/2 cup thinly sliced green cabbage or bok choy
1/2 cup shiitake, cloud ear, or other exotic mushrooms (shiitake stems discarded)
3 medium green onions, sliced
1 tablespoon minced peeled ginger
1 tablespoon soy sauce (lowest sodium available)
4 ounces firm, light tofu, cut into bite-size strips
1/2 cup vinegar, or to taste
1 1/2 teaspoons pepper, or to taste
1/4 cup egg substitute
1/2 teaspoon toasted sesame oil","In a stockpot, bring the broth to a boil over high heat.
Meanwhile, put the cornstarch in a small bowl. Add the water, stirring to dissolve.
Add the cabbage, mushrooms, green onions, gingerroot, and soy sauce to the boiling broth. Return to a boil. Stir in the cornstarch mixture. Boil for 1 to 2 minutes. Stir in the tofu, vinegar, and pepper. Reduce the heat to a simmer.
Stirring constantly and gently, slowly drizzle the egg substitute into the simmering soup. Remove from the heat. Stir in the sesame oil. Cook’s Tip:The “handful of whatever’s handy” method works just fine in this very adaptable soup. Snow peas, broccoli florets, shredded carrots, canned water chestnuts, or bamboo shoots would be good substitutes in or additions to the recipe.",Servings 6 | Total Time 20 min | Quick Tips: Tip: Serving size 3/4 cup.,https://recipes.heart.org/en/recipes/hot-and-sour-soup,AHA
Gazpacho,"Main Dishes, One-Dish Meals, Side Dishes, Soups","Here is a super refreshing Spanish Simple Cooking with Heart recipe that is great during the hot summer months when you don't feel like heating up the kitchen. It's low in calories, chock full of vitamins - plus it's a great way to enjoy summer fresh veggies!",,84,"6 small ripe tomatoes, peeled and seeded
2 cups low-sodium tomato juice OR
2 (14.5 ounce) cans no-salt-added tomatoes, undrained
1 medium cucumber, peeled and seeded
3 medium ribs of celery, chopped
1 medium bell pepper (red or green), finely chopped
1 small red onion, finely chopped
2 medium green onions, finely chopped
1/4 cup red wine vinegar
2 tablespoon chopped fresh parsley OR
2 teaspoons dried parsley, crumbled
medium Juice from 1 lemon
1 garlic clove, chopped OR
1/2 teaspoon jarred minced garlic
1/2 teaspoon crushed red pepper flakes (optional)
1/4 teaspoon pepper
1/4 teaspoon dried Italian seasoning, crumbled","In a food processor or blender, process all the ingredients until combined, but slightly chunky.
Transfer the soup to an airtight container. Refrigerate for up to 2 hours to overnight before serving.","Servings 6 | Total Time 15 min | Quick Tips: Cooking Tip: If you don't have a food processor or blender, try to dice the vegetables as finely as possible. Then mix and mash them with a potato masher for about 2 minutes to allow the flavors to blend. Cooking Tip: To peel tomatoes, place the fruit on a microwaveable plate and microwave on 100% power (high) for 30 seconds. Let stand for 2 minutes. The skin will be looser and easier to remove after microwaving.",https://recipes.heart.org/en/recipes/gazpacho,AHA
Greek Frittata with Spinach Goat Cheese and Roasted Red Bell Peppers,"Appetizers, Snacks, Main Dishes","Surprise! You can make brunch in a slow cooker. This veggie-packed frittata is infused with Mediterranean flavors. Invite your friends over, toss a fresh fruit salad, toast some whole-grain country bread, and you&rsquo;re ready for an almost effortless get-together.",,121,"Cooking spray
4 large eggs
4 large egg whites
1/3 cup low-fat milk
1/2 teaspoon dried oregano, crumbled
1/4 teaspoon salt
1/4 teaspoon pepper
1 (10-ounce) package frozen chopped spinach, thawed, drained, and squeezed until very dry
1/2 cup bottled roasted red bell peppers, drained, patted dry, and chopped
3 ounces soft goat cheese, crumbled
2 small green onions, thinly sliced","Lightly spray the slow cooker with cooking spray.
In a large bowl, whisk together the eggs, egg whites, milk, oregano, salt, and pepper. Stir in the remaining ingredients. Pour into the slow cooker.
Cook, covered, on low for 2 1/2 to 3 hours, or until set (the frittata doesn’t jiggle when the slow cooker is gently shaken). Using a wide spatula, gently lift the frittata out of the slow cooker. Transfer to a cutting board. Let stand for 5 minutes before slicing.","Servings 6 | Total Time 3 hr 5 min | Quick Tips: Cooking Tip: Don’t be alarmed by the liquid in the slow cooker when the frittata is done—and don’t drain it off. By letting it stand, you give the liquid time to absorb into the frittata, preserving its moisture and flavor.",https://recipes.heart.org/en/recipes/greek-frittata-with-spinach-goat-cheese-and-roasted-red-bell-peppers,AHA
Guacamole Deviled Eggs,"Snacks, Appetizers","Deviled eggs always bring a crowd-pleasing touch to start a meal or small party. Using guacamole as the base is a heart-healthy way to indulge in deviled eggs, as avocado subs for the majority of egg yolk in this recipe.",,71,"9 large eggs
1 medium avocado, halved and pitted
1 to 2 Italian plum (Roma) tomatoes, seeded and finely chopped (about 1/3 cup)
1/4 cup finely chopped green onions
2 tablespoons fat-free sour cream
1 to 2 teaspoons finely chopped fresh jalapeños, seeds and ribs discarded (optional)
1 1/2 teaspoons fresh lime juice
1/4 teaspoon salt
pinch of pepper
1 1/2 tablespoons chopped fresh cilantro (optional)","Add the eggs to a large pot. Fill the pot with enough water to cover the eggs. Bring to a boil over high heat. As soon as the water comes to a boil, remove the pan from the heat. Cover. Let stand for 10 minutes. Drain. Transfer the eggs to a bowl filled with cold water.
When the eggs are cool enough to handle, remove the shells. Slice each egg in half lengthwise. Remove the yolks. Add 2 whole egg yolks to a medium bowl. (Save the remaining 7 egg yolks for another use.) Place the egg white halves on a platter.
Using a spoon, scoop the avocado into the bowl with the egg yolks. Using a fork, mash together.
Stir in the tomatoes, green onions, sour cream, jalapeño, lime juice, salt, and pepper.
Using a teaspoon or small (1-inch) portion scoop, place the avocado mixture into each egg white half, dividing the mixture equally. Sprinkle each with 1/4 teaspoon cilantro.","Servings 9 | Total Time 25 min | Quick Tips: Cooking Tip: Be sure to remove the seeds of the tomato. Otherwise, they make the guacamole too runny. Keep it Healthy: More egg whites were used than egg yolks to limit the saturated fat, which is found in the yolks. Tip: For a fancy presentation, such as for a party or holiday appetizer, add the avocado mixture to a quart-size resealable plastic bag. Using kitchen scissors, snip a small hole in one of the bottom corners. Squeeze the mixture through the hole in a circular motion, creating swirls, to fill each egg white.",https://recipes.heart.org/en/recipes/guacamole-deviled-eggs,AHA
Gazpacho Pasta Salad - Delicious Decisions,"Salads, One-Dish Meals, Side Dishes",The low-sodium version of either spicy mixed-vegetable juice or Bloody Mary mix is the base for the fast dressing that goes into this garden-fresh entrée salad.,,247,"8 ounces dried whole-grain fusilli or rotini
2 ounces spinach (about 2 cups), chopped
1 small cucumber, quartered lengthwise, sliced crosswise
4 ounces cherry or grape tomatoes (about 1 cup), halved
1 cup cooked, shelled edamame (green soybeans)
1 small green or red bell pepper, chopped
1/3 cup finely chopped red onion
1/4 cup snipped, fresh parsley
3/4 cup low-sodium spicy mixed-vegetable juice OR
3/4 cup low-sodium Bloody Mary mix
3 tablespoons fresh lime juice
1 garlic clove, minced
1 medium avocado, chopped
red hot pepper sauce (optional)","Prepare the pasta using the package directions, omitting the salt. Drain in a colander. Run under cold water to stop the cooking process and cool quickly. Drain well. Transfer to a large bowl.
Add the spinach, cucumber, tomatoes, edamame, bell pepper, onion, and parsley, tossing to combine.
In a small bowl, stir together the vegetable juice, lime juice, and garlic. Pour into the pasta mixture, tossing to coat. Gently stir in the avocado. Cover and refrigerate for 1 to 4 hours before serving. Serve with the hot-pepper sauce to sprinkle on top.","Servings 6 | Total Time 30 min | Quick Tips: Keep it Healthy: For 8 ounces of spicy mixed-vegetable juice, the regular variety can contain 600 mg or more of sodium. We call for the low-sodium product, which for the equivalent amount has less than one-third the sodium. Be sure to look for the lowest-sodium Bloody Mary mix you can find if you opt for that ingredient. Most regular mixes contain over 1,000 mg of sodium in 8 ounces. Tip: Serving size 1 1/2 cups.",https://recipes.heart.org/en/recipes/gazpacho-pasta-salad---delicious-decisions,AHA
Grab-and-Go Breakfast Pitas - Delicious Decisions,"Main Dishes, One-Dish Meals, Breakfast","No waiting in a drive-through line for these portable pitas! The protein and whole wheat will keep you going through the morning—without the saturated fat, cholesterol, and sodium of fast food.",,148,"2 (6-inch) whole-wheat pita pockets
1 teaspoon canola or corn oil
1/4 cup chopped green onions
2/3 cup soy-based sausage crumbles
1 cup egg substitute
2 tablespoons salsa (lowest sodium available)","In a medium skillet on medium-high heat, warm the pitas slightly, about 30 seconds on each side. Transfer to a plate and cover with another plate to keep warm.
Pour the oil in the skillet, swirling to coat the bottom. Cook the green onions for about 2 minutes, or until beginning to soften.
Stir in the sausage crumbles. Cook for about 2 minutes, or until just heated through.
Pour in the egg substitute. Reduce the heat to medium low. Cook for 2 to 3 minutes, or until set, stirring often.
Cut the pitas in half. Spoon the egg mixture into each. Drizzle with the salsa.","Servings 4 | Total Time 15 min | Quick Tips: Tip: Soybeans provide easily digested high-quality protein and essential amino acids. Meat-free soy-based products that replace sausage, bacon, and burgers offer all the taste without the fat. Tip: Serving size 1 stuffed pita half.",https://recipes.heart.org/en/recipes/grab-and-go-breakfast-pitas---delicious-decisions,AHA
Hit the Trail Granola Bar,"Snacks, Breakfast",These fruity and nutty snack or breakfast bars are under 100 calories and have zero added sugars. Warm spices and flavors of caramel and coconut will have you making these bars over and over again.,,93,"Cooking spray
2 large egg whites
1/4 cup low-sodium peanut butter
2 teaspoons stevia sweetener OR
4 stevia sweetener packets
5 squeezes caramel-flavored liquid stevia sweetener
5 squeezes coconut-flavored liquid stevia sweetener
1 teaspoon ground cinnamon
1/4 teaspoon ground ginger
1/8 teaspoon ground nutmeg
1 cup uncooked rolled oats
1 cup puffed rice cereal
1/4 cup sliced, or, slivered almonds
1/4 cup unsweetened dried cranberries
1/4 cup dry-roasted wheat germ","Preheat the oven to 350° F. Lightly spray an 8-inch square baking pan with cooking spray.
In a medium bowl, stir together the egg whites, peanut butter, stevia sweetener, both flavors of liquid stevia sweetener, cinnamon, ginger, and nutmeg.
Add the oats, cereal, wheat germ, almonds, and cranberries. Stir well to combine.
Spread the mixture into the pan, pressing down with the back of a spoon or a dry measuring cup. Bake for 20 to 25 minutes, or until golden brown. Transfer to a cooling rack. Let cool for at least 30 minutes before cutting into bars.",Servings 12 | Total Time 30 min,https://recipes.heart.org/en/recipes/granola-bars,AHA
Grilled Avocado with Strawberry and Honey,"Appetizers, Snacks, Desserts","This fresh summer dessert is a perfect finale to any grilled entrée. It’s sweet, simple, and super delicious.",,165,"2 cups strawberries, hulled and quartered
1 tablespoon honey
2 small avocados, halved and pitted
Cooking spray
2 tablespoon chopped fresh mint","In a small bowl, gently stir together the strawberries and honey. Cover and refrigerate for 1 to 4 hours, stirring occasionally to let the strawberries macerate and release their natural juices.
When the strawberries are ready, preheat the grill on medium high.
Lightly spray each avocado with cooking spray. Place the avocados on the grill with the stem side facing 10 o’clock. Grill for 1 to 2 minutes. Rotate the avocados so that the stem side is facing 2 o'clock. Grill for 1 to 2 minutes. Transfer the avocado halves to plates with the flesh side up.
Fold the mint into the strawberry mixture.
Spoon the strawberry mixture over each avocado half.",Servings 4 | Total Time 10 min,https://recipes.heart.org/en/recipes/grilled-avocado-with-strawberry-and-honey,AHA
Green Beans and Red Potatoes,Side Dishes,"Adding fresh green beans to this potato side dish invites the flavor of Spring to any meal. For information on women and heart disease, visit Go Red for Women.",,49,"8 ounces green beans, trimmed, cut into 2-inch pieces
8 ounces red potatoes, cut into 12-inch cubes
2 tablespoons chopped fresh parsley
1 1/2 teaspoons light tub margarine, divided use
1 tablespoon light tub margarine
1/4 teaspoon salt
1/8 teaspoon pepper, to taste
1/8 teaspoon paprika","In a large saucepan, steam the green beans and potatoes for 8 minutes, or until the potatoes are tender. Transfer to a medium serving bowl.
Add the remaining ingredients, stirring until the paprika is well combined.",Servings 6 | Total Time 30 min | Quick Tips: Tip: Serving size 1/2 cup,https://recipes.heart.org/en/recipes/green-beans-and-red-potatoes,AHA
Grilled Fruit Kebabs with Balsamic Drizzle,"Desserts, Side Dishes, Snacks",Threading fruit on skewers is a fun way to get kids to help in the kitchen. A balsamic-honey glaze makes this a delicious side dish or dessert.,,201,"1 pound hulled strawberries
2 cups pineapple chunks
2 cups watermelon chunks
2 medium bananas, peeled and cut into thick pieces
2 tablespoons balsamic vinegar
1 tablespoon canola oil OR
1 tablespoon corn oil
2 teaspoons honey","Soak eight 9- to 12-inch wooden skewers for at least 10 minutes in cold water to keep them from charring, or use metal skewers. Set aside.
Preheat the grill on medium high.
Thread the fruit onto the 8 skewers in this order: strawberry, pineapple, watermelon, banana, strawberry, pineapple, watermelon, and banana. Transfer the skewers to a platter or baking sheet.
In a small bowl, using a fork, whisk together the vinegar, oil, and honey. Using a basting brush, brush about half the vinegar mixture over the fruit to glaze it.
Grill the kebabs for about 8 to 10 minutes, or until the fruit is caramelized, turning the kebabs several times and basting with the remaining vinegar mixture.","Servings 4 | Total Time 15 min | Quick Tips: Tip: Choose a firm watermelon that is heavy for its size, with no bruises. cuts, or dents. It should have a yellow spot on it, called the ""ground spot.""",https://recipes.heart.org/en/recipes/grilled-fruit-kebabs-with-balsamic-drizzle,AHA
Ginger Pumpkin Soup,"Soups, Appetizers","Fresh ginger adds a delightful kick to this bisque that delivers on richness without the fat of heavy cream. To turn this into an appetizer for the holidays, consider adding a mound of fresh crabmeat to the center of each soup.",,138,"1 1/2 teaspoons canola oil OR
1 1/2 teaspoons corn oil
1 medium onion, finely minced
3/4 tablespoon minced peeled ginger OR
1/2 teaspoon ground ginger
2 garlic cloves, minced OR
1 teaspoon jarred minced garlic
1/2 teaspoon dried thyme, crumbled
1/4 teaspoon ground cinnamon
1/4 teaspoon pepper (freshly ground preferred)
1/8 teaspoon salt
1 tablespoon all-purpose flour
1 (14.5-ounce) can fat-free, low-sodium vegetable broth
1 cup water
2 (15-ounce) cans solid-pack pumpkin (not pie filling)
1 cup fat-free milk
1/4 cup fat-free sour cream (optional)
2 tablespoons chopped chives (optional)","In a large heavy pot, heat the oil over medium-high heat, swirling to coat the bottom. Cook the onion for 6 to 8 minutes, or until very soft, stirring occasionally.
Stir in the ginger, garlic, thyme, cinnamon, pepper, and salt. Cook for 1 minute, stirring constantly. Stir in the flour. Pour in the broth and water. Using a spatula, scrape the bottom of the pot to dislodge any browned bits. Stir in the pumpkin. Bring the mixture to a boil. Reduce the heat to low and simmer for 10 minutes.
Stir in the milk. Remove from the heat. Ladle the soup into bowls.
Garnish with the sour cream and chives.","Servings 4 | Total Time 30 min | Quick Tips: Tip: If you prefer to dice or chop the onion rather than finely mince it, you can puree the soup with an immersion blender when it's finished cooking. Or you can process the soup in a food processor or blender (vent the blender lid) until smooth. Carefully return the soup to the pot.",https://recipes.heart.org/en/recipes/ginger-pumpkin-bisque,AHA
Garden Vegetable Stir-Fried Sorghum,One-Dish Meals,Our take on a classic Chinese one-dish meal is a delicious way to load up on vegetables and whole grains.,,282,"1 cup uncooked whole grain sorghum
2 teaspoons sesame oil
2 garlic cloves, minced OR
2 teaspoons jarred minced garlic
1 teaspoon minced peeled ginger
1 cup broccoli florets, chopped, thawed if frozen
1 cup snow peas, trimmed and halved
1/2 cup carrot strips, sliced into matchstick-size
1/2 cup red bell pepper, diced
1/2 cup mushrooms, thinly sliced
1/2 cup frozen shelled edamame, thawed
2 large eggs
2 tablespoons soy sauce (lowest sodium available), divided use
1/2 cups water chestnuts, drained and rinsed
1/4 cups diagonally sliced green onions, green parts only (about 2 medium)","Prepare the sorghum using the package directions, omitting the salt. Once cooked, spread the sorghum in an even layer on a rimmed baking sheet or in a 13 x 9 x 2-inch baking dish. Let stand for 5 to 10 minutes at room temperature. Refrigerate, uncovered, for 20 minutes, or until cool.
In a large nonstick skillet, Dutch oven or wok, heat the oil over medium heat, swirling to coat the bottom. Cook the garlic and gingerroot for 30 seconds, stirring frequently. Increase the heat to medium high. Cook the broccoli, snow peas, carrots, bell pepper, mushrooms and edamame, for 10 to 12 minutes, or until the vegetables are tender-crisp, stirring frequently.
Meanwhile, in a small bowl, using a fork, beat together the eggs and 1 tablespoon soy sauce.
Reduce the heat to medium. Stir the water chestnuts and sorghum into the vegetable mixture. Push the mixture to the sides of the skillet. Pour the egg mixture into the center of the skillet. Using a heatproof rubber scraper, stir for 1 to 2 minutes, or until partially set.
Stir the vegetable mixture into the partially cooked egg mixture. Cook for 1 minute, or until the eggs are cooked through and the sorghum is heated through, stirring constantly. (The USDA recommends cooking egg dishes to 160˚F.)
Remove from the heat. Stir in the remaining 1 tablespoon soy sauce. Sprinkle with the green onions.","Servings 4 | Total Time 30 min | Quick Tips: Cooking Tip: Why use cold sorghum? The coolness helps to dry out the grains for a better texture. If you start with warm, just-cooked sorghum, your dish will turn out soggy. To get a jumpstart on the next day’s dinner, prepare the sorghum ahead of time and refrigerate, covered, for up to two days. Tip: To save some time, buy the packaged shredded carrots. They’re already peeled and cut into thin strips.",https://recipes.heart.org/en/recipes/garden-vegetable-stir-fried-sorghum,AHA
Green Bean Casserole,Side Dishes,"Check out this great Simple Cooking with Heart, heart-healthy version of an American holiday favorite!",,77,"1 pound frozen green beans (French cut preferred), thawed
1 (10.5-ounce) can reduced-fat, low-sodium cream of mushroom soup
1/2 cup low-fat sour cream
1/2 teaspoon pepper
1 small onion, cut into thin strips
Cooking spray
1/4 cup whole-wheat flour","Preheat the oven to 350˚F.
In a 13 x 9 x 2-inch glass baking dish, stir together the green beans, soup, sour cream, and pepper until well blended. Bake for 20 minutes.
Meanwhile, spread out the onion strips on a baking sheet. Lightly spray the onion strips with cooking spray.
Sprinkle the flour over the onion strips, tossing to coat.
Lightly spray a medium-large skillet with cooking spray. Cook the onions on medium-high heat for 3 to 4 minutes, or until crispy, stirring occasionally.
When the casserole is done baking, remove it from the oven. Stir half of the onions into the green bean mixture.
Top with the remaining onions. Bake for 5 minutes, or until the onions on top are browned.",Servings 8 | Total Time 30 min,https://recipes.heart.org/en/recipes/green-bean-casserole,AHA
Fitter Corn Fritters with Avocado,"Appetizers, Main Dishes, One-Dish Meals, Side Dishes, Snacks, Breakfast","These fritters can be served as an afternoon snack, a side dish for dinner, or drizzled with a hint of pure maple syrup for breakfast.",,132,"3 large ears of corn, husks and silk discarded, kernels cut off the cobs
2 large eggs
1 medium avocado, halved, pitted and coarsely mashed with a fork
3/4 cup all-purpose flour
1/4 cup fat-free milk
2 tablespoons chopped fresh chives
1 teaspoon baking powder
1/4 teaspoon salt
1/8 teaspoon pepper (freshly ground preferred)
1 tablespoon canola or corn oil, divided use
Cooking spray","In a medium bowl, stir together the corn, eggs, avocado, flour, milk, chives, baking powder, salt, and pepper.
In a large nonstick skillet, heat 1 1/2 teaspoons oil over medium-high heat, swirling to coat the bottom. Lightly spray a 1/4-cup measuring cup with cooking spray. Using the measuring cup, scoop up the avocado mixture and mound it in the skillet. Fit as many fritters as you can without overcrowding the skillet (about 5). Using a spatula that has been lightly sprayed with cooking spray, gently press down on the fritters.
Cook the fritters for 2 to 3 minutes, or until golden brown. Turn over. Using the spatula, gently press down on the fritters. Cook for 2 to 3 minutes, or until golden brown. Transfer to a large plate or platter lined with paper towels.
In the same skillet, still over medium-high heat, heat the remaining 1 1/2 teaspoons oil, swirling to coat the bottom. Repeat the cooking process with the remaining batter. Reduce the heat if the fritters are cooking too fast and starting to burn. Serve warm.","Servings 10 | Total Time 30 min | Quick Tips: Cooking Tip: You can use three cups of frozen corn to replace the fresh corn in the recipe. Make sure you thaw the corn and drain off any excess liquid. Keep it Healthy: You can also use canned corn for this recipe, but be sure you buy the no-salt-added variety. One half-cup of regular canned corn contains about 300 milligrams of sodium. Tip: To remove the kernels from the cob without making a mess, invert a small bowl inside a large bowl. Stand the cob on the small bowl. Using a sharp knife, slowly slice down the cob, letting the kernels fall into the large bowl.",https://recipes.heart.org/en/recipes/fitter-corn-fritters-with-avocado,AHA
Fruit Salad with Lemon-Mint Yogurt Dressing,"Salads, Side Dishes","Cool off with this colorful summer fruit salad. For information on women and heart disease, visit Go Red for Women.",,66,"1/2 cup fat-free, no-sugar-added vanilla yogurt
1 tablespoon chopped fresh mint
1 teaspoon honey
1/2 teaspoon grated lemon peel
1 tablespoon fresh lemon juice
1/2 cup cantaloupe balls
1/2 cup blackberries
1/2 cup raspberries
1/2 cup fresh or canned pineapple chunks, packed in juice, drained (fresh preferred)
4 sprig fresh mint (optional)","In a small bowl, whisk together the dressing ingredients.
In a medium bowl, gently stir together the salad ingredients except the mint, being careful to not crush the berries. Spoon onto small plates. Drizzle with the dressing. Garnish with the mint sprigs.",Servings 4 | Total Time 10 min | Quick Tips: Tip: Serving size 1/2 cup,https://recipes.heart.org/en/recipes/fruit-salad-with-lemon-mint-yogurt-dressing,AHA
French-Style Bean Stew,Main Dishes,"This savory vegetarian stew will make meatlovers forget there's no meat! For information on women and heart disease, visit Go Red for Women.",,359,"2 medium dried bay leaves
6 cups water
8 ounces dried black beans (1 1/4 cups), sorted for stones and shriveled beans, rinsed and drained
2 medium carrots, chopped
Cooking spray
1/2 cup dry white wine (regular or nonalcoholic)
1 1/2 teaspoon dried fennel seeds, crushed
4 garlic cloves, crushed, minced
8 ounce dried Great Northern beans or other white beans (1 1/4 cups), sorted for stones and shriveled beans, rinsed and drained
1 large green bell pepper, chopped
1/4 cup light or dark molasses
1 large onion, chopped
1/2 to 3/4 teaspoon crushed red pepper flakes
3 medium ribs of celery
1/2 teaspoon salt
1/2 teaspoon dried thyme, crushed
2 (8-ounce) cans no-salt-added tomato sauce
1 1/4 cups can fat-free, low-sodium vegetable broth","In a Dutch oven, stir together the water and beans. Bring to a boil over high heat. Reduce the heat and simmer for 5 minutes. Remove from the heat. Let stand, covered, for 1 hour. Or, put the water and beans in a large bowl. Let stand, covered, for 6 to 12 hours. With either method, drain the beans in a colander, rinse, and drain again. Set aside.
When the beans are ready, dry the Dutch oven and lightly spray with cooking spray. Cook the celery, carrots, bell pepper, onion, and garlic over medium heat for 20 minutes, or until tender, stirring occasionally. Stir in the remaining ingredients and the beans. Increase the heat to high and bring to a boil. Reduce the heat and simmer, covered, for 2 1/2 to 3 hours, or until the beans are tender, adding water if necessary and stirring occasionally. Discard the bay leaves before serving the stew.",Servings 6 | Total Time 2 hr 40 min,https://recipes.heart.org/en/recipes/french-style-bean-stew,AHA
Fruity Oatmeal Yogurt Parfaits,"Snacks, Breakfast","This protein-packed breakfast is an easy, healthy way to start the day.",,238,"2 cups fresh or frozen sliced hulled strawberries, thawed and patted dry if frozen (see Tip below)
2 cups fresh or frozen blueberries or fresh or frozen halved blackberries, or a combination, thawed and patted dry if frozen (see Tip below)
1 tablespoon plus 1 teaspoon honey
2 teaspoons ground cinnamon
2 cups water
1 cup uncooked rolled oats
2 cups fat-free plain Greek yogurt","In a medium bowl, gently stir together the strawberries, blueberries, honey, and cinnamon.
In a medium saucepan, bring the water and oats to a boil over medium-high heat. Boil for 5 minutes, stirring occasionally.
In each parfait glass, layer: 1/4 cup oatmeal, 1/4 cup fruit mixture, 1/4 cup yogurt, and 1/4 cup fruit mixture. Repeat the layers.","Servings 4 | Total Time 10 min | Quick Tips: Tip: You can also substitute any fruit for the berries. Apples and pears make a great choice for a fall or wintertime breakfast parfait. Plus, you can use 2 15-ounce cans of fruit, such as peaches, pears, pineapples, and mixed, in their own juices with no added sugars to replace the 4 cups of berries.",https://recipes.heart.org/en/recipes/fruity-oatmeal-yogurt-parfaits,AHA
Fudge Brownies,Desserts,"If you thought brownies were an overindulgence, try our guilt-free version.",,164,"Cooking spray
1/2 cup corn oil OR
1/2 cup canola oil
15 drops chocolate-flavored liquid stevia sweetener
1/4 teaspoon salt
1/2 cup unsweetened cocoa powder
3 large eggs
1 cup all-purpose flour
½ cup slivered or sliced almonds (optional)
3/4 cup stevia sugar blend","Preheat the oven to 350°F. Lightly spray an 8-inch square baking pan with cooking spray.
In a large bowl, stir together the stevia sugar blend, oil, liquid stevia sweetener, and salt until well blended.
Add the cocoa powder. Stir together until well blended. Add the eggs, one at a time, blending well.
Gradually add the flour, stirring just until no flour is visible. Stir in the almonds.
Spoon the batter into the pan. Bake for 25 to 30 minutes, or until the brownies start to pull away from the pan and a wooden toothpick inserted into the center comes out clean.
Transfer the pan to a cooling rack. Let cool completely.",Servings 16 | Total Time 30 min,https://recipes.heart.org/en/recipes/fudgy-fudge-brownies,AHA
Frozen Yogurt Bark,"Desserts, Snacks",This frozen yogurt bark studded with fruit is a fun treat for kids and adults alike. Just note to eat it as soon as pieces are removed from the freezer as it melts in about 15 minutes.,,67,"1 1/2 cups fat-free plain Greek yogurt
2 tablespoons honey or pure maple syrup
2 tablespoons chopped unsalted almonds
1/2 cup finely chopped mango
1/2 cup blueberries
1/4 cup blackberries or raspberries, chopped if large","In a medium bowl, whisk together the yogurt and honey until combined.
Line a 13 x 9 x 2-inch baking dish with parchment paper. Using a spatula or knife, spread the yogurt mixture over the paper as thinly as possible.
Sprinkle the almonds over the yogurt mixture. Using your fingertips, gently press the almonds into the yogurt mixture.
Sprinkle the mango, blueberries, and raspberries over all. Using your fingertips, gently press the fruit into the yogurt mixture.
Cover the dish with plastic wrap or aluminum foil. Freeze overnight.
At serving time, remove the baking dish from the freezer. Gently lift the parchment paper from the dish and transfer to a cutting board. Using your hands, break the bark into pieces (or you may need to hit it lightly on the surface of the cutting board). It's best to eat the bark immediately. It begins to melt 15 minutes after being removed from the freezer.","Servings 8 | Total Time 5 min | Quick Tips: Cooking Tip: Any leftover bark can be wrapped in parchment paper, put in a resealable plastic freezer bag, and frozen for up to one month. Keep it Healthy: Most fruits can be used to make this bark, from pomegranate arils (seeds) in the fall to diced peaches in the summer. Tip: For different variations, try shredded unsweetened coconut, sunflower or pumpkin seeds, and/or chopped pecans or walnuts.",https://recipes.heart.org/en/recipes/frozen-yogurt-bark,AHA
"Eggplant, Cheese & Tomato Bake","Main Dishes, One-Dish Meals","Simple Cooking with Heart helps you enjoy a rainbow of colorful veggies in the classic Italian lasagna style -- and in the process, make it heart-healthier, too.",,161,"Cooking spray
1 large eggplant, sliced (about 16 to 20 slices)
2 medium zucchini, diced
1 medium onion, diced
2 teaspoons olive oil
3 cups sliced button mushrooms
2 tablespoons water
3 garlic cloves, minced OR
1 1/2 teaspoons jarred minced garlic
1/4 teaspoon pepper
1 (28-ounce) can no-salt-added tomato sauce
1 (8-ounce) can no-salt-added tomato sauce
3 tablespoon chopped fresh basil OR
1 tablespoon dried basil, crumbled
3/4 cup fat-free ricotta cheese
1 cup shredded low-fat mozzarella cheese
1 cup plain or whole-wheat bread crumbs OR
1 cup plain or whole-wheat panko (Japanese bread crumbs)","Preheat the oven to 375°F. Lightly spray a large baking sheet and a 13 x 9 x 2-inch baking dish with cooking spray.
Arrange the eggplant, zucchini, and onion in a single layer on the baking sheet. Lightly spray with cooking spray. Cover with aluminum foil. Bake, covered, for 10 minutes. Remove the foil. Bake for 10 minutes.
In a small saucepan, heat the oil over medium heat, swirling to coat the bottom. Cook the mushrooms, water, garlic, and pepper for 6 minutes. Stir in the tomatoes, tomato sauce, and basil. Reduce the heat and simmer for 10 minutes, stirring occasionally.
In the baking dish, layer half the tomato-mushroom mixture; half the eggplant, zucchini, and onion; all the ricotta; half the mozzarella; the remaining tomato-mushroom mixture; and the remaining eggplant, zucchini, and onion. Sprinkle the remaining mozzarella over all. Top with the bread crumbs.
Bake for 30 to 45 minutes. Let cool for 10 minutes.",Servings 8 | Total Time 1 hr 10 min,https://recipes.heart.org/en/recipes/eggplant-cheese--tomato-bake,AHA
Fettuccine Alfredo - Delicious Decisions,"Main Dishes, Side Dishes","Now you can have all the richness of Alfredo sauce with only a fraction of the usual sodium, saturated fat, and calories. The addition of lemon gives this dish a fresh twist.",,235,"1 pound dried whole-grain fettuccine
1 1/2 cups fat-free milk, divided use
2 tablespoons all-purpose flour
1/4 cup plus 1 1/2 tablespoons grated or shredded Parmesan cheese, divided use
1 1/2 tablespoons grated, shredded, or Parmesan cheese, divided use
2 teaspoons fresh lemon juice
1/8 teaspoon pepper (white preferred)
2 tablespoons finely snipped, fresh parsley
1/4 teaspoon salt
1 medium lemon, cut into 4 wedges (optional)","Prepare the pasta using the package directions, omitting the salt. Drain well in a colander. Cover to keep warm.
Meanwhile, in a small bowl, whisk together 1/4 cup milk and the flour until smooth. Heat a medium saucepan over medium heat. Pour the mixture into the saucepan.
Whisk in the remaining 1 1/4 cups milk. Bring to a boil. Cook for 15 minutes, or until thickened, stirring constantly with a flat spatula to keep the sauce from sticking to the bottom of the pan.
Stir in 1/4 cup Parmesan and the lemon juice and pepper.
Transfer the pasta to a platter. Pour the sauce over the pasta. Sprinkle with the parsley, salt, and remaining 1 1/2 tablespoons Parmesan. Garnish with the lemon wedges.",Servings 8 | Total Time 25 min,https://recipes.heart.org/en/recipes/fettuccine-alfredo---delicious-decisions,AHA
Egg and Cheese Wrap,"Main Dishes, One-Dish Meals, Breakfast",Try this quick and easy breakfast recipe from the American Heart Association and Go Red for Women 2016-17 Class of Survivors Chef Amanda DeJesus.,,210,"1 fat-free whole-wheat flour tortilla (warm)
1/4 ripe avocado
2 tablespoons diced tomatoes
1 large egg white, scrambled
1 ounce lowfat Swiss cheese
freshly-ground pepper, to taste","Add diced tomato and cook for 1 minute.
Add egg white to the skillet and cook, stirring, until cooked through, 3-4 minutes. Season with black pepper.
Fold tortilla burrito style and slice in half.
Heat nonstick skillet over medium-high heat.
Spread avocado in center of tortilla. Place egg mixture on top of avocado and sprinkle with cheese.",Servings 1 | Total Time 10 min,https://recipes.heart.org/en/recipes/egg-and-cheese-wrap,AHA
"Egg, Avocado, and Black Bean Breakfast Burrito","One-Dish Meals, Main Dishes, Breakfast",This perfect protein-based breakfast is easy to prepare the night before for a fast flavorful start to your day.,,289,"Cooking spray
1 1/3 cups liquid egg whites
1 (15-ounce) can no-salt-added black beans, drained and rinsed
4 (6-inch) whole-wheat tortillas (lowest sodium available)
2 medium avocados, sliced
1/4 cup hot sauce or salsa (lowest sodium available) (optional)","Lightly spray a large skillet with cooking spray. Heat over medium heat.
Pour the egg whites into the skillet, stirring constantly with a rubber spatula to scramble. Cook until the eggs are almost set. Add the beans, stirring until combined and heated through.
Microwave the tortillas on 100% power (high) for 45 seconds. (This makes them pliable and easier to roll.) Transfer to a work surface.
Spread the egg mixture in the center of each tortilla.
Top with the avocado and hot sauce.
For each burrito, fold two sides of the tortilla toward the center. Starting from the unfolded side closest to you, roll the burrito toward the remaining unfolded side to enclose the filling. Transfer with the seam side down to plates.","Servings 4 | Total Time 15 min | Quick Tips: Cooking Tip: For a quick grab-and-go breakfast, make the burritos the night before and wrap them in parchment paper or wax paper. When you’re ready to eat the burritos, microwave them on 100% power (high) for 2 to 3 minutes.",https://recipes.heart.org/en/recipes/egg-avocado-and-black-bean-breakfast-burrito,AHA
Edamame Salad with Orange-Balsamic Dressing,"One-Dish Meals, Salads","This protein-packed vegetarian salad can be a main course or a side dish. For information on women and heart disease, visit Go Red for Women.",,234,"1 1/2 cups shelled edamame (green soybeans)
1/4 cup fresh orange juice
2 tablespoons Dijon mustard (lowest sodium available)
2 tablespoons balsamic vinegar, divided use
1 tablespoon balsamic vinegar, divided use
1 teaspoon olive oil (extra virgin preferred)
1/4 teaspoon pepper
1 (15.5-ounce) can no-salt-added navy beans, drained and rinsed
1/4 teaspoon salt
2 ounces mixed salad greens, torn into bite-size pieces (about 2 cups)
1/4 medium cucumber, sliced crosswise
1 medium Italian plum (Roma) tomato, diced
1/4 cup shredded carrot
1/4 cup sliced radishes","Prepare the edamame using the package directions, omitting the salt. Meanwhile, in a small bowl, whisk together the orange juice, mustard, 2 tablespoons vinegar, oil, and pepper. Set aside.
In a medium bowl, stir together the edamame, navy beans, salt, and remaining 1 tablespoon vinegar. Let stand for 10 minutes at room temperature or cover and refrigerate until needed, up to five days.
At serving time, put the salad greens on plates. Top, in order, with the cucumber, tomato, carrot, radishes, and bean mixture. Pour the dressing over all.",Servings 4 | Total Time 5 min,https://recipes.heart.org/en/recipes/edamame-salad-with-orange-balsamic-dressing,AHA
Edamame and Penne Salad with Feta,"Side Dishes, Salads, Snacks",Toss this unusual salad together the next time you want something different for a brown-bag lunch. The bright green edamame and shiny black beans provide complementary tastes and a nice color contrast.,,320,"4 ounces dried, whole-grain penne pasta
2 cups frozen shelled edamame (green soybeans), rinsed and drained
1/2 (15-ounce) can no added salt black beans, drained and rinsed
1/2 green onion, chopped
2 fresh parsley, snipped
1 tablespoon grated lemon peel
2 tablespoons fresh lemon juice
1 tablespoon extra virgin olive oil
clove fresh garlic, minced
1 1/2 to 2 tablespoons finely chopped fresh rosemary (or 1/2 teaspoon dried rosemary, crushed)
1/4 teaspoon salt
3 ounces low-fat, crumbled feta cheese","Prepare the pasta using the package directions, omitting the salt and oil. Drain in a colander. Run the pasta under cold water for about 20 seconds to stop the cooking process. Drain well in a colander.
Meanwhile, in a medium bowl, stir together the remaining ingredients except the feta. Using a rubber scraper, fold the pasta and feta into the mixture.","Servings 4 | Total Time 15 min | Quick Tips: Tip: If you make this salad to enjoy the next day or have leftovers, squeeze lemon wedges over it just before serving to “brighten” the flavors.",https://recipes.heart.org/en/recipes/edamame-and-penne-salad-with-feta,AHA
Date Nut Granola Bars,Snacks,"These sweet, chewy granola bars are a perfect go-to snack to enjoy all week long. Popped sorghum adds a surprise ingredient that provides crunchiness. Dry-roasting the oats and nuts give these bars a delicious, toasted flavor.",,173,"Cooking spray
1 1/2 cups rolled oats (not quick cooking)
1/4 cup almond slices or coarsely chopped whole almonds
1/4 cup shelled pistachio nuts, coarsely chopped
1 cup pitted dates
1/2 cup unsweetened dried cranberries
1/4 cup uncooked whole grain sorghum
1/4 cup honey
1/4 cup low-sodium peanut butter
1 teaspoon vanilla extract
1/8 teaspoon salt","Preheat the oven to 350˚F.
Line the bottom and sides of an 8-inch square baking pan with plastic wrap or parchment paper. Lightly spray with cooking spray.
Put the oats, almonds and pistachios on a large baking sheet. Spread them in a single layer. Bake for 10 to 15 minutes, or until lightly brown, stirring occasionally. (Watch carefully so they don’t burn.) Let cool slightly.
In a food processor or blender, process the dates and cranberries for 1 to 1½ minutes, or until chopped and a clumpy consistency. Transfer to a large bowl.
Put half the sorghum in a silicone microwave popcorn bowl or a clean, brown paper lunch bag. If using a microwave popcorn bowl, put on its cover. If using a paper bag, roll it shut and place it in the microwave, with fold facing down. Microwave on 100% (high) for 2 minutes, or until there is more than 10 seconds between pops. Repeat with the remaining half, microwaving for 1½ minutes, or until there is more than 10 seconds between pops. (If some of the sorghum didn’t pop, you can still include it into the mixture for some extra crunch.)
Stir the popped sorghum, oats, almonds and pistachios into the date mixture.
In a small saucepan, heat the honey and peanut butter over low heat for 5 minutes, or until the peanut butter is smooth and the mixture is warmed, stirring occasionally. Remove from the heat. Stir in the vanilla and salt.
Pour over the date mixture, stirring to break up into small clumps. Transfer half to the baking pan. Using the bottom of a drinking glass or your fingers lightly sprayed with cooking spray, press down firmly to flatten and pack tightly. Repeat with the remaining half. Put in the freezer, covered, for about 1 hour, to firm up.
Place a cutting board over the pan. Turn the pan over. Discard the plastic wrap. Using a knife, cut into 12 bars. Store leftovers in an airtight container in the refrigerator for up to one week.","Servings 12 | Total Time 30 min | Quick Tips: Cooking Tip: When measuring sticky ingredients, such as honey or peanut butter, lightly spray the spoon or cup with cooking spray. The ingredient will slide right off the spoon or out of the cup.",https://recipes.heart.org/en/recipes/date-nut-granola-bars,AHA
Egg Ravioli with Sage and Almonds,Main Dishes,"The gently-cooked egg yolk takes center stage in this ravioli. When you cut into the yolk, it flows into a warm, creamy sauce that blankets the soft cheese filling.",,179,"1/2 cup fat-free ricotta cheese
1 tablespoon grated Parmesan cheese
1 1/2 teaspoons chopped fresh thyme
1/2 teaspoon grated orange peel
1/4 teaspoon black pepper
4 large egg yolks, unbroken
1 large egg white, lightly beaten
2 teaspoons olive oil
1/4 cup sliced almonds, chopped
1 tablespoon chopped fresh sage
1 tablespoon finely chopped red bell pepper (optional)
8 gyoza wrappers, shumai wrappers or wonton wrappers","Fill a large pot with 8 cups of water. Bring the water to a gentle boil over medium-high heat.
Meanwhile, in a medium bowl, stir together the ricotta cheese, Parmesan cheese, thyme, orange zest, and pepper.
Place 4 wrappers with the flour side down on a cutting board. Spoon 1 1/2 tablespoons of the cheese mixture onto the center of each wrapper. Using the back of a spoon, press down on the cheese mixture to create a well about 1 1/2 inches across (the width of a large egg yolk), leaving at least 1/2 inch of space around the edges of the wrapper. Without breaking it, carefully place an egg yolk in the center of each well.
Using a pastry brush, brush the edges of the wrappers with the egg white. Place a top wrapper with the flour side out on each bottom wrapper. With your thumbs and forefingers, firmly press the edges together to tightly seal each ravioli. Set aside.
Using a slotted spoon or spatula, carefully drop each ravioli into the boiling water. Cook for 2½ to 3 minutes, or until the wrappers are al dente (cooked so not too soft, but not overdone). Using the slotted spoon, gently remove the raviolis from the pot, draining them well. Transfer to plates. Drizzle with the oil. Sprinkle with the almonds, sage, and bell pepper.","Servings 4 | Total Time 45 min | Quick Tips: Cooking Tip: Gyoza wrappers (or shumai wrappers) are the preferred choice for making these raviolis because they’re thinner than wonton wraps, which are made of a different dough. You can use wonton wrappers, but they’ll be a bit chewier and thicker. Look for gyoza wrappers in your grocery stores in the dairy aisle, deli department, or the freezer section. Cooking Tip: Since you won’t be able to see how the eggs are cooking, use these time guidelines to best determine how you want the ravioli filling cooked. At 2½ minutes, the eggs are yellow and slightly thickened but not set around the edges, similar to sunny-side up. At 3 minutes, the eggs are a deeper orange and slightly set around the edges, similar to over easy.",https://recipes.heart.org/en/recipes/egg-ravioli-with-sage-and-almonds,AHA
Creamy Cucumber-Dill Dip,"Appetizers, Side Dishes, Snacks",Add these bites of vegetables bursting with flavor to your next meal.,,13,"1 cup fat-free plain yogurt
1/2 peeled, cucumber, finely chopped, medium
2 tablespoons chopped fresh dill (or 1 1/2 teaspoon dried dill)
2 teaspoons minced onion","In a small bowl combine all ingredients and stir well. Refrigerate prior to serving.
Use this dip for fresh veggie sticks (bell pepper slices, sliced squash, baby carrots, celery sticks, etc.) or as a creamy topping for grilled salmon or chicken.",Servings 12 | Total Time 10 min | Quick Tips: Tip: 2 tablespoons per serving,https://recipes.heart.org/en/recipes/creamy-cucumber-dill-dip,AHA
Cantaloupe Cucumber Gazpacho,"Soups, Main Dishes, Side Dishes",Simple Cooking with Heart brings you a different kind of Spanish dish that is perfect for hot summer days and a great way to get in extra servings of fruits and veggies.,,66,"3 cups diced cantaloupe (about 1/2 cantaloupe)
1 small cucumber, coarsely chopped
1/2 cup fat-free plain Greek yogurt
1/2 teaspoon fresh grated ginger OR
1/4 teaspoon ground ginger
2 tablespoons coarsely chopped fresh basil OR
1 teaspoon dried basil
2 teaspoons coarsely chopped fresh mint OR
1 teaspoon dried mint
1 small fresh jalapeño pepper, coarsely chopped
2 teaspoons extra virgin olive oil
1/4 teaspoon champagne vinegar or white wine vinegar
1 pinch cayenne pepper","Combine all ingredients in food processor. Puree until very smooth (about 2–3 minutes).
Chill for 30 minutes and serve cold.",Servings 5 | Total Time 10 min | Quick Tips: Cooking Tip: This soup is best when made fresh and eaten in the same day!,https://recipes.heart.org/en/recipes/cantaloupe-cucumber-gazpacho,AHA
Copper Pennies,"Appetizers, Side Dishes, Snacks",Bright orange carrot rounds are an attractive side dish for any entree. The brown sugar-soy glaze enhances the natural sweetness of this root vegetable.,,109,"1 pound carrots, cut into 1/4-inch slices (pennies)
1 small onion, finely chopped
1 medium bell pepper (any color), finely chopped
1/4 cup olive oil (extra virgin preferred)
1 (8-ounce) can no-salt-added tomato sauce
1/3 cup apple cider vinegar
1/2 teaspoon Dijon mustard (lowest sodium available)
1/2 teaspoon soy sauce (lowest sodium available)
2 tablespoons brown sugar","Put the carrots in a medium pot. Cover with water. Bring to a boil over high heat. Reduce the heat to medium high. Cook for 5 to 8 minutes, or until tender-crisp, stirring occasionally. Stir in the bell pepper and onion. Cook for 1 to 2 minutes. Drain the vegetables well in a colander.
In the same pot, stir together the remaining ingredients. Cook over medium heat for 2 to 3 minutes, or until heated through and well combined, stirring constantly. Stir in the vegetables, tossing to coat. Serve warm. (Or, to serve as a cold salad, cover and refrigerate for 4 hours.)",Servings 8 | Total Time 20 min,https://recipes.heart.org/en/recipes/copper-pennies,AHA
Cinnamon Quinoa with Peaches - Delicious Decisions,"Main Dishes, Desserts, Breakfast","A bowl of hot quinoa topped with sweetened fat-free half-and-half and peaches makes a nutritious, protein-rich breakfast. The quinoa doesn’t need tending to while it cooks, allowing you to get yourself and the kids ready for the day while the slow cooker does the work.",,254,"Cooking spray
2 1/2 cups water
1 cup uncooked quinoa, rinsed and drained
1/2 teaspoon ground cinnamon
1 1/2 cups fat-free half-and-half
1/4 cup sugar
1 1/2 teaspoons vanilla extract
2 cups frozen peach slices, thawed (sliced or diced)
1/4 cup PLUS 2 tablespoons dry roasted, coarsely chopped pecans
2 tablespoon dry roasted, coarsely chopped pecans, I think this is an extra ingredient that needs to be deleted, since the 2 tablespoons are also listed above","In a 3- to 4 1/2-quart round or oval slow cooker, lightly spray the slow cooker with cooking spray. Pour in the water. Stir in the quinoa and cinnamon. Cook, covered, on low for 2 hours or on high for 1 hour, or until the water is absorbed and the quinoa is tender.
Just before the quinoa is ready, in a small bowl, stir together the half-and-half, sugar, and vanilla extract until the sugar has dissolved.
Spoon the quinoa into bowls. Top with the peaches. Pour in the half-and half mixture. Sprinkle with the pecans.",Servings 6 | Total Time 1 hr 5 min,https://recipes.heart.org/en/recipes/cinnamon-quinoa-with-peaches---delicious-decisions,AHA
Creamy Spinach Feta Dip,"Appetizers, Snacks","This Simple Cooking with Heart Persian recipe is almost guaranteed to make any spinach ""disliker"" change his or her mind for sure.",,64,"1 (10-ounce) package frozen chopped spinach
1/2 cup fat-free plain yogurt
1/2 cup reduced-fat sour cream
1/2 cup crumbled fat-free feta cheese
1 teaspoon jarred minced garlic
1/3 cup chopped fresh parsley or dill OR
2 teaspoons dried parsley or dill
1/2 teaspoon black pepper
6 whole-wheat pitas, quartered","Cook the spinach according to the package directions. Drain well, pressing down with a fork to remove as much liquid as possible.
In a medium bowl, stir together the spinach and all the remaining ingredients except the pita. Refrigerate for 1 hour. Serve with the pita.",Servings 6,https://recipes.heart.org/en/recipes/creamy-spinach-feta-dip,AHA
Chopped Colorful Veggie Salad,"Salads, Appetizers, Side Dishes","This Simple Cooking with Heart salad recipe is bursting with flavor, freshness, some favorite vegetables, and almost all the colors of the rainbow!",,156,"2 cups packed chopped kale or spinach
1 1/2 cups frozen corn, thawed
1 cup chopped tomatoes (about 2 medium tomatoes)
1 cup peeled, chopped cucumber (about 1 medium)
1/2 cup shelled, frozen edamame, thawed
1/2 cup chopped red onion (about 1/2 medium red onion)
1 avocado, diced
2 tablespoons lime juice
1 tablespoon olive oil
pepper, to taste","In a large bowl, combine the kale, corn, tomatoes, cucumber, edamame, red onion, and avocado.
In a small bowl, whisk together the lime juice and oil. Toss with the kale mixture and season to taste.","Servings 6 | Total Time 15 min | Quick Tips: Cooking Tip: Once the cucumber is peeled and cut in half, let the kids help seed it by using a spoon and scraping down the middle. Tip: Look for prepackaged chopped kale in the grocery.",https://recipes.heart.org/en/recipes/chopped-colorful-veggie-salad,AHA
Cinnamon Sweet Tortilla Chips with Fruit Salsa,"Appetizers, Desserts, Snacks",The tropical flavor of the fruit salsa teams well with the crunchy texture of cinnamon sweetened tortilla chips.,,66,"Cooking spray
2 teaspoons olive oil
12 drops cinnamon-flavored liquid stevia sweetener
½ packet stevia sweetener or ¼ teaspoon stevia sweetener
1/2 teaspoon ground cinnamon
1/8 teaspoon salt
8 (6-inch) corn tortillas, each cut into 6 wedges
1 medium orange, peeled and diced
½ cup diced mango ( ½ medium mango)
1 medium kiwifruit, peeled and diced
¼ cup pineapple tidbits, canned in juice, drained
¼ cup diced strawberries (about 2 large)
1 tablespoon chopped cilantro
1 teaspoon grated lime peel
2 squeezes tropical punch-flavored stevia water enhancer","Preheat the oven to 400°F. Lightly spray a large baking sheet with cooking spray.
In a small bowl, stir together the oil, liquid stevia sweetener, stevia sweetener, cinnamon, and salt.
Place half of the tortilla wedges in a medium bowl. Drizzle half of the oil mixture over the wedges. Repeat with the remaining tortilla wedges and oil mixture. Using a spoon or clean hands, toss the wedges with the oil mixture.
Arrange the wedges in a single layer on the baking sheet. Bake for 5 to 7 minutes.
Remove the baking sheet from the oven. Turn over the wedges. Bake for 5 to 7 minutes, or until the wedges are golden brown and crisp. Let cool for 10 minutes.
Meanwhile, in a small bowl, stir together the orange, mango, kiwifruit, pineapple, strawberries, cilantro, lime zest, and stevia water enhancer. Serve with the tortilla chips.",Servings 8 | Total Time 25 min | Quick Tips: Cooking Tip: Store the salsa covered in the refrigerator for up to four days. Store the chips in an airtight container for up to four days.,https://recipes.heart.org/en/recipes/cinnamon-sweet-tortilla-chips-with-fruit-salsa,AHA
Colombian Cream of Avocado Soup,"Appetizers, Main Dishes, Side Dishes, Soups","This soup—served at room temperature—is lovely, creamy avocado goodness at its best. Having a cookout? Serve this in shot glasses before the grilling starts.",,149,"3 medium avocados, halved, pitted
1 cup light silken tofu, drained, patted dry
1/2 cup 1/2 cup fat-free milk,, plus 1/4 cup, as needed OR
1/2 cup can fat-free, low-sodium vegetable broth, plus 1/4 cup, as needed
2 tablespoons fresh lime juice
1/4 teaspoon salt
1/8 teaspoon black pepper
1/4 cup fat-free sour cream
1/4 to 1/2 cup chopped fresh cilantro (optional) OR
1/4 to 1/2 cup chopped fresh chives (optional)
2 medium limes, cut into 4 wedges","In a food processor or blender, process the avocados, tofu, 1/2 cup milk, the lime juice, salt, and pepper until smooth, adding the remaining 1/4 cup milk if the soup is thicker than the desired consistency.
Pour the soup into bowls. Top each with 1 1/2 teaspoons sour cream. Garnish with the cilantro and lime wedges. Serve immediately.","Servings 8 | Total Time 5 min | Quick Tips: Cooking Tip: Since the avocado in this recipe is puréed, it doesn’t have to be perfectly ripe. Keep it Healthy: The silken tofu in this recipe stands in for heavy cream, creating creaminess without the saturated fat. Use silken tofu as a substitute for heavy cream in other creamy soup recipes. Tip: Although this soup is best served immediately, it can be covered and refrigerated to serve later. However, because there’s not much acid in the soup, it will turn brown when refrigerated, even if only for a few hours, so be sure to stir it before serving.",https://recipes.heart.org/en/recipes/colombian-cream-of-avocado-soup,AHA
Curry-Spiced Tofu with Asian Vegetables,"Main Dishes, One-Dish Meals","This Go Red recipe for a Chinese-favorite soup with tofu is a great source of protein. For information on women and heart disease, visit Go Red for Women.",,151,"1 (12-ounce) package extra-firm tofu (not silken), drained, patted dry, cut into 4 pieces
1 tablespoon curry powder, divided use
1 1/2 teaspoons curry powder, divided use
1 (12-ounce) package fresh stir-fry vegetables, cut into bite-size pieces if large (about 4 cups)
1 tablespoon water
2 teaspoons canola or corn oil
1 teaspoon toasted sesame oil
1 large onion, cut into 3/4-inch wedges
4 garlic cloves, minced
1/4 cup light coconut milk
1/4 to 1/2 teaspoon chili garlic sauce or paste","Put the tofu on a large plate. Sprinkle the tofu on both sides with 1 tablespoon curry powder. Using your fingertips, gently press the curry powder so it adheres to the tofu.
In a large microwaveable bowl, microwave the vegetables and water on 100 percent power (high) for 2 to 3 minutes, or until they are almost tender-crisp but still have some crunch. Pour off any remaining water.
In a large nonstick skillet, heat the canola oil over medium-high heat, swirling to coat the bottom. Cook the tofu slices in a single layer for 3 to 4 minutes on each side, or until browned. Transfer to a separate large plate. Cover loosely to keep warm.
In the same skillet, heat the sesame oil over medium-high heat, swirling to coat the bottom. Cook the onion for 1 minute, stirring frequently.
Stir in the vegetables and garlic. Cook for 1 to 2 minutes, or until the vegetables are tender-crisp, stirring constantly.
Stir in the coconut milk, chili garlic sauce, and remaining 1 1/2 teaspoons curry powder. Bring to a boil, still over medium-high heat. Spoon the vegetable mixture over the tofu.",Servings 4 | Total Time 20 min | Quick Tips: Tip: Serving size 1 1/2 cups,https://recipes.heart.org/en/recipes/curry-spiced-tofu-with-asian-vegetables,AHA
Cheese and Vegetable Frittata with Fruit Salad,"One-Dish Meals, Main Dishes, Breakfast","This Simple Cooking with Heart, Mediterranean recipe is a versatile, flavorful and heart-healthy meal for any time of day.",,194,"6 large eggs
2 tablespoons whole-wheat flour
1 teaspoon baking powder
1/4 teaspoon black pepper
1 medium onion , cut into 1/2 inch pieces (about 1 cup)
1 cup fresh or frozen spinach, cut into 1/2-inch pieces
1 cup red and/or green bell pepper, cut into 1/2-inch pieces
1 cup fresh mushrooms OR
1 cup canned mushrooms
1 garlic clove, finely chopped
2 tablespoons finely chopped fresh basil leaves, finely chopped
1/3 cup shreeded part-skim mozzarella cheese
Cooking spray
2 peeled oranges, cut in half, then into 6-8 pieces, depending on their size
1 cup fresh seedless green, red or purple grapes, left whole
1 cup fresh or frozen strawberries, if fresh remove green top, sliced in half or quarters depending on their size
1 cup fresh or frozen mixed berries (blueberries, blackberries and/or raspberries)
2 teaspoons Balsamic or white wine vinegar, fresh or bottled lime or lemon juice, or pineapple or orange juice
2 teaspoons olive oil
2 tablespoons mint or basil leaves, left whole, removed from stems","Preheat oven (regular or toaster oven) to broil setting.
In a large bowl, whisk eggs together until foamy, stir in the whole wheat flour, black pepper, and baking powder.
Using a heavy skillet with an ovenproof handle, coat the skillet with cooking spray and heat on medium.
Add the onion and cook until it starts to get soft, then add the spinach, bell pepper and mushrooms and cook for 2-3 minutes more.
Add the garlic and basil and cook for 1 minute. Stir to avoid burning these.
Add the egg mixture into the pan and stir to mix the vegetables with the eggs.
Cook for 5-6 minutes or until the egg mixture has set on the bottom and begins to set on top.
Add the shredded cheese and using the back of the spoon, push lightly under the eggs, so it won’t burn in the oven.
Place pan into the oven and broil for 3-4 minutes until golden and fluffy.
Remove from pan, cut into 6 servings and serve.
In a large bowl combine all fruit salad ingredients.
In a small covered jar shake the vinegar or juice with the olive oil to mix.
Add dressing to the fruit and toss to coat. If using frozen fruit toss very gently to avoid breaking them up too much.
Garnish with the fresh herbs, if available.
Serve with the frittata.
(See Cooking Tips for additional ingredient suggestions)","Servings 6 | Total Time 40 min | Quick Tips: Tip: For extra spice you can offer people paprika or dried red chili powder to add to their fruit salad. This can make the salad pretty spicy over time, so it’s best to add right before eating and that way leftovers don’t get too hot. This is particularly good with citrus fruits (oranges, grapefruit), mango and pineapple. Tip: You can also add broccoli, eggplant or zucchini, cut into ½ inch pieces to the vegetables you put in the frittata. Your children can help set out the ingredients, and depending on their age, help crack and whisk the eggs, cut the vegetables and shred the cheese. Tip: You can use fresh or frozen thawed mango, fresh or canned in its own juice pineapple, fresh or frozen peaches, nectarines or melons, depending on what is season or more easily available. When using canned fruit, choose fruit that’s packed in water, its own juice or light syrup (drain and rinse)",https://recipes.heart.org/en/recipes/cheese-and-vegetable-frittata-with-fruit-salad,AHA
Creamy Tomato Fettuccine,Main Dishes,"Simple Cooking with Heart says, making your own tomato sauce is easier than you think. Once the pasta and sauce are tossed, personalize your meal with your favorite veggies!",,266,"8 ounces dried whole-wheat fettuccine, spaghetti or angel-hair pasta
Cooking spray
1/3 cup chopped onion (about 1 small)
2 garlic cloves, minced OR
1 teaspoon jarred minced garlic
1 (14.5 ounce) can no-salt-added diced tomatoes, undrained
2/3 cup fat-free ricotta cheese
2 tablespoons chopped fresh basil OR
1 teaspoon dried basil, crumbled
1 teaspoon sugar
1/8 teaspoon pepper","Prepare the pasta using the package directions, omitting the salt. Drain well in a colander. Transfer to a large serving bowl. Cover to keep warm. Set aside.
Lightly spray a medium saucepan with cooking spray. Cook the onion and garlic over medium heat for 3 minutes, or until the onion is soft, stirring occasionally.
Stir in the tomatoes, ricotta cheese, basil, sugar, and pepper.
Bring to a boil over high heat. Reduce the heat and simmer for 8 minutes, or until slightly thickened, stirring occasionally
Pour the sauce over the pasta, tossing to combine.","Servings 4 | Total Time 30 min | Quick Tips: Cooking Tip: Pasta is best when it's cooked al dente, which literally means “to the tooth” in Italian. You'll know it's done when it offers a bit of resistance as you chew it. Keep it Healthy: Switching cold turkey from “regular” pasta to the whole-wheat varieties isn’t for everyone. If you’ve tried whole-wheat pasta before and didn’t care for the taste or texture, try slowly transitioning your palate. To get started, substitute half of the amount of regular pasta with its whole-wheat counterpart. Once you've acquired a taste for that combination, try replacing the remaining half of the regular pasta with the whole-wheat type. Cooking Tip: It isn’t necessary to add oil to pasta water. The oil not only adds extra calories to your meal but also coats the pasta so sauces won't easily cling it. Cooking Tip: Be sure the water is at a rolling boil before adding the pasta to the pot. Always cook pasta uncovered, stirring occasionally to prevent sticking.",https://recipes.heart.org/en/recipes/creamy-tomato-fettuccini,AHA
Creamy Caesar Quick Salad Dressing,,"Try this Simple Cooking with Heart, Creamy Caesar on your next salad. Remember, A serving of salad dressing is no more than 2 tablespoons!",,11,"1/4 cup fat-free buttermilk
2 tablespoons fat-free mayonnaise
1/2 tablespoon Dijon mustard
1/2 teaspoon jarred minced garlic
1/4 teaspoon anchovy paste (look for this by the sardines in the grocery store)
1/4 teaspoon black pepper
1/4 teaspoon salt",Add all ingredients to small bowl and whisk well. Refrigerate leftovers.,"Servings 6 | Total Time 5 min | Quick Tips: Keep it Healthy: Fat-free, low sodium chicken or vegetable broth can replace some oil in any dressing recipe, so can water.",https://recipes.heart.org/en/recipes/creamy-caesar-quick-salad-dressing,AHA
Cauliflower-Crust Pizza with Vegetable Topping and Balsamic Glaze,"Main Dishes, Snacks","We’ve all had vegetables ON our pizza, but what about UNDER it? Cauliflower takes the place of traditional flour to form a thin, crunchy crust. Try it now!",,206,"Cooking spray
2 cups finely chopped cauliflower florets and stems (about 1/4 of a large head of cauliflower)
1/4 cup shredded or grated Parmesan cheese
2 large egg whites
1 large egg or 1/4 cup egg substitute
1 teaspoon dried oregano, crumbled
1 (8-ounce) can no-salt-added tomato sauce
1/4 cup coarsely chopped fresh basil
1/4 teaspoon salt
1 1/4 cups frozen meatless crumbles, thawed
1/2 cup sliced button mushrooms
1/2 cup sliced orange bell peppers
1/2 cup sliced yellow bell peppers
1/2 cup sliced green bell peppers
4 sun-dried tomatoes, snipped into 1/2-inch pieces
1/2 cup shredded low-fat mozzarella cheese
1/2 cup balsamic vinegar
1 tablespoon honey (or) OR
1 tablespoon pure maple syrup","Lightly spray the slow cooker with cooking spray. In a medium bowl, stir together the cauliflower, Parmesan, egg whites, egg, and oregano. Using your hands, gently press the mixture to form a crust in the bottom of the slow cooker.
In the same medium bowl (rinsed and wiped clean), whisk together the tomato sauce, basil, and salt until combined. Spread over the cauliflower crust.
Place the meatless crumbles, mushrooms, and all the bell peppers on the tomato sauce. Sprinkle the sun-dried tomatoes over all. Cook, covered, on low for 4 to 5 hours or on high for 2 to 2 1/2 hours, or until the mushrooms are soft and the bell peppers are tender.
Quickly sprinkle the mozzarella over the vegetable topping. Re-cover the slow cooker and cook for 30 minutes on low or 15 minutes on high, or until the mozzarella has melted.
While the mozzarella is melting, in a small saucepan, stir together the vinegar and honey. Bring to a simmer over medium-high heat. Reduce the heat to medium low and simmer for about 8 to 10 minutes, until the mixture is reduced by half (to about 1/4 cup), swirling the pan and stirring occasionally.
Using a wide spatula, gently lift the pizza from the slow cooker and transfer to a work surface. Drizzle the glaze over the pizza. Cut into slices.",Servings 4 | Total Time 1 hr 30 min,https://recipes.heart.org/en/recipes/cauliflower-crust-pizza-with-vegetable-topping-and-balsamic-glaze,AHA
Carrot Soup with Coriander,"Soups, Side Dishes","This light and fresh carrot soup can be served hot or cold. For information on women and heart disease, visit Go Red for Women.",,127,"2 teaspoons olive oil (extra virgin preferred)
1 small onion, chopped
2 garlic cloves, chopped
1 tablespoon plus 1/4 teaspoon ground coriander
1 pound carrots, cut into 1-inch pieces
2 1/2 cups water
1 cup fresh orange juice
1/8 teaspoon salt
1/4 cup fat-free sour cream
2 teaspoons fresh lemon juice
1 tablespoon chopped fresh cilantro","In a large saucepan, heat the oil over medium-high heat, swirling to coat the bottom. Cook the onion and garlic for 3 to 4 minutes, or until soft, stirring occasionally.
Stir in 1 tablespoon coriander. Stir in the carrots, water, orange juice, and salt. Reduce the heat to medium and bring to a simmer. Reduce the heat to low and simmer, covered, for 15 to 20 minutes, or until the carrots are very tender.
Meanwhile, in a small bowl, whisk together the sour cream and remaining 1/8 teaspoon coriander. Set aside.
In a food processor or blender (vent the blender lid), process the soup in batches until smooth. Stir in the lemon juice.
Top each serving with a dollop of the sour cream mixture. Sprinkle with the cilantro.",Servings 4 | Total Time 40 min | Quick Tips: Tip: Serving size 3/4 cup,https://recipes.heart.org/en/recipes/carrot-soup-with-coriander,AHA
Coffee Frappe,Beverages,Ice and a blender give a frothy consistency to the American coffee drink recipe without any extra fat. This low-calorie treat is tastier and healthier than anything a barista can whip up.,,51,"dash of unsweetened cocoa powder or ground cinnamon to garnish (optional)
¾ cup strongly-brewed chilled coffee
1 cup ice cubes
¼ cup 1 percent milk
3 tablespoons granulated sugar substitute
1/2 teaspoon vanilla extract","Into a blender, add coffee, milk, 2 tablespoons sugar substitute, vanilla extract, and ice.
Puree mixture until smooth, about 1 minute. Taste, adding 1 more tablespoon of sugar substitute, depending on desired sweetness. Purée again.
Pour drink into a large glass. Sprinkle with dash of unsweetened cocoa or ground cinnamon, if desired, and drink immediately.","Servings 1 | Total Time 5 min | Quick Tips: Cooking Tip: To brew extra-strong coffee, use 4 to 6 tablespoons of coffee grounds to 1 cup of water, depending on your desired strength. Also store-bought or homemade cold-brewed coffee concentrate can be substituted for the strong brewed coffee. Keep it Healthy: While 1 percent milk gives this drink a touch more of creaminess, fat-free milk can also be used with the same delicious results. Tip: If you enjoy your coffee ultra-frothy, add a few more ice cubes to increase the froth experience.",https://recipes.heart.org/en/recipes/coffee-frappe,AHA
Crunchy Cabbage Salad with Spicy Peanut Dressing,"Salads, Side Dishes",This addictive American cabbage salad side dish recipe from Simple Cooking with Heart has a zing from jalapenos along with a double-duty peanut power - a peanut butter-infused dressing and a sprinkling of peanuts throughout it. Serve for dinner or bring along for a cookout.,,123,"1/4 cup cider vinegar
3 tablespoons smooth low-sodium peanut butter
1 medium fresh jalapeño, seeds and ribs discarded, finely chopped
1 1/2 tablespoons hot water
2 teaspoons honey
1/4 teaspoon salt
1/8 teaspoon pepper, freshly ground preferred
1 (14-ounce) bag classic coleslaw mix
1 medium red or green bell pepper, thinly sliced
3 medium green onions, chopped (about ½ cup)
1/4 cup chopped unsalted peanuts","In a large bowl, whisk together the vinegar, peanut butter, jalapeño, water, honey, and salt until combined.
Add the coleslaw mix, bell pepper, and green onions to the dressing.
Using tongs, toss the vegetables together with the dressing to coat.
Let stand for several minutes so the flavors blend. Sprinkle with the peanuts.","Servings 6 | Total Time 10 min | Quick Tips: Cooking Tip: Because jalapeños can vary in spiciness, you may want to take a tiny bite of the jalapeño before you add it to a dish. If it tastes particularly spicy, use less if you prefer. If you like more heat, include the seeds and ribs. Cooking Tip: You can substitute 1 cup grated carrots and 5 cups thinly sliced cabbage for the coleslaw mix.",https://recipes.heart.org/en/recipes/crunchy-cabbage-salad-with-spicy-peanut-dressing,AHA
Curried Cauliflower with Chickpeas,Main Dishes,The vegetables and legumes in this dish are bathed in a curry-flavored broth. Get the recipe for this American Heart Association recipe from the American Heart Association Instant & Healthy cookbook.,,224,"3 cups water
3/4 cup dried chickpeas, sorted for stones and shriveled peas, rinsed and drained
2 teaspoons canola or corn oil
1 medium onion, chopped
1 medium red bell pepper, chopped
2 tablespoons minced peeled ginger
3 garlic cloves, minced
1 1/2 cups can fat-free, low-sodium vegetable broth
1 medium head of cauliflower, cut into bite-size florets
2 tablespoons curry powder
1/4 teaspoon salt
2 tablespoon minced fresh cilantro (optional)","In the pressure cooker, stir together the water and chickpeas. Secure the lid. Cook on high pressure for 45 minutes. Release the pressure naturally for 15 minutes, then quickly release the remaining pressure. Drain the chickpeas in a colander.
Heat the oil in the pressure cooker on sauté. Cook the onion for 3 minutes, or until soft, stirring frequently. Add the bell pepper. Cook for 3 minutes, or until tender. Stir in the gingerroot and garlic. Cook for 30 seconds, stirring frequently. Turn off the pressure cooker.
Stir in the broth, cauliflower, curry powder, and salt. Stir in the chickpeas. Secure the lid. Cook on high pressure for 3 minutes. Quickly release the pressure.
Serve sprinkled with the cilantro.","Servings 4 | Total Time 1 hr 10 min | Quick Tips: Cooking Tip: Curry powder is an integral part of this dish and the actual flavor and heat level vary with the brand. If the brand you’re using is labeled “Madras,” it’s hotter than regular curry powder. Once you make this dish, you’ll know if you prefer to increase or decrease the amount of curry powder.",https://recipes.heart.org/en/recipes/curried-cauliflower-with-chickpeas,AHA
Chunky Artichoke-y Salad,"Salads, Side Dishes","Artichoke hearts take center-stage in this salad, enhanced by crunchy sweet bell peppers and briny olives. Serve as is or on top of a bed of greens like arugula or chopped watercress.",,164,"3 (9-ounce) packages frozen artichoke hearts, thawed
1/4 cup canola or corn oil
3 tablespoons fresh lemon juice
1 1/2 teaspoons dried Italian seasoning, crumbled
1 teaspoon Dijon mustard (lowest sodium available)
1/8 teaspoon pepper (freshly ground preferred)
1 1/2 cups finely sliced basil leaves
1 medium red bell pepper, seeds and ribs discarded, chopped
1 medium tomato, chopped
1/4 cup sliced red onion
2 tablespoons chopped black olives, drained","In a medium stockpot, bring 3 cups water to a boil over high heat. Put the artichokes in the water. Reduce the heat to medium high and simmer, covered, for 5 minutes, or until the artichokes are cooked through. Transfer to a colander. Run under cold water to cool. Drain thoroughly.
In a large serving bowl, using a fork, whisk together the oil, lemon juice, Italian seasoning, mustard, and pepper.
Add the artichokes to the dressing, stirring to coat.
Stir in the remaining ingredients to combine. Serve immediately or cover and refrigerate for 2 hours to serve chilled.","Servings 6 | Total Time 10 min | Quick Tips: Cooking Tip: No time to thaw the artichoke hearts? No worries. Just simmer them for about 5 more minutes. Keep it Healthy: Use frozen artichoke hearts rather than the marinated jarred varieties to cut down on the sodium. Tip: Turn this salad into a dip by finely chopping the artichokes, bell pepper, tomato, red onion, and olives. Serve with baby carrots, celery sticks, cucumber spears, or pita chips.",https://recipes.heart.org/en/recipes/chunky-artichoke-y-salad,AHA
Calabacitas con Elote (Zucchini with Corn),Side Dishes,This traditional Mexican side dish recipe allows you to enjoy some of the summer’s most popular bounty. Serve with brown rice and corn tortillas and you’ll have yourself a vegetarian meal that’s deliciosa.,,202,"1 (32-ounce) package frozen no-salt-added, whole kernel corn OR
4 cups fresh corn kernels (about 8 medium ears of corn)
1 tablespoon olive oil (extra virgin preferred)
1/4 cup chopped onion
1 garlic clove, minced
3 medium zucchinis, sliced ¼ inch thick
1 fresh jalapeño, seeds and ribs discarded, chopped
1/4 teaspoon salt
1/4 teaspoon black pepper
1/4 cup crumbled cotija cheese","Place the corn in a saucepan with enough water to cover. Bring to a boil. Reduce the heat to medium. Cover. Cook for 10 minutes, covered, or until tender. Drain.
In a large skillet, heat the oil over medium-high heat, swirling to coat the bottom. Cook the onion and garlic for 5 minutes, or until fragrant. Stir in the zucchini. Cook for 5 minutes. Stir in the corn, jalapeño, salt, and pepper. Cook for 10 minutes, covered, or until the zucchini is tender. Remove from the heat. Sprinkle with the cheese.","Servings 6 | Total Time 30 min | Quick Tips: Cooking Tip: If you have cans of no-salt-added corn in your pantry, then you can substitute those for the frozen or fresh. You’ll need two 15.25-ounce cans for this recipe.",https://recipes.heart.org/en/recipes/calabacitas-con-elote-zucchini-with-corn,AHA
Creamy Corn Chowder,"Soups, One-Dish Meals","Get in a serving of whole grains with this satisfying side soup. A combination of creamed corn and whole-kernel corn give it a silky texture and deep sweetness. Use fresh corn if it’s in season or drained, canned corn if it’s easier to find than frozen.",,193,"Cooking spray
1 tablespoon light tub margarine
1/2 cup chopped onion
1/2 cup diced celery
1 1/4 cups water
1 small baking potato, peeled, cut into ½-inch cubes (about 1 cup)
1 (14.75-ounce) can no-salt-added creamed corn, undrained
1 1/2 cups frozen whole-kernel corn
1 to 2 teaspoons sugar
1 packet salt-free instant chicken bouillon (1 teaspoon)
1/8 teaspoon salt
1/8 teaspoon pepper (white preferred)
1 cup fat-free half-and-half
1 tablespoon all-purpose flour
2 tablespoons minched fresh parsley","Lightly spray a medium saucepan with cooking spray. Melt the margarine over medium heat, swirling to coat the bottom. Cook the onion and celery for 4 to 5 minutes, or until the onion is soft but not brown, stirring occasionally. Stir in the water, potato, both corns, sugar, bouillon, salt, and pepper. Increase the heat to medium high and bring to a boil. Reduce the heat and simmer, covered, for 20 minutes, or until the potato is just tender, stirring occasionally.
Pour the half-and-half into a small bowl. Add the flour, whisking to dissolve. Stir into the soup. Stir in the parsley. Simmer for 15 minutes, or until the soup has thickened, stirring frequently.","Servings 5 | Total Time 50 min | Quick Tips: Cooking Tip: To thicken the soup even more, simmer for an additional 10 to 15 minutes. To thin the soup, stir in 1 or 2 tablespoons of fat-free half-and-half or fat-free milk.",https://recipes.heart.org/en/recipes/creamy-corn-chowder,AHA
Couscous with Chickpeas,Main Dishes,"Lemon, garlic, and herbs bathe these beans and grains with fabulous flavor in this low-sodium, high-fiber main dish.",,216,"2/3 cup uncooked whole-wheat couscous
1 1/3 cups boiling water
Juice of 1 medium lemon
1 (15-ounce) can no-salt-added chickpeas, drained and rinsed
1 large bell pepper (red, yellow, or orange preferred), cut into 1/4-inch pieces
2 1/2 tablespoons dried basil
2 1/2 tablespoons dried parsley
2 garlic cloves, minced OR
1 teaspoon jarred minced garlic
1 tablespoon plus 1 teaspoon canola, corn, or olive oil
1/4 cup fat-free crumbled feta cheese OR
1/4 cup shredded Parmesan cheese","Pour the couscous in a large, heatproof bowl. Pour in the water and lemon juice. Let stand for 15 minutes. Fluff with a fork.
In a large bowl, stir together the couscous and chickpeas.
Stir in the bell peppers, basil, parsley, and garlic.
Drizzle with the oil. Sprinkle with the cheese.
Serve at room temperature or refrigerate, covered, for 2 to 12 hours.",Servings 6 | Total Time 35 min,https://recipes.heart.org/en/recipes/couscous-with-chickpeas,AHA
Cauliflower Mash,Side Dishes,"Simple Cooking with Heart offers this creamy and delicious, this cauliflower mash tastes just like mashed potatoes. Your secret is safe with me!",,41,"1 medium head cauliflower, cut into florets (about 6-7 cups)
3 tablespoons Parmesan cheese
1/4 cup fat-free plain Greek yogurt
1/2 teaspoon minced garlic
pepper, to taste","Cut the cauliflower into small florets. In a large pot filled with about 2 inches water, cook cauliflower in steamer basket if possible for about 15 minutes or until very tender. Drain well.
In a blender, food processor or with immersion blender, puree the cauliflower with the yogurt, Parmesan cheese, and garlic until creamy (don’t over mix). Pepper to taste.
Serve with Pork Chops with Pizzazz (Nutritional information for pork chops can be found on that recipe page.)",Servings 6 | Total Time 25 min | Quick Tips: Tip: Serve with Pork Chops with Pizazz recipe!,https://recipes.heart.org/en/recipes/cauliflower-mash,AHA
Chile-Cheese Stuffed Mushrooms,"Appetizers, Side Dishes","Put a kick in this Go Red vegetarian appetizer recipe with some spicy chiles. For information on women and heart disease, visit Go Red for Women.",,35,"Cooking spray
24 medium button mushrooms (about 1 pound)
1 (4-ounce) can chopped green chiles, drained
1/2 cup shredded, low-fat sharp Cheddar cheese","Preheat the oven to 400°F. Line a baking sheet with aluminum foil.
Place the mushrooms with the stem side down on the foil. Lightly spray the mushrooms with cooking spray.
Bake for 10 minutes.
Transfer the baking sheet to a cooling rack. Turn the mushrooms over. Fill each with the chiles. Sprinkle with the Cheddar.
Bake for 5 minutes, or until the Cheddar is melted. Remove from the oven and let stand for 3 minutes so the flavors blend.",Servings 8 | Total Time 15 min | Quick Tips: Tip: Serving size 3 mushrooms,https://recipes.heart.org/en/recipes/chile-cheese-stuffed-mushrooms,AHA
Cauliflower Rice,"Main Dishes, Side Dishes, Snacks",Riced cauliflower will soak up your favorite sauces and creates a nutrient rich addition to any dish.,,68,"Cooking spray
1 head cauliflower
1/4 teaspoon salt
1/4 teaspoon black pepper
1/4 cup chopped fresh parsley OR
2 teaspoons dried parsley","Cut the cauliflower in to florets. In batches, add cauliflower to food processor (or blender) and gently pulse until cauliflower becomes the texture of rice. Be careful not to over-pulse.
Coat large skillet with cooking spray and add cauliflower, salt and pepper. Sautee over medium heat for 5 minutes until cauliflower is tender, stirring occasionally.
Top with chopped parsley.",Servings 4 | Total Time 15 min,https://recipes.heart.org/en/recipes/cauliflower-rice,AHA
Classic Margherita Pizza with Whole-Wheat Pizza Crust,"Main Dishes, One-Dish Meals",This Italian Simple Cooking with Heart recipe is sure to become a family favorite!,,170,"1 1/2 cups warm water
2 1/4 teaspoons dry yeast
1/4 teaspoon sugar
2 1/2 cups all-purpose flour, plus 1/2 cup for dusting
1 cup whole-wheat flour
1 tablespoon extra-virgin olive oil OR
1 tablespoon canola or corn oil
1/4 teaspoon salt
Cooking spray
2 tablespoons finely chopped fresh rosemary OR
2 teaspoons rosemary, dried
1 tablespoon plus 1 teaspoon minced garlic
1 teaspoon extra-virgin olive oil
1 small onion, chopped
1 garlic clove, minced
1 (8-ounce) can no-salt-added tomato sauce
1/4 cup chopped fresh basil, divided use OR
4 teaspoons dried basil, divided use
1/4 teaspoon crushed red pepper flakes
1/4 cup low-fat, part-skim ricotta cheese
3/4 cup part-skim shredded mozzarella cheese
1 1/2 cups fresh diced tomatoes OR
1 (14.5 ounce) can no-salt-added diced tomatoes","In a small saucepan, heat 1 teaspoon oil over medium heat, swirling to coat the bottom. Cook the onion and garlic for 3 to 4 minutes, or until the onion is soft. Stir in the tomato sauce, 2 tablespoons fresh basil, and crushed red pepper flakes. Reduce the heat. Simmer for 15 minutes.
Spread the sauce over the dough. Spoon 1 tablespoon mounds of the ricotta over the sauce. Using a spatula, flatten each mound slightly to spread. Sprinkle the mozzarella all over. Top with the tomatoes and remaining 2 tablespoons fresh basil.
Bake for 10 to 20 minutes, or until the crust is golden brown and the cheese is bubbly.
In a large bowl, whisk together the water, yeast, and sugar, stirring until the yeast and sugar are dissolved. Let stand for 5 minutes. Stir in 2 1/2 cups all-purpose flour, the whole-wheat flour, 1 tablespoon oil, and salt until well combined.
Lightly dust 2 tablespoons all-purpose flour on a flat work surface. Turn out the dough. Knead for about 10 minutes, gradually adding some of the flour to make the dough smooth and elastic. (The dough shouldn't be dry or stick to the surface.)
Lightly spray a large bowl with cooking spray. Put the dough in the bowl. Sprinkle the rosemary and garlic over the dough. Lightly knead to incorporate the rosemary and garlic, shaping the dough into a ball. Lightly spray with cooking spray. Cover with a slightly damp dish towel. Let the dough rise in a warm, draft-free place (about 85°F) for 45 minutes to 1 hour, or until almost doubled in bulk, or when, if pressed with two fingers, an indentation remains in the dough.
Punch down the dough. Let stand, covered, for 5 minutes. Divide in half.
Lightly spray a large baking sheet. Lightly dust a flat work surface with the remaining flour. Roll one half of the dough into a 12-inch circle. Place on the baking sheet. Wrap the other half of the dough tightly with plastic wrap and place in an airtight container. Freeze for a future use.
Preheat the oven to 450˚F.",Servings 8 | Total Time 50 min,https://recipes.heart.org/en/recipes/classic-margherita-pizza-with-whole-wheat-pizza-crust,AHA
Chilled Peanut Noodle Salad with Avocado and Cucumber,"Main Dishes, One-Dish Meals","When the main ingredients in a recipe are pantry staples like lower sodium peanut butter and whole-grain spaghetti, you can whip up this Asian recipe at a moment’s notice.",,348,"12 ounces dried whole-grain spaghetti
1 cup frozen shelled edamame, thawed
1/2 cup creamy low-sodium peanut butter
2 tablespoons toasted sesame oil
2 tablespoons soy sauce (lowest sodium available)
1 teaspoon minced peeled ginger
1/2 teaspoon garlic powder
1 medium avocado, halved, pitted, and diced
1 cup shredded carrots
1/2 medium English, or hothouse, cucumber, diced
2 tablespoons toasted sesame seeds (optional)","Prepare the pasta using the package directions, omitting the salt. During the last minute of cooking, stir in the edamame. Reserve 1/4 cup pasta cooking water. Transfer the pasta mixture to a colander. Run under cold water to stop the cooking process. Drain well. Transfer to a large serving bowl.
In a small bowl, using a fork, whisk together the peanut butter, sesame oil, soy sauce, gingerroot, and garlic powder. Whisk in the reserved pasta water until combined.
Spoon the sauce over the pasta, tossing to coat.
In a small bowl, gently stir together the avocado, carrots, and cucumber.
Sprinkle the sesame seeds over the pasta. Top with the avocado mixture.","Servings 8 | Total Time 25 min | Quick Tips: Cooking Tip: For a different flavor, substitute sunflower seed butter or almond butter for the peanut butter. Keep it Healthy: When preparing pasta of any kind, try adding some vegetables to the boiling water during the last few minutes of cooking time. It’s a quick way to bulk up the dish and add a serving of veggies to your meal! Tip: Encourage the kids to help with age-appropriate tasks, including measuring and stirring ingredients, whisking the sauce, and sprinkling the sesame seeds. Tip: Lightly spray the measuring cup with cooking spray before adding the peanut butter. The peanut butter will slide easily out of the cup.",https://recipes.heart.org/en/recipes/chilled-peanut-noodle-salad-with-avocado-cucumber-sesame-seeds,AHA
Caprese Kebabs with Balsamic Drizzle,"Appetizers, Main Dishes, Side Dishes, Snacks","Kids can help put these easy appetizers together. Cherry tomatoes, basil, and creamy mozzarella glazed with a balsamic drizzle. Served chilled as an appetizer or snack.",,68,"2 tablespoons balsamic vinegar
2 teaspoons extra virgin olive oil
2 teaspoons no-calorie sugar substitute (granulated, 1 packet)
2 cups cherry or grape tomatoes (red or yellow)
1 bunch fresh basil leaves
2 part-skim mozzarella string cheese sticks
8 wooden skewers","Cut each string cheese stick in to 12 rounds (24 cubes total).
Assemble each kebab with 3 tomatoes, 3 mozzarella slices and 3 basil leaves (tomato, basil, cheese, tomato, basil, cheese, tomato, basil, cheese). Gently fold the basil leaves 2-3 times before skewering, larger leaves may be torn in half.
In a small bowl, whisk together balsamic vinegar, olive oil and no-calorie sweetener. Lightly drizzle over skewers before serving.",Servings 4 | Total Time 10 min | Quick Tips: Tip: Serving size 2 kebabs,https://recipes.heart.org/en/recipes/caprese-kebabs-with-balsamic-drizzle,AHA
Caramel Toffee Fruit Kebabs,"Appetizers, Desserts, Side Dishes, Snacks","Whether you spell it kebob or kebab, kids and their friends can make this quick and easy snack after school. A sweet and crunchy coating blankets the fruit for a delicious bite every time.",,88,"1 cup fat-free plain Greek yogurt
1/2 teaspoon stevia sweetener OR
1 stevia sweetener packet
5 drops English toffee-flavored liquid stevia sweetener
5 squeezes caramel-flavored liquid stevia sweetener
1 small apple, such as Granny Smith, Honeycrisp, Gala, or Fuji, cored and cut into 16 (3/4-inch) pieces
1 small pear, such as Red Anjou, Bartlett, or Bosc, cored and cut into 16 (3/4-inch) pieces
16 red or green grapes
1 small orange, peeled, separated into segments, and cut into 16 pieces
1/2 cup dry-roasted slivered almonds, coarsely chopped","In a small bowl, stir together the yogurt, stevia sweetener, and both flavors of the liquid stevia sweetener.
Using eight 6-inch wooden skewers, thread each with a 2 pieces of apple, 2 pieces of pear, 2 grapes, and 2 orange segments in whatever order you wish.
With a pastry brush or spoon, coat each kebab with 2 tablespoons of the yogurt mixture. Sprinkle or roll each with 1 tablespoon nuts.","Servings 8 | Total Time 5 min | Quick Tips: Tip: Kebabs can be stored, covered, in an airtight container for up to 12 hours.",https://recipes.heart.org/en/recipes/caramel-toffee-fruit-kebabs,AHA
"Barley, Beans, and Greens",Main Dishes,Fiber-full ingredients make up this hearty main dish in about 30 minutes.,,233,"1 cup uncooked barley
3/4 cup fat-free, low-sodium vegetable or chicken broth
1/2 cup chopped onion
1/2 cup chopped carrot
4 large Swiss chard leaves, tough stems discarded, tender stems sliced and greens chopped, divided use OR
2 cups chopped kale, any large stems discarded
1 garlic clove, minced
1 (15.5-ounce) can no-salt-added cannellini beans or other no-salt-added white beans (such as great Northern or navy beans), drained and rinsed
1 tablespoon plus 2 teaspoons dried parsley
1/4 teaspoon salt
1/4 teaspoon pepper","Prepare the barley using the package directions, omitting the salt.
Meanwhile, in a large skillet, stir together the broth, onion, carrot, chard stems, and garlic.
Bring to a boil over medium-high heat. Boil gently for 8 minutes, stirring occasionally.
Stir in the chard greens. Cook, covered, for 7 minutes, stirring occasionally.
Stir in the beans, parsley, salt, and pepper. Cook for 2 minutes.
Stir in the barley.",Servings 4 | Total Time 45 min,https://recipes.heart.org/en/recipes/barley-beans-and-greens,AHA
Baked Cheese Pita with Tomatoes and Cucumbers,"One-Dish Meals, Main Dishes",This Simple Cooking with Heart recipe is a jazzed up version of your basic grilled cheese sandwich.,,223,"4 (6-inch) whole-wheat pita breads, cut in half
4 ounces shredded fat-free mozzarella cheese (about 1 cup)
1 garlic clove, minced
1/2 teaspoon dried basil
3 tablespoons extra-virgin olive oil (optional)
1 tablespoon balsamic vinegar (optional)
Pepper to taste (optional)
2 medium tomatoes, sliced 1/4 inch thick
1 large cucumber, peeled and sliced 1/4 inch thick
1 medium green onion, chopped (optional)","Preheat the oven to 350˚F.
In a small bowl, stir together the mozzarella, garlic, and basil.
Put 2 tablespoons cheese mixture into each pita half.
Put the pitas on a large baking sheet in a single layer.
Bake for 5 minutes, or until the mozzarella has melted.
Meanwhile, in a medium bowl, stir together the tomatoes, cucumbers, and green onions.
In a small bowl, whisk together the oil, balsamic vinegar, and pepper. Drizzle over the tomato mixture. Serve with the baked pitas.",Servings 4 | Total Time 10 min,https://recipes.heart.org/en/recipes/baked-cheese-pita-with-tomatoes-and-cucumbers,AHA
Couscous-Stuffed Acorn Squash,"Main Dishes, Side Dishes","Fall in love with this ultra-filling, winter-centric vegetarian recipe that stuffs spinach, couscous, and walnuts into acorn squash in this recipe from the Simple Cooking with Heart program.",,381,"1/2 cup boiling water
1/2 cup uncooked whole-wheat couscous
4 small acorn squash (1 to 1 1/4 pounds each)
2 tablespoons canola or corn oil, divided use
1 cup chopped celery (about 2 medium ribs)
1 medium onion, finely diced
1/4 teaspoon salt
1/4 teaspoon pepper (freshly ground preferred)
1 teaspoon dried rubbed sage
1 1/2 cups frozen chopped spinach, thawed
1/4 cup chopped unsalted walnuts
1 tablespoon pure maple syrup
1/4 cup low-fat blue cheese crumbles","Preheat the oven to 400˚F.
Put the couscous in a small bowl. Pour the boiling water over the couscous. Let stand, covered, for 10 minutes.
Meanwhile, cut about 1 inch off the top of each squash, reserving the tops. Using a spoon, scoop out the seeds and strings, discarding them. Cut off the bottoms of the squash so they will sit upright. Put the bottoms on a baking sheet lined with aluminum foil.
In a large nonstick pan, heat 1 tablespoon oil over medium-high heat, swirling to coat the bottom. Cook the celery, onion, salt, pepper, and sage for 6 to 8 minutes, or until the vegetables are soft, stirring occasionally. Stir in the spinach. Cook for 1 to 2 minutes, or until the heated through. Remove from heat. Stir in the couscous, remaining 1 tablespoon oil, walnuts, and maple syrup.
Spoon about 1 cup of the couscous mixture into the cavity of each squash. Top each with its lid. Bake for 60 to 75 minutes, or until the squash is tender when pierced with the tip of a sharp knife. Remove from the oven. Carefully remove each lid. Top with the blue cheese crumbles.","Servings 4 | Total Time 1 hr 30 min | Quick Tips: Cooking Tip: When ready to serve, microwave any couscous stuffing that didn't fit in the squashes in a microwaveable bowl on 100% power (high) for 1 minute, or until heated through. Serve the stuffing as a side dish or spread it in the center of the plates and place the squashes on top for an attractive presentation.",https://recipes.heart.org/en/recipes/couscous-stuffed-acorn-squash,AHA
Black Bean Soup,"Main Dishes, One-Dish Meals, Soups","You will love this Simple Cooking with Heart Mexican recipe because it's simple to make, it's heart healthy and budget friendly.",,245,"Cooking spray
1 medium onion, diced
1 medium fresh jalapeño, seeds and ribs discarded, chopped
1 tablespoon minced garlic
2 teaspoons ground cumin
2 (15.5-ounce) can no-salt-added black beans, undrained
1 (14.5-ounce) can no-salt-added diced tomatoes, undrained
1 cup fat-free low-sodium chicken broth
1/4 cup fresh chopped cilantro (optional)","Lightly spray a large pot with cooking spray.
Cook the onion over medium-high heat for 5 minutes, or until very soft, stirring frequently. Stir in the jalapeño, garlic, and cumin. Cook for 1 minute.
Stir in the beans with liquid. Lightly mash them using a potato masher or fork. Stir in the tomatoes with liquid and broth. Reduce the heat to medium. Simmer, covered, for 15 minutes.
Serve the soup topped with the cilantro.","Servings 4 | Total Time 25 min | Quick Tips: Tip: To save money, buy the store brand of canned beans with the least amount of sodium. Look for ""no-salt-added"" and ""reduced-sodium"" options. An unopened can of beans can last up to two years in a pantry, so stock up when they go on sale. Keep it Healthy: Be sure to shop for no-salt-added or reduced-sodium canned beans (for all types) since there's a big difference in the varieties. For example, a half-cup serving of regular canned beans contains between 350 and 565 milligrams of sodium. By comparison, the same quantity in the reduced-sodium version has about 220 milligrams, and the no-salt-added version has even less, only 15 milligrams.",https://recipes.heart.org/en/recipes/black-bean-soup,AHA
Broiled Glazed Peaches Stuffed with Blueberry Compote and Cream Cheese,"Desserts, Snacks","Fruit-heavy desserts are an excellent way to satisfy your sweet tooth while also staying healthy. Better yet, this is an American, summer-friendly recipe; broiling is a quick cooking method that will barely heat your home. Combining low- or no-calorie sweetener and cornstarch creates a confectioners’ sugar that is used to make a glaze.",,126,"1 pint blueberries, divided use
1/2 cup low-calorie sugar substitute, divided use
2 tablespoons fat-free cream cheese
5 teaspoons fresh lemon juice, divided use
Cooking spray
4 firm but ripe peaches (about 1 pound), halved and pitted
1 tablespoon cornstarch
1 tablespoon finely chopped nuts, such as unsalted pistachios, walnuts, or almonds","Preheat the broiler on high.
In a small nonstick pan, cook 1/2 pint blueberries over medium-high heat for 4 to 5 minutes, or until the blueberries begin to burst, stirring occasionally. Reduce the heat to medium. Stir in the remaining 1/2 pint blueberries, ¼ cup sugar substitute, the cream cheese, and 2 teaspoons lemon juice. Cook for 2 to 3 minutes, or until the cream cheese is melted, stirring constantly. Remove the pan from the heat. Set aside.
Meanwhile, lightly spray a large baking dish with cooking spray. Using a teaspoon or a melon baller, remove 1 teaspoon of peach flesh from the middle of each peach to widen the cavity. Place each peach half cut-side-up in the baking dish.
Make the glaze: In a small bowl, stir together the remaining ¼ cup sugar substitute and 1 tablespoon cornstarch. Whisk in the remaining 3 teaspoons lemon juice, 1 teaspoon at a time, until the mixture is the consistency of a glaze. Spread the glaze on the top of each peach half.
Broil the peaches about 3 to 4 inches from the heat for 5 minutes, or until the peaches are almost tender.
Remove the baking dish from the broiler. Fill each peach cavity with the blueberry mixture. Broil for 5 minutes.
Remove the baking dish from the broiler. Sprinkle the nuts over the peaches. Using a spatula, transfer 2 peach halves to each plate. Serve immediately.",Servings 4 | Total Time 25 min | Quick Tips: Cooking Tip: To easily remove the pit from clingstone peaches: Gently twist the peach halves after cutting the peach to help loosen the pit from one peach half. Carefully use a knife to cut the pit from the other half. Keep it Healthy: Make an extra batch of the blueberry compote to stir into oatmeal or spread over whole-wheat English muffins.,https://recipes.heart.org/en/recipes/broiled-glazed-peaches-stuffed-with-blueberry-compote-and-cream-cheese,AHA
Banana Bread Smoothie,"Desserts, Beverages, Breakfast",Banana bread in smoothie form gives a touch of sweetness—due to a drop of maple syrup and the bananas—as a perfect end to a meal.,,203,"2 medium bananas, peeled and sliced
1 1/2 cups ice cubes
3/4 cup fat-free plain Greek yogurt
1/4 cup fat-free milk
2 tablespoons rolled oats
2 teaspoons pure maple syrup
1 teaspoon vanilla extract
1/4 teaspoon ground cinnamon and (optional) pinch of ground cinnamon (for garnish), divided use
1 tablespoon finely chopped unsalted pecans or walnuts (optional)","In a food processor or blender, process the bananas, ice cubes, yogurt, milk, oats, maple syrup, vanilla, and 1/4 teaspoon cinnamon until smooth.
Pour into 2 glasses. Garnish with the chopped pecans and the remaining pinch of cinnamon. Serve immediately.","Servings 2 | Total Time 5 min | Quick Tips: Keep it Healthy: Greek yogurt typically contains only half the sodium of regular yogurt. Keep it Healthy: For a smoothie with more fiber, increase the amount of oats to 1/2 cup.",https://recipes.heart.org/en/recipes/banana-bread-smoothie,AHA
Brussels Sprouts and Red Bell Pepper Strips,Side Dishes,"Brussels sprouts with red bell pepper strips are a tasty and healthy side dish. Learn how to steam your brussels sprouts with this simple recipe. For information on women and heart disease, visit Go Red for Women.",,51,"10 ounces fresh or frozen Brussels sprouts, thawed if frozen
1/2 large red bell pepper, cut into thin strips
1 tablespoon light tub margarine
1/2 teaspoon Worcestershire sauce (lowest sodium available)
1/2 teaspoon grated lemon peel
1 tablespoon fresh lemon juice
1/8 teaspoon salt
4 to 6 drops red hot-pepper sauce (or to taste)","Steam the brussels sprouts and bell pepper for 6 to 8 minutes, or until tender. Transfer to a medium bowl. Stir in the remaining ingredients.",Servings 4 | Total Time 20 min | Quick Tips: Tip: Serving size 1/2 cup,https://recipes.heart.org/en/recipes/brussels-sprouts-and-red-bell-pepper-strips,AHA
Crunchy Cucumber-Dill Salad,"Salads, Side Dishes, Snacks",Add this vegetable salad bursting with flavor to your next meal.,,37,"1 tablespoon fresh lemon juice
2 teaspoons extra virgin olive oil
1/4 teaspoon pepper
2 cucumbers
1/2 small red onion
1 tablespoon chopped fresh dill (or 1 teaspoon dried)","In a small bowl, whisk together lemon juice oil and pepper.
Peel cucumbers, and slice in half lengthwise. Thinly slice halves into half-moon shaped pieces and place in a medium bowl. Thinly slice onion and add to bowl. Sprinkle dill on top of cucumber mixture. Add lemon juice mixture and toss well to coat. Cover and chill 1-2 hours and serve.",Servings 4 | Total Time 5 min | Quick Tips: Tip: 2 tablespoons per serving,https://recipes.heart.org/en/recipes/crunchy-cucumber-dill-salad,AHA
Blackberry Cobbler,Desserts,"This American dessert recipe is great for summertime family reunions with seasonal, nutrient-dense blackberries.",,199,"Cooking spray
4 cups blackberries
3/4 cup sugar substitute, divided use
1/4 cup water
Juice from 1 medium lime
2 teaspoons ground ginger
1 1/3 cups all-purpose flour
2 1/2 teaspoons baking powder
1/16 teaspoon salt
1 1/4 cups fat-free milk
1/4 cup canola or corn oil
1/4 cup fat-free plain Greek yogurt
1 teaspoon vanilla extract","Preheat the oven to 350°F. Lightly spray a 13 x 9 x 2-inch baking pan with cooking spray.
In a medium bowl, gently stir together the berries, 1/4 cup sugar substitute, the water, lime juice, and ginger. Let the berry mixture stand for at least 15 minutes so the juices can accumulate.
In a small bowl, stir together the flour, baking powder, salt, and the remaining 1/2 cup sugar substitute.
In a large bowl, whisk together the milk, oil, yogurt, and vanilla.
Add the flour mixture to the milk mixture, stirring just until no flour is visible. Don’t overmix.
Pour the batter into the baking pan. Using a spatula, spread the batter in the pan. (The batter doesn’t have to touch the edge of the pan; it will spread while baking.) Top with the berry mixture.
Bake for 50 minutes, or until a wooden toothpick inserted in the center comes out clean.","Servings 8 | Total Time 1 hr 20 min | Quick Tips: Cooking Tip: This sweet-tart fruit is nutrient dense. Look for plump berries with a dark, rich color.",https://recipes.heart.org/en/recipes/blackberry-cobbler,AHA
Couscous-Stuffed Portobello Mushroom Caps with Mozzarella,"Main Dishes, One-Dish Meals","With the plump, meatiness that portabella mushrooms provide, you won’t miss the meat in this vegetarian dish.",,261,"8 portobello mushrooms (with caps that are about 5 inches in diameter)
3/4 cup uncooked couscous
1 1/2 cups chopped plum (Roma) tomatoes (about 3)
3/4 cup chopped green onions
2 tablespoons chopped black olives, drained
1 1/2 tablespoons canola or corn oil
1 tablespoon balsamic vinegar
1/4 teaspoon pepper (freshly ground preferred)
1 1/4 cups boiling water
3 ounces shredded fat-free mozzarella cheese","Preheat the oven to 400 ˚ F. Line a large baking sheet with aluminum foil.
Remove and discard the stems from each mushroom. Using a spoon, scrape the black gills from the underside of each mushroom cap. Transfer the caps to the baking sheet with the cavities up.
Bake for 20 minutes, or until the mushrooms are soft.
Put the couscous in a medium bowl. Put the tomatoes, green onions, and olives on the couscous.
In a small bowl, whisk together the oil, vinegar, and pepper. Pour over the couscous and vegetables.
Pour the water over all, stirring to combine. Cover the bowl tightly. Let stand to steam for 10 to 15 minutes, or until the couscous is fully cooked. Fluff with a fork.
When the mushroom caps are baked, use a paper towel to blot up any extra moisture on the mushrooms. Spoon the couscous mixture into the caps, filling each one. Sprinkle the mozzarella over the couscous mixture.
Return the baking sheet to the oven. Bake for 10 minutes, or until the mozzarella melts. Serve immediately.","Servings 4 | Total Time 50 min | Quick Tips: Cooking Tip: When shopping for the mushrooms to use in this recipe, choose mushrooms with caps deep enough to hold the stuffing. Instead of discarding the mushroom stems, you can always freeze them to use later when making chicken or vegetable broth.",https://recipes.heart.org/en/recipes/couscous-stuffed-portobello-mushroom-caps-with-mozzarella,AHA
Baked Apples and Pears with Almonds,"Desserts, Snacks",This delicious dessert uses honey and the natural flavors of seasonal apples and pears to satisfy any sweet craving without the guilt.,,153,"4 small Granny Smith or Golden Delicious apples and/or pears (can also substitute any variety of apple as available or on sale)
1/4 cup unsalted almonds, chopped
2 tablespoons dried, unsweetened cranberries or raisins
1/2 teaspoon ground cinnamon
2 teaspoons honey","Preheat the oven to 400°F. Fill a small baking dish with 1/4 inch of water. Set aside.
Cut ½ inch off the top of the apples. Reserve the tops.
Using a spoon or paring knife, core out the apples, leaving the bottoms intact.
In a small bowl, combine the almonds, cranberries, and cinnamon, stirring gently.
Drizzle the honey over the almond mixture, stirring until the almonds and cranberries are coated.
Spoon the almond mixture into the apple cavities. Replace the tops. Place the apples in the baking dish. Bake, covered loosely with aluminum foil, for 30 minutes. Remove the foil. Bake for 15 minutes, or until the apples are tender and lightly golden.",Servings 4 | Total Time 55 min,https://recipes.heart.org/en/recipes/baked-apples-and-pears-with-almonds,AHA
Butternut Squash Pasta - Delicious Decisions,"Main Dishes, Salads, One-Dish Meals, Side Dishes","The flavor of sage marries perfectly with any type of winter squash. In this hearty dish, the green sugar snap peas provide a striking visual contrast to the bright orange butternut squash.",,298,"8 ounces dried, whole-grain spaghetti
3 cups cubed butternut squash (cut into 14 [1-inch] cubes)
1 cup can fat-free, low-sodium vegetable broth
1/2 cup chopped onion
2 garlic cloves, minced
1/4 teaspoon salt
1/4 teaspoon pepper
2 cups trimmed, halved sugar snap peas
2 tablespoons chopped fresh sage
1/4 cup shredded or grated Parmesan cheese","Prepare the pasta using the package directions, omitting the salt. Drain well in a colander. Set aside.
In a large skillet, stir together the squash, broth, onion, garlic, salt, and pepper. Bring to a boil over medium-high heat. Reduce the heat and simmer for 5 minutes.
Stir in the peas. Return to a simmer and simmer for 7 to 10 minutes, or until the squash is tender and most of the liquid has evaporated.
Stir in the sage. Serve the squash mixture over the pasta. Sprinkle with the Parmesan.","Servings 4 | Total Time 35 min | Quick Tips: Tip: When choosing a butternut squash for this recipe, look for one that has a longer neck. The neck is easier to peel and chop since it doesn’t have any seeds. Cooking Tip: Some winter squash, such as butternut, are difficult to cut when raw. To make the job easy, pierce the squash several times with a fork and place the squash on a microwaveable plate. Microwave on 100 percent power (high) for 1 to 2 minutes. Let the squash stand for 5 minutes before cutting. Using a large, sturdy knife, cut off the stem end, then cut lengthwise from the stem end through the root end. Using a spoon, scoop out and discard the seeds and strings.",https://recipes.heart.org/en/recipes/butternut-squash-pasta---delicious-decisions,AHA
Buffalo White Bean Hummus with Oven-Baked Sweet Potato Chips,"Appetizers, Snacks",A mandoline—or a spiralizer in a pinch—is needed to get the sweet potato slices ultra-thin to turn into chips. These crisp slivers of sweet potato are dunked into a white bean hummus spiked with Buffalo hot sauce.,,180,"Cooking spray
2 medium sweet potatoes, thinly sliced
2 tablespoons canola or corn oil, divided use
1/4 teaspoon pepper
1 (15.5-ounce) can no-salt-added cannellini beans, drained and rinsed
2 tablespoons water
2 tablespoons red hot-pepper sauce, divided use","Preheat the oven to 400°F. Line two large baking sheets with aluminum foil. Lightly spray with cooking spray.
In a large bowl, stir together the potatoes, 1 tablespoon oil and the pepper.
Arrange the potatoes in a single layer on the baking sheets.
Bake for 20 minutes, or until just beginning to brown. Turn off the oven. Let the chips stand in the oven for 10 minutes to continue to crisp. Transfer the chips to a bowl. Let cool slightly.
Meanwhile, in a food processor or blender, process the beans, water, 1 tablespoon hot sauce, and remaining 1 tablespoon oil for 30 seconds to 1 minute, or until the mixture is smooth. Transfer to a medium bowl.
Stir in the remaining 1 tablespoon hot sauce.
Serve with the sweet potato chips.","Servings 6 | Total Time 1 hr | Quick Tips: Cooking Tip: Using a mandoline is the easiest way to thinly slice the sweet potatoes. Or, you can use the slicer attachment on a food processor. Keep it Healthy: Using sweet potatoes to make homemade chips instead of buying store-bought tortilla or potato chips is a smart way to save on sodium. Tip: Don't have cannellini beans on hand? No worries. You can substitute no-salt-added great northern beans, navy beans, or butter beans.",https://recipes.heart.org/en/recipes/buffalo-white-bean-hummus-with-oven-baked-sweet-potato-chips,AHA
Chocolate Nut Cookie in a Mug,Desserts,Craving chocolate? Satisfy your sweet tooth in no time at all with this one-minute no-sugar-added treat.,,134,"1 tablespoon trans fat free tub margarine
10 drops chocolate-flavored liquid stevia sweetener
1 tablespoon unsweetened cocoa powder
1 tablespoon all-purpose flour
1 tablespoon egg white
1 tablespoon chopped walnuts OR
1 tablespoon chopped pecans","Put the margarine in a small microwaveable mug, ramekin, or custard cup. Microwave on 100 percent power (high) for 10 seconds, or just until the margarine is melted. Stir in the liquid stevia sweetener and the cocoa powder. Gradually stir in the flour until well blended. Stir in the egg white and nuts until well blended.
Microwave on 100 percent power (high) for 45 seconds, or until a wooden toothpick inserted in the center comes out clean.
Let cool for 5 minutes.",Servings 1 | Total Time 7 min,https://recipes.heart.org/en/recipes/chocolate-nut-cookie-in-a-mug,AHA
Black Bean Burgers with Mustard Potato Salad,"Main Dishes, Side Dishes","Who says cookouts can’t be healthy? Replace your burgers with this American, Simple Cooking with Heart meat-free option that will delight even a hardcore carnivore.",,374,"1 (15.5-ounce) can no-salt-added black beans, drained and rinsed
1 (8.8-ounce) pouch brown rice, cooked
1 (15-ounce) can sweet potatoes or yams in light syrup
1 large egg white
1/2 teaspoon ground cumin
1/4 teaspoon salt
1/4 teaspoon ground black pepper
1/2 cup whole-wheat or plain panko (Japanese-style bread crumbs)
2 tablespoons canola or corn oil, divided use
1 1/2 pounds potatoes, such as new or red potatoes, cut into bite-size pieces
2 tablespoons canola or corn oil
1 1/2 tablespoons Dijon mustard (lowest sodium available)
1 tablespoon white vinegar
1/8 teaspoon salt
2 medium green onions, finely chopped
1 1/2 cups chopped fresh parsley","In medium bowl, stir together 1/2 cup beans and 1 cup rice. Set aside.
In a food processor or blender, process the remaining beans and remaining rice, sweet potatoes, egg white, cumin, salt, and pepper for 30 seconds to 1 minute.
Transfer the bean mixture to the bowl with the reserved beans and rice. Stir in the panko until well combined. Form into 6 patties.
In a medium nonstick skillet, heat 1 tablespoon oil over medium-high heat, swirling to coat the bottom. Cook half of the patties for 4 minutes on both sides, or until slightly browned. Repeat with the remaining 1 tablespoon oil and patties.
Fill a medium heavy-duty pot three-fourths full with water. Add the potatoes.
Bring to a boil over high heat. Cook for 8 to 10 minutes, or until the potatoes are fork-tender. Drain in a colander. Run under cold water to cool. Drain well.
In a large bowl, whisk together the oil, mustard, vinegar, pepper, and salt. Gently stir in the potatoes, green onions, and parsley, tossing to coat. Serve with the burgers.","Servings 6 | Total Time 25 min | Quick Tips: Cooking Tip: Before working with a wet food mixture that needs to be formed into patties or a loaf, such as burgers or a meatloaf, run your hands under cold water to prevent the mixture from sticking to your hands. Keep it Healthy: Feeling creative? Experiment substituting different whole grains, such as couscous or quinoa, for the brown rice in these burgers. Also, try using other legumes, such as kidney beans or cannellini beans, to replace the black beans in this recipe. Tip: Waxy potatoes, such as new potatoes or red potatoes, hold their shape best among the potato varieties, making them ideal for cold dishes like potato salad.",https://recipes.heart.org/en/recipes/black-bean-burgers-with-mustard-potato-salad,AHA
Banana Split Berry Yogurt Parfaits,Desserts,This Simple Cooking with Heart simple but indulgent-tasting banana split recipe might become your new favorite dessert.,,157,"12 ounces fat-free plain yogurt
1 (8-ounce) can pineapple tidbits, canned in own juice, drained
1 cup sliced fresh strawberries, hulled, or 1 cup frozen unsweetened sliced strawberries, thawed OR
1 cup fresh mixed berries or 1 cup frozen unsweetened mixed berries, thawed
1 large banana, sliced (about 1 cup)
1/4 cup chopped walnuts, pecans, or almonds
1 tablespoon unsweetened cocoa powder
1 tablespoon confectioners' sugar
2 teaspoons hot water","To assemble, layer as follows in four small bowls or glasses: 1/3 cup yogurt, 1/4 cup pineapple tidbits, 1/4 cup sliced strawberries, and 1/4 cup sliced bananas. Sprinkle with 1 tablespoon walnuts.
In a small cup, stir together the cocoa powder, confectioners’ sugar, and hot water until smooth. Drizzle 1 teaspoon over each parfait.",Servings 4 | Total Time 15 min,https://recipes.heart.org/en/recipes/banana-split-berry-yogurt-parfaits,AHA
Chickpea Salad with Tomatoes and Cucumber,"Salads, Side Dishes",This American Simple Cooking with Heart recipe is a terrific vegetable side dish that goes well with just about any main dish you are serving. Or this can be your main dish for meatless meal or when you want a light meal.,,168,"1 (15.5-ounce) can no-salt-added or lower-sodium garbanzo beans (chickpeas), drained and rinsed
1 cup chopped fresh tomatoes (any type)
1 cucumber, chopped
2 ribs of celery, chopped
1/4 small red or yellow onion, sliced
1/2 cup chopped fresh cilantro
1 tablespoon extra virgin olive oil or canola
1/2 tablespoon balsamic vinegar or lemon juice
1/2 teaspoon ground cumin
1/4 teaspoon sweet paprika","Add all the ingredients into a large bowl.
Stir to combine and serve.","Servings 4 | Total Time 15 min | Quick Tips: Cooking Tip: Cilantro stems and celery leaves have a ton of flavor! So go ahead and chop them up for the salad. Tip: Cherry or grape tomatoes are usually more expensive than other tomatoes. However, sometimes they go on sale, so always check.",https://recipes.heart.org/en/recipes/chickpea-salad-with-tomatoes-and-cucumber,AHA
Bulgur and Green Peas,Side Dishes,This whole-grain and legume Mediterranean-style side dish gets its bright flavor from mint and citrus.,,154,"1/2 cup uncooked bulgur, uncooked barley, or uncooked amaranth
1 tablespoon canola, corn, or olive oil
1 cup finely chopped onion
1/2 cup frozen green peas, thawed OR
1/2 cup no-salt-added canned green peas
1 tablespoon plus 2 teaspoons dried mint, dried basil, or dried parsley
2 teaspoons grated lemon peel
1/8 teaspoon salt","Prepare the bulgur using the package directions, omitting the salt.
Meanwhile, in a medium skillet, heat the oil over medium heat. Cook the onion for 6 minutes, stirring occasionally.
Stir in the peas and bulgur. Cook for 1 minute, or until the mixture is heated, stirring occasionally. Remove from the heat.
Gently stir in the mint, lemon zest, and salt to combine.",Servings 4 | Total Time 35 min,https://recipes.heart.org/en/recipes/bulgur-and-green-peas,AHA
Black Beans and Rice,Side Dishes,"Rice and beans, two of the most affordable and versatile pantry items, are the two main ingredients in this entrée. This dish is not only delicious but also can be easily on the table in less than 30 minutes.",,363,"2 cups uncooked instant brown rice
¼ cup fresh lime juice (about 2 medium limes)
2 teaspoon plus 2 tablespoons olive oil (extra-virgin preferred), divided use
1/2 teaspoon salt
1 medium onion, finely chopped
2 garlic cloves, minced OR
1 teaspoon jarred minced garlic
2 teaspoons ground cumin
1 teaspoon chili powder
1 (15-ounce) can no-salt-added black beans, drained and rinsed
2 tablespoons finely chopped fresh cilantro (optional)
2 tablespoon finely chopped fresh oregano (optional)","Prepare the rice using the package directions, omitting the salt and margarine.
Meanwhile, in a small bowl, whisk together the lime juice, 2 teaspoons oil and salt. Set aside.
Heat the remaining 2 tablespoons oil in a large skillet over medium-high heat, swirling to coat the bottom. Cook the onion for 3 minutes, or until soft, stirring frequently. Stir in the garlic. Cook for 1 minute, stirring frequently. Stir in the cumin and chili powder. Cook for 1 minute, stirring frequently. Stir in the beans. Cook until warmed through. Remove from the heat. Transfer to a large serving bowl.
Stir in the cooked rice, lime juice mixture, cilantro and oregano.",Servings 4 | Total Time 45 min,https://recipes.heart.org/en/recipes/black-beans-and-rice,AHA
Banana Bread,"Desserts, Snacks, Breakfast","A classic quick bread gets a healthy makeover with less saturated fat and no added sugar. Serve with fat-free plain Greek yogurt, sliced bananas, and mixed berries for a wholesome breakfast or snack.",,88,"Cooking spray
2 cups all-purpose flour
3 tablespoons stevia sweetener OR
18 stevia sweetener packets
2 teaspoons baking powder
1/2 teaspoon baking soda
1/2 teaspoon ground cinnamon
4 medium semi ripe bananas (mashed with a fork)
1 large egg
1/2 cup 100 Percent orange juice
1/3 cup extra light olive oil
1 cup chopped walnuts (optional)","Preheat the oven to 350°F.
Lightly spray two 9 x 5 x 3-inch loaf pans with cooking spray.
In a large bowl, stir together the flour, stevia sweetener, baking powder, baking soda, and cinnamon until well blended.
In a medium bowl, stir together the bananas, egg, juice, and oil until well blended.
Pour into the flour mixture, stirring together just until moistened but no flour is visible. Stir in the walnuts. Pour the batter into the pans, about halfway full, smoothing the tops.
Bake for 40 minutes, or until a wooden toothpick inserted in the center comes out clean. Transfer the pans to a cooling rack. Let cool completely.",Servings 24 | Total Time 50 min,https://recipes.heart.org/en/recipes/banana-bread,AHA
Baked Sweet Potatoes and Apples,"Side Dishes, Breakfast","These warm seasonal apples make a great side dish for breakfast, lunch or dinner. For information on women and heart disease, visit Go Red for Women.",,101,"Cooking spray
1/4 cup sugar
1/2 teaspoon ground cinnamon
3 medium sweet potatoes, peeled, cut crosswise into 14 inch slices
2 medium sweet apples (such as Rome Beauty or Gala), peeled, each sliced into 10 wedges
3 tablespoon light tub margarine","Preheat the oven to 350°F. Lightly spray a 1 1/2-quart glass casserole dish with cooking spray.
In a small bowl, stir together the sugar and cinnamon.
In the casserole dish, layer in order half each of the sweet potatoes, apples, and cinnamon-sugar. Dot with about half the margarine. Repeat.
Bake, covered, for 1 hour to 1 hour 15 minutes, or until the sweet potatoes and apples are soft.",Servings 8 | Total Time 1 hr 15 min | Quick Tips: Tip: Serving size 1/2 cup,https://recipes.heart.org/en/recipes/baked-sweet-potatoes-and-apples,AHA
Broccoli and Cheese Egg White Scramble on Whole-Wheat English Muffin,"Main Dishes, One-Dish Meals, Breakfast","This egg white scramble is a great way to get vitamin-packed broccoli onto your breakfast table. If you’re pressed for time in the morning, buy a package of broccoli florets in the produce section instead of starting with a whole head of broccoli.",,139,"Cooking spray
1 1/2 cups finely chopped fresh or frozen broccoli florets, thawed if frozen
1/4 cup water
8 extra-large egg whites or 1 1/4 cups egg white substitute
1/2 cup fat-free milk
1/4 teaspoon pepper (freshly ground preferred)
1/4 cup shredded fat-free Cheddar cheese
2 whole-wheat English muffins (lowest sodium available)","Lightly spray a large skillet with cooking spray. Heat over medium-high heat. Cook the broccoli and water for 4 to 5 minutes, or until the broccoli is tender. Remover from the heat. Transfer the broccoli to a dish. Using paper towels, wipe the skillet clean.
In a large bowl, whisk together the egg whites, milk, and pepper until combined.
Meanwhile, lightly spray the skillet with cooking spray. Heat over medium-high heat. Pour in the egg white mixture. Cook for 2 to 3 minutes, or until almost firm, stirring constantly with a spatula. Stir in the broccoli and Cheddar. Remove from the heat.
Just before serving, split and toast each English muffin. Transfer to plates. Spoon the egg mixture onto the muffins.","Servings 4 | Total Time 25 min | Quick Tips: Cooking Tip: The secret to perfectly cooked scrambled eggs is removing them from the heat just before they're fully cooked. The heat they've retained will continue to cook them for another minute. Keep it Healthy: Red bell peppers, green beans, and zucchini also work well in this recipe. Just chop the vegetables finely so they'll cook for the same amount of time. Tip: Substitute corn tortillas for English muffins to turn this dish into breakfast tacos. Also add 1 chopped tomato and 1 chopped fresh jalapeño if desired.",https://recipes.heart.org/en/recipes/broccoli-and-cheese-egg-white-scramble-on-whole-wheat-english-muffin,AHA
Baked Mozzarella Cheese Bites with Easy Marinara Sauce,Main Dishes,"Be prepared to be amazed with the crunch factor from these American, Simple Cooking with Heart melty oven-baked bites; you won't miss the deep-fried version a bit.",,104,"Cooking spray
2 1/2 tablespoons cornstarch
1 1/2 cups whole-wheat or plain panko (Japanese-style bread crumbs)
2 large egg whites
2 tablespoons water
1/4 teaspoon pepper
6 low-fat mozzarella string cheese sticks (about 1 ounce each), each cut into 4 pieces
1 1/2 cups can no-salt-added crushed tomatoes
2 1/2 teaspoons dried Italian seasoning, crumbled","Preheat the oven to 425°F. Line a large baking sheet with aluminum foil. Lightly spray the foil with cooking spray.
Put the cornstarch in a gallon-size resealable plastic bag. Put the panko in a second gallon-size resealable plastic bag. In a shallow dish, whisk together the egg whites, water, and pepper.
Add eight cheese pieces to the bag with the cornstarch, shaking to coat well. Dip the cheese pieces in the egg mixture, coating well. Transfer the cheese to the bag with the panko, shaking the bag until each cheese piece is well coated. Transfer to the baking sheet. Working in two batches, repeat with the remaining cheese.
Bake for 5 minutes, or until the cheese is melted.
Serve with the marinara sauce for dipping.
In a medium saucepan, over medium-high heat, cook the tomatoes, Italian seasoning, and pepper for 5 minutes, or until heated through, stirring frequently.
Simmer, covered, until ready to serve with the cheese bites.","Servings 6 | Total Time 15 min | Quick Tips: Cooking Tip: For best results on keeping a bread coating on a moist food, such as the panko on the string cheese in this recipe, first dip it in cornstarch. The cornstarch acts as a ""glue"" to help the coating stick better to the food. Keep it Healthy: Remember this easy-to-make marinara sauce, which is a simple combination of crushed tomatoes and spices, for your next pasta dinner. It most likely will have more flavor and less sodium and added sugar than a jarred marinara sauce.",https://recipes.heart.org/en/recipes/baked-mozzarella-cheese-bites-with-easy-marinara-sauce,AHA
Black-Eyed Pea Salad,"Salads, One-Dish Meals, Side Dishes","This Simple Cooking with Heart, Southern-American salad has a little bit of everything: the protein power of black-eyed peas, the crunch of cucumbers, and the sweetness of bell peppers, all in a cumin-spiked dressing.",,170,"1/4 cup canola or corn oil
1/4 cup red wine vinegar
3/4 teaspoon ground cumin
1/4 teaspoon garlic powder
1/4 teaspoon salt
1/8 teaspoon pepper
1 medium cucumber, chopped
1 medium zucchini, grated
1 medium bell pepper (any color), chopped
2 medium tomatoes, chopped
1/3 cup finely chopped red onion
1 (15.5-ounce) can no-salt-added or low-sodium black-eyed peas, drained and rinsed
1 (15.5-ounce) can no-salt-added or low-sodium whole-kernel corn, drained and rinsed","In a large bowl, whisk together the oil, vinegar, cumin, garlic powder, salt, and pepper.
Stir in the cucumber, zucchini, bell pepper, tomatoes, onion, black-eyed peas, and corn.","Servings 8 | Total Time 10 min | Quick Tips: Cooking Tip: Draining and rinsing canned goods, including vegetables, beans, and legumes, helps remove any excess sodium. Keep it Healthy: Legumes, such as black-eyed peas and beans (black, kidney, and cannellini, for example), add protein and fiber to a meal. Try adding them to soups, salads, and stews. Tip: Want to make this side salad into a meal? Stir in 2 (8.8-ounce) packages of cooked brown rice. This whole grain will bump up the protein.",https://recipes.heart.org/en/recipes/black-eyed-pea-salad,AHA
Broiled Asparagus Spears with Lemon,Side Dishes,"Savor the tangy flavor of asparagus in Spring with lemon flavor. For information on women and heart disease, visit Go Red for Women.",,51,"2 medium lemons, thinly sliced (about 8 slices each)
1 pound medium asparagus spears (about 24)
Cooking spray
2 teaspoon olive oil (extra virgin preferred)
1/4 teaspoon salt
1/8 teaspoon pepper","Preheat the broiler.
Line a broiler pan with aluminum foil. Arrange the lemon slices close together in a single layer in the pan. Arrange the asparagus spears in a single layer on the lemon slices. Lightly spray the asparagus with cooking spray.
Broil about 4 inches from the heat for 6 minutes, or until just tender-crisp.
Transfer the asparagus to a serving plate. Drizzle the oil over the asparagus. Sprinkle with the salt and pepper. Drizzle with any accumulated juices from the broiler pan. Place the lemon slices on or around the asparagus.",Servings 4 | Total Time 20 min | Quick Tips: Tip: Serving size 6 asparagus spears,https://recipes.heart.org/en/recipes/broiled-asparagus-spears-with-lemon,AHA
Blueberry Muffins,"Appetizers, Desserts, Snacks","These no-added-sugar muffins make for an easy snack on the go. Soccer practice? Walk in the park? Whatever has you on the move, simply wrap a piece of waxed paper around a muffin and take it with you.",,212,"Cooking spray
2 3/4 cups all-purpose flour
2 teaspoons baking powder
1 teaspoon baking soda
1/4 teaspoon ground nutmeg
1/8 teaspoon salt
1 teaspoon stevia sweetener OR
2 stevia sweetener packets
1/2 cup corn oil OR
1/2 cup canola oil
1 teaspoon vanilla extract
1 large egg
1 cup fat-free plain yogurt
1 cup blueberries (fresh, or, frozen)","Preheat the oven to 350°F. Lightly spray a 12-cup muffin pan with cooking spray.
In a large bowl, sift the flour, baking powder, baking soda, nutmeg, and salt.
In a separate large bowl, whisk together the stevia sweetener, oil, vanilla, egg, and yogurt. Add the dry ingredients. Stir together until the mixture is just moistened but no flour is visible. Gently fold in the blueberries, reserving 24 to 36 blueberries to garnish the tops.
Spoon the batter into the muffin cups. Using the reserved blueberries, sprinkle 2 or 3 berries on top of each muffin.
Bake for 25 to 30 minutes, or until a wooden toothpick inserted into the center comes out clean.
Transfer the pan to a cooling rack. Let cool completely.",Servings 12 | Total Time 45 min,https://recipes.heart.org/en/recipes/blueberry-muffins,AHA
Blueberry Mango Smoothie,"Beverages, Desserts, One-Dish Meals, Snacks, Breakfast",Houston chef Amanda DeJesus combined her culinary training with her heart disease experience to inspire heart patients to eat a heart-healthy diet without giving up the foods they love.,,188,"3/4 cup fat-free plain Greek yogurt
3/4 cup fat-free milk
3/4 cup frozen unsweetened blueberries
3/4 cup frozen mango chunks
1 tablespoon honey
splash vanilla extract","Add all ingredients to a blender. Process until the mixture is completely smooth. If the smoothie is too thick, add additional milk. Pour and serve immediately.",Servings 2 | Total Time 5 min,https://recipes.heart.org/en/recipes/blueberry-mango-smoothie,AHA
Broccoli Salad with Water Chestnuts and Dried Cranberries,"Salads, Side Dishes","The acid in the red wine vinegar breaks down the broccoli, softening it so there’s no need to cook it. in this no-cook, American side dish from Simple Cooking with Heart.",,182,"7 cups chopped broccoli florets (about 2 heads of broccoli)
1 cup grated broccoli stems (about 2 heads of broccoli)
2 (5-ounce) can sliced water chestnuts, drained
1/3 cup unsweetened cranberries, dried
3 tablespoons canola or corn oil
3 tablespoons red wine vinegar
1/2 teaspoon garlic powder
1/4 teaspoon salt
1/4 teaspoon pepper (freshly ground preferred)","Put the broccoli florets, broccoli stems, water chestnuts, and cranberries in a large resealable plastic bag.
In a small bowl, whisk together the oil, vinegar, garlic powder, salt, and pepper. Pour into the plastic bag. Seal the bag tightly. Gently toss to combine. Refrigerate for at least an hour and up to 24 hours.","Servings 4 | Total Time 15 min | Quick Tips: Cooking Tip: If you don't have much time to marinate the broccoli, be sure to cut the florets into small bite-size pieces to help them soften more quickly. Keep it Healthy: When you're only using the broccoli florets in a recipe or serving as a side dish, keep the stems for a later use. You can grate and toss them into a salad or soup later in the week. Tip: Don’t have red wine vinegar? Substitute lemon juice.",https://recipes.heart.org/en/recipes/broccoli-salad-with-water-chestnuts-and-dried-cranberries,AHA
Baked Flautas with Mango Salsa,"One-Dish Meals, Main Dishes","This Simple Cooking with Heart recipe is a simple and vegetarian version of a popular Mexican recipe that will become a quick favorite made with yellow rice, beans, seasonings and corn tortillas.",,124,"1 cup cooked yellow saffron rice, cooked according to package omitting added salt
1/2 cup canned black beans, drained and rinsed
1/2 cup chopped green onions
1/2 cup coarsely chopped baby spinach
1 teaspoon chili powder
1 teaspoon ground cumin
1/2 cup can no-salt-added tomato sauce
6 (6-inch) corn tortillas
1 cup chopped mango (fresh, frozen or canned)
1 cup chopped pineapple (fresh, frozen) OR
1 cup canned, crushed pineapple, drained
1/2 cup chopped cucumber (about half a cucumber)
2 teaspoons chopped jalapeño peppers
1 tablespoon lime juice","Preheat the oven to 425°F. Cover a baking pan with foil and coat with nonstick cooking spray.
In a large bowl, combine the cooked rice, black beans, green onion, spinach, chili powder, cumin, and tomato sauce, mixing well.
Spoon 1/3 cup mixture on each tortilla and roll up tightly. Place seam side down on the prepared pan. Lightly spray the tops of each flauta with nonstick cooking spray. Bake 15 minute or until crispy and light brown.
In medium bowl, combine all ingredients. Refrigerate.","Servings 6 | Total Time 35 min | Quick Tips: Cooking Tip: Try adding golden raisins or a small amount of capers or chopped olives for more flavor. Keep it Healthy: Yellow rice can have more sodium, so no additional salt is needed in this recipe.",https://recipes.heart.org/en/recipes/baked-flautas-with-mango-salsa,AHA
"Black-Eyed Pea, Corn, and Rice Salad","Salads, One-Dish Meals, Side Dishes","This Southwestern Confetti salad recipe is quick, hearty, and takes advantage of a well-stocked pantry.",,231,"2 (15-ounce) can no-salt-added black-eyed peas, drained and rinsed
1 (15.25-ounce) can no-salt-added whole-kernel corn
1 (8.8-ounce) pouch brown rice, cooked, or 1 cup instant brown rice, cooked without salt and margarine
2 ribs of celery, chopped
1 medium bell pepper, chopped
1/4 cup chopped fresh parsley OR
1 tablespoon dried parsley, crumbled
2 tablespoons fresh lemon juice OR
2 tablespoons vinegar (any type)
1 tablespoon extra-virgin olive, canola, or corn oil
1 tablespoon water
1/8 teaspoon pepper","In a large bowl, toss together the black-eyed peas, corn, rice, celery, and bell pepper.
In a small bowl, whisk together the parsley, lemon juice, oil, water, and pepper.
Pour the dressing over the salad, tossing to coat.","Servings 6 | Total Time 10 min | Quick Tips: Cooking Tip: Using your fingers, break up any clumps of rice before putting it into the bowl so it gets well coated with the dressing.",https://recipes.heart.org/en/recipes/blackeyed-pea-corn-and-rice-salad,AHA
Better Breakfast Tostada with Avocado and Eggs,"One-Dish Meals, Main Dishes, Snacks, Breakfast","These tostadas — made with corn tortillas that can be baked a day in advance — are a tasty option for a weekend breakfast or brunch. They come together easily enough, so you can even make them for a satisfying weekday breakfast.",,226,"Cooking spray
4 6-inch corn tortillas
1 tablespoon canola oil OR
1 tablespoon corn oil
1 medium red bell pepper, finely diced OR
1 medium green bell pepper, finely diced
1/2 cup diced red onion
1 medium tomato, diced
2 ounces fat-free cream cheese, cut into pieces
2 large eggs
2 large egg whites
1 medium avocado, halved, pitted, mashed with a fork
1/4 cup chopped fresh cilantro (optional)
2 teaspoons chopped pickled jalapeños, drained","Preheat the oven to 400°F. Line a baking sheet with aluminum foil. Lightly spray the foil with cooking spray.
Arrange the tortillas in a single layer on the baking sheet. Lightly spray the tortillas with cooking spray. Bake for 6 to 7 minutes on each side, or until golden brown.
In a medium nonstick saucepan, heat the oil over medium-high heat, swirling to coat the bottom. Cook the bell pepper and onion for 5 to 7 minutes, or until the bell pepper is tender and the onion is soft, stirring occasionally. Cook the tomato for 2 to 3 minutes, or until it releases its liquid. Stir in the cream cheese. Cook the vegetable mixture for 2 to 3 minutes, or until the cream cheese has melted. Remove from the heat. Transfer the bell pepper mixture to a small bowl.
In a separate small bowl, whisk together the eggs and egg whites with a fork.
Wipe the pan with paper towels. Lightly spray the pan with cooking spray. Cook the egg mixture over medium-high heat, or until the eggs are scrambled, stirring constantly. Remove from the heat.
Spread the avocado over each tortilla. Top with the vegetable mixture and scrambled eggs. Garnish with the cilantro and jalapeños.","Servings 4 | Total Time 35 min | Quick Tips: Cooking Tip: The tortillas can be baked and stored in an airtight container for up to two days. Keep it Healthy: Using a combination of whole eggs and egg whites for scrambled eggs is a good way to lower the saturated fat in the dish without sacrificing flavor. A small amount of fat-free cream cheese adds creaminess. Tip: Triple the amount of vegetables in the recipe. That way, you'll have plenty available to combine with whole-wheat pasta or ground skinless turkey breast for a quick lunch or dinner.",https://recipes.heart.org/en/recipes/better-breakfast-pizza-with-avocado-and-eggs,AHA
Black Bean Salad (or Salsa),"Salads, Appetizers, Side Dishes, Snacks","Serve this Simple Cooking with Heart black bean salad chilled as a great side salad to a meal. Or, warm in the microwave and use as a filling for tacos!",,142,"1 (15.5-ounce) can no-salt-added or can low-sodium black beans, drained
1 (15-ounce) can no-salt-added or low-sodium whole-kernel corn, drained OR
3/4 cup frozen corn, thawed
1 medium bell pepper, diced OR
1 medium tomato, diced
1/2 cup diced red onion
1 teaspoon jarred minced garlic
2 teaspoons chopped cilantro
2 tablespoons cider vinegar
3 tablespoons extra virgin olive oil
Juice of 1 medium lime","In a large salad bowl, toss together all the ingredients. Chill for at least 1 hour before serving.","Servings 6 | Total Time 10 min | Quick Tips: Tip: To avoid tearing up when you dice the red onion for this recipe, refrigerate the onion for 30 minutes before dicing it.",https://recipes.heart.org/en/recipes/black-bean-salad-or-salsa,AHA
Air Fryer French Fries,Side Dishes,"With just a few pantry-friendly ingredients and an air fryer, you can enjoy crispy fries with much less saturated fat and sodium than the fast-food deep-fried varieties.",,134,"1/2 teaspoon garlic powder
1/4 teaspoon pepper (coarsely ground preferred)
1 pound russet potatoes (about 2 large potatoes), cut lengthwise into 1/4-inch slices
1 1/2 tablespoons olive oil (extra virgin preferred)
1/4 teaspoon salt OR
1 tablespoon grated Parmesan cheese","If using a basket-style air fryer, preheat the air fryer to 380°F. If using a toaster style air-fryer, preheat the air fryer to 350°F.
Meanwhile, in a small bowl, stir together the garlic powder and pepper.
Add the potatoes to a large bowl. Drizzle with the oil, tossing to coat.
Sprinkle the garlic powder mixture over the potatoes, tossing to coat.
Arrange the potatoes in the air fryer basket or on the air fryer rack. (Don’t overcrowd; work in batches if needed.) If using a basket-style air fryer, cook for 12 to 14 minutes, or until golden brown, turning once halfway through. If using a toaster-style air fryer, cook for 10 to 12 minutes, or until golden brown, turning once halfway through.
Sprinkle with the salt.
Serve immediately.",Servings 4 | Total Time 24 min | Quick Tips: Cooking Tip: Be sure to cut the potatoes the same size to ensure even cooking.,https://recipes.heart.org/en/recipes/air-fryer-french-fries,AHA
Asparagus Salad with Lemon-Garlic Dressing,Salads,"A tasty accompaniment to any meal, this fresh asparagus salad with a creamy dressing will quickly become one of your favorite recipes. For information on women and heart disease, visit Go Red for Women.",,34,"2 tablespoons fat-free sour cream
1 tablespoon low-fat buttermilk OR
1 tablespoon fat-free milk
1 teaspoon grated lemon peel
1 garlic clove, minced
24 medium asparagus spears, trimmed
Poppy seeds (optional)","In a small bowl, stir together the sour cream, buttermilk, lemon zest, and garlic. Cover and refrigerate until serving time.
In a large saucepan or skillet, pour in enough water to barely cover the asparagus. Bring the water to a boil over high heat. Add the asparagus and cook for 5 minutes, or until crisp-tender. Drain in a colander. Rinse with cold water and drain well. If desired, cut on the diagonal into bite-size pieces. Transfer to a serving bowl.
Add the dressing, tossing gently to coat. Lightly sprinkle with the poppy seeds.","Servings 4 | Total Time 25 min | Quick Tips: Tip: Fresh asparagus has a short shelf life and should be used as soon as possible after purchase. To extend its freshness, fill a vase-like container with about an inch of water. Stand the asparagus in the water and lightly cover it with plastic wrap. Refrigerate it for up to two days.",https://recipes.heart.org/en/recipes/asparagus-salad-with-lemon-garlic-dressing,AHA
Acorn Squash Wedges with Walnuts,"Appetizers, Side Dishes","Achieving an attractive browned finish to slow-cooked food usually isn’t easy, but that isn’t a problem here. The cut sides of acorn squash wedges lie on top of skillet-browned onions and brown as they slow cook; then the onions are incorporated into a brown-sugar-and-walnut sauce to top the squash. “Browning” never looked better!",,150,"1 medium onion, diced (about 1 cup)
1/4 cup water
2 tablespoons chopped walnuts
3/4 teaspoon ground cinnamon
1/4 teaspoon ground nutmeg
1 tablespoon plus 1 teaspoon firmly packed dark brown sugar
1 tablespoon light tub margarine
1 teaspoon vanilla extract
1/8 teaspoon salt
2 teaspoons canola or corn oil
Cooking spray
1 large acorn squash (about 1 1/2 pounds), seeds and strings discarded, cut into 4 wedges
1 teaspoon canola oil OR
1 teaspoon corn oil","Lightly spray the slow cooker with cooking spray. Set aside.
In a large nonstick skillet, heat 1 teaspoon oil over medium-high heat, swirling to coat the bottom. Cook the onion for 3 to 4 minutes, or until beginning to lightly brown, stirring frequently. Transfer to the slow cooker.
Stir in the water, walnuts, cinnamon, and nutmeg.
Arrange each squash wedge with a cut side down on top of the onion mixture, making sure that a cut side of each squash wedge touches the onion mixture. Cook, covered, on low for 4 hours or on high for 2 hours, or until the squash is tender when pierced with a fork.
Place the squash wedges on plates. Stir the remaining ingredients into the onion mixture. Spoon over the squash.",Servings 4 | Total Time 4 hr 10 min,https://recipes.heart.org/en/recipes/acorn-squash-wedges-with-walnuts,AHA
Apple Bread Pudding,Desserts,"Whole-grain bread, apples and cinnamon make a sweet dessert that's healthy, too. Serve it warm and enjoy with a glass of low-fat or fat-free milk!",,131,"Cooking spray
1 large egg
1 large egg white
1 cup fat-free milk
2 tablespoons brown sugar blend
1 teaspoon vanilla extract
1 teaspoon ground cinnamon
1/2 teaspoon ground cloves or allspice
6 slices light, whole-grain bread, cubed
3 medium apples, cored, cut into 12-inch cubes
1/2 cup of any one of the following: raisins, unsweetened dried cranberries, fresh or unsweetened dried blueberries, chopped walnuts, pecans, or almonds (optional)","Preheat the oven to 350 ° F .
Lightly spray a 9-inch square baking dish with cooking spray.
In a large bowl, whisk together the egg, egg white, milk, brown sugar blend, vanilla, cinnamon, and cloves.
Stir in the bread, apples, and raisins, cranberries, blueberries, and/or nuts.
Pour the mixture into the baking dish. Bake for 40 to 45 minutes, or until the bread cubes are golden brown.","Servings 4 | Total Time 55 min | Quick Tips: Tip: Cloves are the dried, unopened buds of a type of evergreen tree. The ground cloves in this recipe add a sweet, slightly peppery flavor. Use cloves sparingly because their potent flavor can be overwhelming.",https://recipes.heart.org/en/recipes/apple-bread-pudding,AHA
"Asian-Inspired Pasta Salad with Asparagus, Snow Peas, and Avocado","Main Dishes, One-Dish Meals, Salads","This Asian fusion pasta salad bathes crunchy vegetables in a sweet, tangy dressing.",,400,"12 ounces whole-grain fusilli or rotini
1 pound asparagus spears, trimmed and cut into 1/2-inch pieces
6 ounces snow peas (about 1-1/2 cups), trimmed and cut into bite-size pieces
3 tablespoons soy sauce (lowest sodium available)
3 tablespoons balsamic vinegar
2 tablespoons toasted sesame oil
2 tablespoons honey
1 cup shredded carrots
1 medium red bell pepper, finely diced
2 medium green onions, sliced
1 1/2 medium avocados, halved, pitted, and diced","Prepare the pasta using the package directions, omitting the salt.
Two minutes before the pasta is cooked, add the asparagus and snow peas to the boiling water. Transfer the cooked pasta mixture to a colander. Run cold water over the pasta and vegetables to stop the cooking process. Drain well.
In a large bowl, whisk together the soy sauce, vinegar, sesame oil, and honey. Stir in the carrots, bell pepper, green onions, and pasta mixture.
Serve immediately or cover and refrigerate for 2 hours to chill. If serving immediately, gently stir in the avocado. If chilling, gently stir in the avocado just before serving.","Servings 6 | Total Time 2 hr 30 min | Quick Tips: Cooking Tip: Swap out your favorite vegetables or try new ones to give this recipe a different twist each time you make it. Keep it Healthy: Not all pasta salads use mayo for dressing. This recipe calls for sesame oil and balsamic vinegar, but you also can use another nontropical oil, such as olive, and a different vinegar, such as red wine. Use the healthy options you have available in your pantry. Tip: To save money, buy a bag of carrots and use a box grater to shred them. To save time, buy packaged pre-shredded carrots.",https://recipes.heart.org/en/recipes/asian-inspired-pasta-salad-with-asparagus-snow-peas-and-avocado,AHA
Avocado-Dark Chocolate Glazed Doughnuts (Donuts),Desserts,"No matter how you spell it, avocado adds richness to these chocolaty donuts or doughnuts (and is a surprise ingredient in the dark chocolate glaze).",,165,"1 1/2 cups oat flour, sifted OR
1 1/2 cups whole-wheat pastry flour, sifted
3 tablespoons unsweetened Dutch-process cocoa powder
1 teaspoon baking powder
1 teaspoon baking soda
1/8 teaspoon coarse salt
1 medium ripe avocado, mashed (about 1/2 cup)
1 large egg
1/2 cup sugar substitute
1 cup fat-free milk, or unsweetened almond or soy milk
2 tablespoons canola oil OR
2 tablespoon corn oil
1 1/2 teaspoons pure vanilla extract
Cooking spray
1/3 cup pure dark cacao, chopped
1/2 medium ripe avocado, mashed (about 1/4 cup)
2 tablespoons fat-free milk, or unsweetened almond or soy milk
2 tablespoons chopped unsalted pistachio nuts OR
2 tablespoon slivered unsalted almonds","Preheat the oven to 350°F.
In a large mixing bowl, stir together the flour, cocoa powder, baking powder, baking soda, and salt.
In a separate large mixing bowl, using an electric mixer, beat together 1/2 cup avocado and the egg until smooth. Add the sugar substitute. Beat until the mixture is smooth and fluffy.
Whisk in 1 cup milk, the oil, and vanilla until incorporated.
Pour the avocado mixture into the flour mixture. Beat on low speed for 1 minute. Increase the speed to medium and beat until the ingredients are well combined. Use a spatula to stir in any of the dry mixture that remains on the sides or bottom of the bowl.
Lightly spray a 12-cavity doughnut pan with cooking spray. Pour the batter into the wells, filling each three-fourths full (about 1/4 cup in each). Don’t cover the center hole.
Bake for 13 to 16 minutes, or until a wooden toothpick inserted in the center comes out clean. Remove from the oven. Let cool slightly.
Place a large wire rack on a large baking sheet. Turn out the doughnuts onto the rack.
In a small bowl, microwave the cacao on 100 percent power (high) for 30 seconds. Remove from the microwave. Stir until fully melted.
Using an electric mixer, beat the remaining 1/4 cup avocado into the cacao until very smooth. Beat in the remaining 2 tablespoons milk.
Spread 1 tablespoon of glaze over the top of each doughnut. Sprinkle with the pistachios.",Servings 12 | Total Time 35 min,https://recipes.heart.org/en/recipes/avocado-dark-chocolate-glazed-doughnuts,AHA
Avocado Green Tea Ice Pops,Desserts,This grown-up ice pop is made creamy from the combination of avocado and yogurt. It tastes indulgent without many calories attached to it.,,107,"1 medium avocado, halved and pitted
1 medium banana, peeled, and coarsely chopped
1 cup fat-free milk
1/2 cup fat-free plain Greek yogurt
1 tablespoon green tea matcha powder
1 tablespoon honey","Put all the ingredients in a food processor or blender. Process until the mixture is smooth.
Carefully pour the mixture into six 4-ounce ice pop molds. Insert wooden ice pop sticks. Freeze until firm, at least 8 hours.
Just before serving, remove from the freezer. Run the exterior of the ice pop molds under warm water to loosen the ice pops and detach them from the molds.","Servings 6 | Total Time 8 hr 5 min | Quick Tips: Cooking Tip: When measuring sticky ingredients, such as honey or peanut butter, lightly spray the spoon or cup with cooking spray. The ingredient will slide right off the spoon or out of the cup. Tip: Avocados are a versatile, healthy fruit to have on hand. When you need one to ripen quickly, put the avocado in a paper bag with a banana. Seal the bag tightly. The banana produces ethylene gas (a plant hormone that encourages ripening). Let the bag stand overnight or up to 24 hours to speed up the ripening process.",https://recipes.heart.org/en/recipes/avocado-green-tea-ice-pops,AHA
Avocado and Coconut Refresher Smoothie,"Beverages, Main Dishes, Snacks, Desserts, Breakfast","With three ingredients in three minutes, you'll be sipping a silky smooth snack or breakfast drink that's full of fruit and fiber.",,241,"2 small avocados, peeled and pitted
3 cups unsweetened almond-coconut milk
3 cups frozen mango cubes","In a food processor or blender, process all the ingredients until smooth.",Servings 4 | Total Time 5 min,https://recipes.heart.org/en/recipes/avocado-and-coconut-refresher-smoothie,AHA
Apple Pear Crisp,Desserts,This dessert is perfect to make during the fall season when the air is crisp. Warm spices with a touch of sweetness blanket two delicious autumnal fruits.,,156,"1/4 cup uncooked rolled oats
1/4 cup all-purpose flour
2 tablespoons trans-fat-free tub margarine, chilled in freezer for 15 minutes
1 tablespoon unsweetened applesauce
1/2 teaspoon ground cinnamon
1 tablespoon stevia sugar blend
1 large pear, such as Anjou or Bartlett, peeled and diced
1 teaspoon cornstarch
1/2 teaspoon stevia sweetener OR
1 stevia sweetener packet
1/8 teaspoon ground ginger
1/8 teaspoon ground cloves
1/8 teaspoon ground cardamom (optional)
1 large apple, such as Granny Smith, Fuji, or Gala, peeled and diced","Preheat the oven to 375°F.
In a medium bowl, stir together the crisp ingredients. Spoon ½ cup of the apple-pear mixture into four 6-ounce ovenproof glass custard cups or porcelain ramekins.
In a small bowl, stir together the topping ingredients until well blended. Sprinkle the topping over the fruit mixture in each custard cup.
Bake for 20 to 25 minutes, or until the fruit mixture is bubbly and the topping is golden brown.",Servings 4 | Total Time 30 min,https://recipes.heart.org/en/recipes/apple-pear-crisp,AHA
Apples with Almond-Apricot Sauce,"Appetizers, Desserts, Snacks","Baked apples are always a treat, but coring whole apples can be a hassle. Just buy larger apples and cut them in half! Then all you have to do is scoop out the easily accessible core, add the sweet toppings, and let your slow cooker take it from there.",,149,"Cooking spray
2 tablespoons water
2 large apples (about 8 ounces each), halved and cored
1/4 cup chopped almonds
2 tablespoons chopped dried apricots
2 tablespoons firmly packed dark brown sugar
1/4 teaspoon ground ginger (or) OR
1/4 teaspoon ground allspice
1/2 teaspoon ground cinnamon
1/2 teaspoon vanilla extract
1 tablespoon plus 1 teaspoon light tub margarine","Lightly spray the slow cooker with cooking spray. Pour in the water. Add the apple halves with the cut side up.
In a small bowl, stir together the remaining ingredients except the margarine. Spoon onto each apple half. Top each with 1 teaspoon margarine. Cook, covered, on low for 2 to 2 1/2 hours or on high for 1 hour to 1 hour 15 minutes, or until just tender. Be careful not to overcook; the apples will continue to cook while cooling.
Carefully transfer the apples to plates, leaving the sauce in the slow cooker. Stir the sauce. Spoon over the apples. Let cool completely, about 30 minutes. The sauce will thicken slightly while cooling.","Servings 4 | Total Time 2 hr | Quick Tips: Cooking Tip: If you let the apples overcook, they will become mushy.",https://recipes.heart.org/en/recipes/apples-with-almond-apricot-sauce,AHA
Almond Snack Mix,Snacks,"This sweet and crunchy snack boasts plenty of fiber and heart-healthy fat. Once it's cooled, package it in single-serving bags so it's ready to tuck into lunchboxes or grab on the way out the door.",,174,"1/3 cup whole, unsalted almonds
2/3 cup whole-grain cereal squares
1/2 cup low-fat granola (without raisins)
1/4 cup dried apricot halves, cut into pieces OR
1/4 cup golden raisins
1/4 cup sweetened, dried cranberries","Preheat the oven to 350°F. Spread the almonds in a single layer on an ungreased baking sheet. Bake for 5 to 10 minutes, or until lightly toasted, stirring once or twice to ensure even baking. Transfer to a plate to cool completely.
Meanwhile, in a large bowl, stir together the remaining ingredients. Stir in the cooled almonds.","Servings 4 | Total Time 10 min | Quick Tips: Cooking Tip: If all the snack mix isn't likely to be eaten on the day you make it, we recommend using the golden raisins. The moisture of the dried apricots may cause the cereal to lose its crispness over time. Be sure the almonds are completely cooled when you add them to the mix; otherwise, they will make it soggy. Tip: Almond Snack Mix can be stored at room temperature in an airtight container for three to four weeks.",https://recipes.heart.org/en/recipes/almond-snack-mix,AHA
Avocado Lemon-Ginger Vichyssoise,"Appetizers, Soups, Side Dishes","Vichyssoise is a French classic: a creamy potato-and-leek soup that's served chilled. Avocado and tofu provide a twist on the classic and give this soup a rich texture. It's perfect for vegetarians, those avoiding dairy, and anyone looking for a refreshing starter for the meal.",,162,"1 1/2 cups water
1 medium to large avocado, pitted, flesh scooped out and transferred to a small bowl
4 ounces soft, light tofu, drained, patted dry
1 tablespoon fresh lemon juice
2 teaspoons grated, peeled ginger
1 1/2 tablespoons chopped, unsalted almonds
1 tablespoon minced chives
Pepper to taste (freshly ground preferred)","In a food processor or blender, process the water, avocado, tofu, lemon juice, and gingerroot until smooth.
Transfer the mixture to a container with a lid. Cover and refrigerate to chill.
To serve, ladle the vichyssoise into serving bowls. Sprinkle each serving with the almonds, chives, and pepper.",Servings 3 | Total Time 5 min,https://recipes.heart.org/en/recipes/avocado-lemon-ginger-vichyssoise,AHA
Avocado Blueberry - Avo-Berry Muffins,"Side Dishes, Snacks, Breakfast",Avocado substitutes for the butter or oil used in most blueberry muffin recipes. You’ll never be the wiser as to the swap in these scrumptious breakfast muffins.,,166,"Cooking spray (optional)
1 medium ripe avocado, halved, pitted, and mashed with a fork
1/2 cup sugar
1/2 cup fat-free milk
2 large eggs
1 teaspoon vanilla extract
2 cups all-purpose flour
2 teaspoons baking powder
1 teaspoon ground ginger
1/16 teaspoon salt
2 cups blueberries","Preheat the oven to 375°F. Lightly spray a standard 12-cup muffin pan with cooking spray or line it with paper baking cups.
In a large bowl, stir together the avocado, sugar, milk, eggs, and vanilla.
In a medium bowl, stir together the flour, baking powder, ginger, and salt.
In two or three batches, stir the flour mixture into the avocado mixture until just moistened but no flour is visible. Don’t overmix. Gently fold in the blueberries. Spoon the batter into the muffin cups.
Bake for 25 to 30 minutes, or until a wooden toothpick inserted in the center comes out clean and the muffins are golden brown, turning the pan once after 15 minutes of baking time.
Transfer the pan to a cooling rack. Let stand for 5 minutes.","Servings 12 | Total Time 40 min | Quick Tips: Cooking Tip: You can substitute raspberries or strawberries for the blueberries. Keep it Healthy: Try using avocado in other baked goods recipes. Substitute one mashed avocado for 1/2 cup of butter or oil. Tip: Store the muffins in an airtight container for up to five days. Tip: Encourage the kids to help in the kitchen with age-appropriate tasks, including measuring and stirring ingredients, spraying or lining the muffin pan, folding the blueberries into the batter, and spooning the batter into the muffin cups.",https://recipes.heart.org/en/recipes/avocado-blueberry-avo-berry-muffins,AHA
Avocado Salsa,"Appetizers, Side Dishes, Snacks","Instead of the usual guacamole, try this rich dip that teams creamy avocado with tender black beans and crunchy chopped veggies.",,108,"16 (6-inch) corn tortillas, each cut into 6 wedges
1/2 teaspoon salt, divided use
1/2 (15 ounce) can no-salt-added black beans, drained and rinsed
1 medium cucumber, peeled, seeded, finely chopped
1 small green bell pepper, finely chopped
1 medium rib of celery, finely chopped
2-3 tablespoons snipped, fresh cilantro
2 tablespoons fresh lime juice
1/8 teaspoon crushed red pepper flakes
2 medium avocados, diced","Preheat the oven to 350°F.
On a large baking sheet, arrange half the tortilla wedges in a single layer. Bake for 10 minutes, or until lightly golden. Sprinkle with 1/8 teaspoon salt. Transfer to a serving bowl. Repeat with the remaining tortilla wedges and the remaining 1/8 teaspoon salt.
Meanwhile, in a medium serving bowl, stir together the beans, cucumber, bell pepper, celery, cilantro, lime juice, the final 1/4 teaspoon salt and red pepper flakes. Using a rubber scraper, gently fold in the avocados. Serve with the tortilla wedges.",Servings 16 | Total Time 15 min | Quick Tips: Tip: Serving size 1/4 cup salsa and 6 chips,https://recipes.heart.org/en/recipes/avocado-salsa,AHA
Air Fryer Fried Okra,Side Dishes,"Throughout the South, okra is a favorite ingredient in many dishes, including the ever-popular gumbo, but it’s also delicious as the main attraction in this side dish.",,112,"1/4 cup all-purpose flour
1 teaspoon salt-free Cajun or Creole seasoning blend
1/4 teaspoon salt
1/4 teaspoon pepper
1 large egg, lightly beaten
1/2 cup yellow cornmeal
8 ounces fresh okra, stems discarded, cut into ½-inch slices OR
2 cups frozen cut okra, thawed and patted dry
Cooking spray","Preheat the air fryer to 400˚F.
In a medium shallow dish, stir together the flour, seasoning blend, salt and pepper.
Put the egg and cornmeal in separate medium shallow dishes. Set the three dishes and a large plate or platter in a row, assembly-line fashion. Using a slotted spoon, transfer about one-fourth of the okra to the flour dish, stirring to coat. Transfer to the egg dish, letting any excess drip off. Then transfer to the cornmeal dish, stirring to coat and gently shaking off any excess. Arrange the okra in a single layer in the air fryer basket. (Don’t overcrowd; work in batches as needed.) Lightly spray with cooking spray.
Cook for 10 to 14 minutes, or until golden brown, turning once halfway through and lightly spraying with cooking spray.","Servings 4 | Total Time 35 min | Quick Tips: Tip: Although available fresh year-round in the South, the season for buying fresh okra for the rest of the country is from about May to October. When buying okra, look for firm, brightly colored pods under 4 inches long. Larger pods may be tough and fibrous. Refrigerate in an airtight container for up to 3 days. Tip: If using frozen cut okra, look for a 16-ounce bag, which will easily allow you to use half the bag for the right amount for this recipe. Or you can buy a different size bag and measure out 2 cups. Save the remaining okra for a future use.",https://recipes.heart.org/en/recipes/air-fryer-fried-okra,AHA
African Peanut and Greens Stew,"Main Dishes, One-Dish Meals, Soups","In Africa, peanuts are often called groundnuts because they grow underground with the roots of the plant. Peanuts and peanut butter are popular ingredients in African cooking. Try this savory stew, which includes a healthy helping of greens.",,277,"2 teaspoons olive oil
1 small onion, chopped (about 1/2 cup)
2 garlic cloves, minced
1 medium jalapeño, seeded, ribs discarded and chopped
3 1/2 cups can fat-free, low-sodium vegetable broth
1/4 cup creamy, low-sodium peanut butter
1 teaspoon light brown sugar
1/2 teaspoon ground ginger
1/4 teaspoon salt
1/4 teaspoon black pepper
4 medium red potatoes, cut into 1-inch pieces (about 1 pound)
1 (12-ounce) package frozen puréed winter squash, such as butternut or acorn, thawed, or 1 1/2 cups (12 ounces) canned pumpkin (not pie filling)
1 (10-ounce) package frozen chopped collard greens, thawed and squeezed dry (about 3 1/2 cups)","In a large saucepan, heat the oil over medium heat, swirling to coat the bottom. Cook the onion and garlic for 2 to 3 minutes, or until tender-crisp, stirring occasionally. Stir in the jalapeño. Cook for 1 to 2 minutes, or until the jalapeño is tender-crisp, stirring occasionally.
Stir in the broth, peanut butter, brown sugar, ginger, salt, and pepper. Increase the heat to medium high and bring to a simmer, whisking occasionally to distribute the peanut butter.
Stir in the potatoes. Reduce the heat and simmer, covered, for 15 minutes, or until the potatoes are tender when pierced with the tip of a sharp knife or a fork. Stir in the squash and collard greens. Increase the heat and simmer, uncovered, for 5 minutes, or until heated through.","Servings 4 | Total Time 35 min | Quick Tips: Cooking Tip: For speedy cooked squash, cut a winter squash in half and scoop out the seeds with a spoon. Place the squash with the cut side down on a microwaveable plate. Microwave on 100 percent power (high) for 7 minutes per pound, or until tender.",https://recipes.heart.org/en/recipes/african-peanut-and-greens-stew,AHA
Asian Marinated Vegetable Salad with Citrus Vinaigrette,"Salads, Side Dishes","With a rainbow of colorful vegetables and a tangy Asian dressing, this salad makes it easy to eat your veggies.",,137,"3 medium carrots, cut into slices
1 cup sugar snap peas, trimmed
1 cup bite-sized pieces broccoli
3/4 small red onion, cut into thin strips
1 medium tomato, diced OR
1 (14.5-ounce) can no-salt-added diced tomatoes, drained
1 medium orange, peeled and diced
2 tablespoons unsalted sliced almonds or chopped walnuts
1 teaspoon sesame seeds (optional)
1/2 cup 100% orange juice OR
Juice of 2 medium oranges
1/4 cup fresh cilantro OR
2 tablespoons dried cilantro, crumbled
Juice of 1 medium lime
1 tablespoon olive oil (extra virgin preferred)
1 teaspoon grated peeled ginger OR
1/2 teaspoon ground ginger
1 teaspoon honey
1 teaspoon Dijon mustard (lowest sodium available)
1/2 teaspoon soy sauce (lowest sodium available)","In a large glass bowl, stir together the salad ingredients.
In a food processor or blender, process the vinaigrette ingredients. (If using the dried cilantro and ground ginger, you can whisk together the ingredients in a bowl.) Pour the dressing over the salad, tossing to coat. Cover and refrigerate for at least 4 hours.","Servings 4 | Total Time 20 min | Quick Tips: Keep it Healthy: Soy sauce, a condiment commonly used in Asian dishes, is very high in sodium, coming in at about 1,000 milligrams per tablespoon. Even low-sodium soy sauce has about half that amount, it's still considered a high-sodium product, so use it sparingly and avoid adding it at the table.",https://recipes.heart.org/en/recipes/asian-marinated-vegetable-salad-with-citrus-vinaigrette,AHA
Asian Coleslaw,"Salads, Side Dishes","Toss crisp cabbage, cucumber, and bell pepper with a light soy dressing to put an Asian spin on traditional coleslaw. Then enjoy a savory vegetable serving with your meal.",,42,"12 ounce packaged, shredded cabbage (green, purple, or a combination), about 4 1/4 cups
1 medium cucumber, thinly sliced
1 medium bell pepper (red or green), thinly sliced
5 medium green onions, sliced
12 fresh basil leaves, thinly sliced OR
1 teaspoon dried basil, crumbled
1/4 teaspoon crushed red pepper flakes
1 medium garlic clove, minced OR
1/2 teaspoon bottled, minced garlic
3 tablespoons white or cider vinegar
1/2 teaspoon granulated sugar
1 tablespoon soy sauce (lowest sodium available), PLUS
1 teaspoon soy sauce (lowest sodium available)
1 teaspoon olive oil (extra virgin preferred), or sesame oil","In a large salad bowl, toss together the cabbage, cucumber, bell pepper, green onions and basil.
In a small bowl, whisk together the dressing ingredients.
Pour the dressing over the slaw, tossing to coat.",Servings 6,https://recipes.heart.org/en/recipes/asian-coleslaw,AHA
Algerian Whole-Wheat Couscous with Red Beans and Vegetables,"Main Dishes, One-Dish Meals, Side Dishes","An Algerian vegetarian version of the signature North African dish, hearty beans and tender vegetables are served on a bed of fluffy, whole-grain couscous.",,330,"2 teaspoons olive oil
1 medium onion, chopped
1 small red bell pepper, cut lengthwise into 2 x 1/4-inch strips
1 small zucchini, halved lengthwise, diagonally sliced
1 medium carrot, diagonally sliced
1 medium rib of celery, cut crosswise into thin slices
1 teaspoon minced garlic
2 (15.5-ounce) cans no-salt-added dark red kidney beans, insed and drained
1 cup can fat-free, low-sodium vegetable broth
1 small sweet potato, peeled, cut into 1-inch cubes
1 large tomato, diced
1 teaspoon dried thyme, crumbled
1 teaspoon ground cumin
1/2 teaspoon paprika
1/2 teaspoon salt
1/8 teaspoon cayenne
1 cup uncooked whole wheat couscous
1/4 cup parsley (fresh), minced","In a large skillet, heat the oil over medium heat, swirling to coat the bottom. Cook the onion, bell pepper, zucchini, carrot, and celery for 5 minutes, stirring frequently. Stir in the garlic. Cook for 30 seconds, stirring occasionally.
Stir in the beans, broth, sweet potato, tomato, thyme, cumin, paprika, salt, and cayenne. Increase the heat to high and bring to a boil. Reduce the heat to low. Cook, covered, for 12 to 15 minutes, or until the vegetables are tender.
Meanwhile, prepare the couscous using the package directions, omitting the salt. Fluff with a fork. Transfer the couscous to serving plates. Spoon the vegetable mixture over the couscous. Sprinkle each serving with the parsley.",Servings 6 | Total Time 30 min,https://recipes.heart.org/en/recipes/algerian-couscous-red-beans-veg,AHA
Apple Walnut Cake,Desserts,Find the flavors and spices of autumn in this no-sugar-added dessert. Baking with applesauce helps keep the saturated fat out and the moistness in.,,200,"Cooking spray
2 cups unsweetened applesauce
1/2 cup trans fat free tub margarine
1 tablespoon plus 1 teaspoon stevia sweetener OR
8 stevia sweetener packets
3 large eggs
3 cups whole-grain flour, sifted, plus extra for dusting
1 teaspoon ground cinnamon
1/2 teaspoon salt
1/2 teaspoon baking soda
1/8 teaspoon ground nutmeg
1 tablespoon vanilla extract
3 cups chopped apples, such as Granny Smith or Honeycrisp
1 cup chopped walnuts
1/2 cup unsweetened, dried cranberries
2 tablespoons unsweetened shredded coconut flakes (optional)","Preheat the oven to 350°F. Lightly spray a 10-inch Bundt pan with cooking spray and lightly dust it with flour.
Using an electric mixer on medium speed, in a medium bowl, beat the applesauce, margarine, and stevia sweetener until well blended. Add the eggs, beating after each one.
In a large bowl, sift the flour, cinnamon, salt, baking soda, and nutmeg. Add the flour mixture to the applesauce mixture, beating on medium speed just until no flour is visible. Stir in the vanilla. Gently fold in the apples, walnuts, and cranberries. Pour the batter into the pan.
Bake for 1 hour, or until a wooden toothpick inserted into the center comes out clean. Transfer to a cooling rack. Let the cake cool completely. To help remove the cake from the pan, slide a butter knife along the outer edges of the pan and along the inner tube to release the cake.
Invert the cake. Transfer to a serving plate. Sprinkle with the coconut flakes.",Servings 16 | Total Time 1 hr 20 min,https://recipes.heart.org/en/recipes/apple-walnut-cake,AHA
Red Wine Vinaigrette Quick Salad Dressing,,"Try this Simple Cooking with Heart, simple red wine vinaigrette on your next next salad. Remember, A serving of salad dressing is no more than 2 tablespoons!",,163,"1/3 cup red wine vinegar
1/2 cup extra virgin olive oil
1 tablespoon Dijon mustard
1/8 teaspoon salt
1/8 to 1/4 teaspoon black pepper",Add all ingredients to small bowl and whisk well. Refrigerate leftovers.,"Servings 6 | Total Time 5 min | Quick Tips: Cooking Tip: Fat-free, low sodium chicken or vegetable broth can replace some oil in any dressing recipe, so can water. Tip: This simple dressings is a great base-dressings. Build on it and add different flavors are you discover them such as minced garlic, or freshly grated ginger root.",https://recipes.heart.org/en/recipes/red-wine-vinaigrette-quick-salad-dressing,AHA
Mustard - Homemade Condiments,,"Making your own mustard at home gives you more control over how much salt, sugar and other ingredients you and your family are adding to the foods you eat. And often they taste better, too! Many condiments are easy to make, and once you’ve tried them you may not want to go back to store-bought ones!",,15,"4 tablespoons ground mustard
1 teaspoon sugar
1/4 teaspoon salt
1/4 cup white vinegar
1/8 teaspoon paprika
1/8 teaspoon turmeric
1 teaspoon cornstarch","In a jar that holds 1 cup mix the ground mustard, sugar, salt, vinegar, paprika and turmeric. Cover and microwave for 30-40 seconds.
Add cornstarch to heated mustard mixture ½ teaspoon at a time and mix well.
Store in the refrigerator in a covered jar.",Servings 36 | Total Time 5 min,https://recipes.heart.org/en/recipes/mustard---homemade-condiments,AHA
Spicy Peanut Quick Salad Dressing,,"Try this Simple Cooking with Heart, Asian nutty twist on salad dressing for your next salad. Remember, A serving of salad dressing is no more than 2 tablespoons!",,103,"2 tablespoons reduced-fat peanut butter (try to find ""no sugar added"")
2 tablespoons water
2 fresh garlic cloves, minced OR
1 teaspoon jarred minced garlic
1 tablespoon low-sodium soy sauce
1/2 teaspoon cumin OR
1/2 teaspoon coriander
1/4 teaspoon cayenne pepper OR
1/4 teaspoon chili powder",Add all ingredients to small bowl and whisk well. Refrigerate leftovers.,"Servings 2 | Total Time 5 min | Quick Tips: Cooking Tip: Fat-free, low sodium chicken or vegetable broth can replace some oil in any dressing recipe, so can water. Tip: This simple dressings is a great base-dressings. Build on it and add different flavors are you discover them such as minced garlic, or freshly grated ginger root.",https://recipes.heart.org/en/recipes/spicy-peanut-quick-salad-dressing,AHA
Ketchup - Homemade Condiments,,"Making your own ketchup at home gives you more control over how much salt, sugar and other ingredients you and your family are adding to the foods you eat. And often they taste better, too! Many condiments are easy to make, and once you’ve tried them you may not want to go back to store-bought ones!",,12,"2 teaspoons olive oil
1/2 small onion, finely chopped (about 1/4 cup)
1 clove garlic, finely chopped
1/2 cup can no-salt-added tomato paste
1/2 cup water
1/4 cup pineapple or orange juice
3 tablespoons white vinegar
1 1/2 teaspoons brown sugar
1/2 teaspoon ground black pepper","In a small sauce pan on low heat add olive oil, onions and garlic and cook until soft.
Meanwhile, in a bowl mix tomato paste, water, juice, vinegar, brown sugar and black pepper.
Add tomato paste mixture to the pan with the onions and garlic and simmer for 3-5 minutes.
Put in a blender and puree for 1 minute.
Store in a clean covered glass jar in the refrigerator and use within 2 weeks.","Servings 24 | Total Time 10 min | Quick Tips: Cooking Tip: You can spice up your ketchup by adding ¼ to ½ teaspoon of hot sauce (look for lowest sodium available). Cooking Tip: If you don’t have a blender you can use 1-½ Tablespoons of onion powder (not onion salt) instead of fresh onions. Tip: You can also use 1 cup of tomato sauce or 1 cup of stewed canned tomatoes, instead of the tomato paste. If it is thicker than you would like, add water, 1 Tablespoon at a time, until you get the desired thickness. Note that the color may not be as bright red as store-bought ketchup. Tip: If you make a large batch you can freeze in ½ or 1 cup portions (depending on your rate of use) in plastic containers and defrost as needed.",https://recipes.heart.org/en/recipes/ketchup---homemade-condiments,AHA
Mayonnaise - Homemade Condiments,,"Making your own mayonnaise at home gives you more control over how much salt, sugar and other ingredients you and your family are adding to the foods you eat. And often they taste better, too! Many condiments are easy to make, and once you’ve tried them you may not want to go back to store-bought ones!",,89,"1 large egg
1 large egg yolk
1 teaspoon Dijon mustard
juice of 1 lemon
1 cup canola or safflower oil OR
3/4 cup canola or safflower oil and 1/4 cup olive oil
1/4 to 1/2 teaspoon ground black pepper","In a blender mix the egg, egg yolk, mustard and lemon juice until smooth.
While the blender is running add the oil in a very thin stream slowly, until it is all combined and mixed with the egg and spices.
Add the black pepper to taste.
Store in a clean covered glass jar in the refrigerator and use within 2 days.",Servings 24 | Total Time 5 min | Quick Tips: Keep it Healthy: You can mix one-half low-fat Greek yogurt and one-half homemade or store-bought mayonnaise to reduce the saturated fat and calories. Tip: Add 1-2 cloves of finely minced garlic to the mayonnaise to make garlic mayonnaise (aioli).,https://recipes.heart.org/en/recipes/mayonnaise---homemade-condiments,AHA
Super Simple Citrus Drizzle Quick Salad Dressing,,"Try this Simple Cooking with Heart, super simple fruity twist on salad dressing for next salad. Remember, A serving of salad dressing is no more than 2 tablespoons!",,16,"1/2 cup extra virgin olive oil
1/4 cup lemon or lime juice",Add all ingredients to small bowl and whisk well. Refrigerate leftovers.,"Servings 4 | Total Time 5 min | Quick Tips: Cooking Tip: Fat-free, low sodium chicken or vegetable broth can replace some oil in any dressing recipe, so can water. Tip: This simple dressings is a great base-dressings. Build on it and add different flavors are you discover them such as minced garlic, or freshly grated ginger root.",https://recipes.heart.org/en/recipes/super-simple-citrus-drizzle-quick-salad-dressing,AHA
Tartar Sauce - Homemade Condiments,,"Making your own tartar sauce at home gives you more control over how much salt, sugar and other ingredients you and your family are adding to the foods you eat. And often they taste better, too! Many condiments are easy to make, and once you’ve tried them you may not want to go back to store-bought ones!",,60,"homemade or store-bought mayonnaise
1 tablespoon finely chopped capers
1 1/2 tablespoons fresh or bottled lemon juice
1 tablespoon finely chopped dill pickle
1 tablespoon finely chopped green onion (white and light green part only) OR
1 tablespoon finely chopped white onion
1/4 teaspoon ground black pepper","In a bowl or jar that holds 1 cup mix all the ingredients together.
Cover and keep refrigerated until used.
If using homemade mayonnaise use within 2 days.",Servings 12 | Total Time 5 min | Quick Tips: Keep it Healthy: You can mix one-half low-fat Greek yogurt and one-half tartar sauce to reduce the saturated fat and calories.,https://recipes.heart.org/en/recipes/tartar-sauce---homemade-condiments,AHA
Simple Persian Salad,"Side Dishes, Snacks, Salads","Serve this tasty salad from the Middle East featuring cucumbers, onions, herbs, feta cheese and citrus fruit!",,88,"2 medium cucumbers, unpeeled, seeded, and diced
4 medium tomatoes, seeded and diced
1 medium red onion, diced
2 tablespoon crumbled fat-free feta cheese
1/4 cup chopped fresh mint or parsley OR
1 tablespoon plus 1 teaspoon dried mint or parsley, crumbled
Juice of 2 medium limes
1 tablespoon extra-virgin olive oil
1/2 teaspoon pepper","In a small bowl, stir together the cucumber, tomatoes, onion, feta, and mint. Refrigerate, covered, for 20 minutes.
In a small bowl, whisk together the lime juice, oil and pepper.
Pour over the cucumber mixture, tossing to coat.",Servings 4 | Total Time 15 min,https://recipes.heart.org/en/recipes/simple-persian-salad,AHA
Tangy Asian Quick Salad Dressing,,"Try this Simple Cooking with Heart, tangy Asian twist on salad dressing for your next salad. Remember, A serving of salad dressing is no more than 2 tablespoons!",,135,"2 teaspoons lemon juice
2 teaspoons honey
2 tablespoons vinegar (white or cider)
4 tablespoons extra virgin olive, vegetable or canola oil
1 teaspoon grated peeled ginger
1 tablespoon low-sodium soy sauce",Add all ingredients to small bowl and whisk well. Refrigerate leftovers.,"Servings 4 | Total Time 5 min | Quick Tips: Tip: Fat-free, low sodium chicken or vegetable broth can replace some oil in any dressing recipe, so can water.",https://recipes.heart.org/en/recipes/tangy-asian-quick-salad-dressing,AHA
Simplest Vinegar & Oil Quick Salad Dressing,,"Simple Cooking with Heart program brings you this vinegar and oil salad dressing that is so easy to make and is the perfect simple topping to any salad. Remember, A serving of salad dressing is no more than 2 tablespoons!",,167,"8 tablespoons vegetable or canola oil
4 tablespoons vinegar",Add all ingredients to small bowl and whisk well. Refrigerate leftovers.,"Servings 6 | Total Time 5 min | Quick Tips: Keep it Healthy: Fat-free, low sodium chicken or vegetable broth can replace some oil in any dressing recipe, so can water. Tip: This simple dressings is a great base-dressings. Build on it and add different flavors are you discover them such as minced garlic, or freshly grated ginger root.",https://recipes.heart.org/en/recipes/simplest-vinegar--oil-quick-salad-dressing,AHA
Creamy Ginger Quick Salad Dressing,Salads,"Try this Simple Cooking with Heart, creamy Asian twist on salad dressing for your next salad. Remember, A serving of salad dressing is no more than 2 tablespoons!",,33,"1/2 cup fat-free plain Greek yogurt
1 teaspoon grated fresh peeled ginger
2 garlic cloves, minced OR
1 teaspoon jarred minced garlic
1 teaspoon reduced-sodium soy sauce
1 tablespoon extra virgin olive oil
1 to 2 teaspoons lemon juice (to add some zip, optional)",Add all ingredients to small bowl and whisk well. Refrigerate leftovers.,"Servings 6 | Total Time 5 min | Quick Tips: Keep it Healthy: Fat-free, low sodium chicken or vegetable broth can replace some oil in any dressing recipe, so can water.",https://recipes.heart.org/en/recipes/creamy-ginger-quick-salad-dressing,AHA
